ISO-10303-21;
HEADER;
FILE_DESCRIPTION(('Open CASCADE Model'),'2;1');
FILE_NAME('Open CASCADE Shape Model','2026-05-30T10:00:26',('Author'),(
    'Open CASCADE'),'Open CASCADE STEP processor 7.8','Open CASCADE 7.8'
  ,'Unknown');
FILE_SCHEMA(('AUTOMOTIVE_DESIGN { 1 0 10303 214 1 1 1 1 }'));
ENDSEC;
DATA;
#1 = APPLICATION_PROTOCOL_DEFINITION('international standard',
  'automotive_design',2000,#2);
#2 = APPLICATION_CONTEXT(
  'core data for automotive mechanical design processes');
#3 = SHAPE_DEFINITION_REPRESENTATION(#4,#10);
#4 = PRODUCT_DEFINITION_SHAPE('','',#5);
#5 = PRODUCT_DEFINITION('design','',#6,#9);
#6 = PRODUCT_DEFINITION_FORMATION('','',#7);
#7 = PRODUCT('Open CASCADE STEP translator 7.8 1',
  'Open CASCADE STEP translator 7.8 1','',(#8));
#8 = PRODUCT_CONTEXT('',#2,'mechanical');
#9 = PRODUCT_DEFINITION_CONTEXT('part definition',#2,'design');
#10 = ADVANCED_BREP_SHAPE_REPRESENTATION('',(#11,#15),#17799);
#11 = AXIS2_PLACEMENT_3D('',#12,#13,#14);
#12 = CARTESIAN_POINT('',(0.,0.,0.));
#13 = DIRECTION('',(0.,0.,1.));
#14 = DIRECTION('',(1.,0.,-0.));
#15 = MANIFOLD_SOLID_BREP('',#16);
#16 = CLOSED_SHELL('',(#17,#137,#213,#5182,#5366,#5548,#5555,#5633,#5711
    ,#5789,#5867,#5945,#6021,#6070,#6119,#6146,#6222,#6271,#6320,#6347,
    #6423,#6472,#6521,#6570,#6619,#6668,#6717,#6766,#6815,#6864,#6913,
    #6940,#7016,#7065,#7114,#7163,#7212,#7261,#7310,#7359,#7408,#7457,
    #7506,#7555,#7604,#7653,#7702,#7751,#7800,#7849,#7898,#7947,#7996,
    #8023,#8099,#8148,#8197,#8246,#8295,#8344,#8393,#8442,#8491,#8540,
    #8589,#8616,#8692,#8741,#8790,#8839,#8888,#8937,#8986,#9035,#9084,
    #9133,#9182,#9231,#9280,#9329,#9378,#9427,#9476,#9525,#9574,#9623,
    #9672,#9699,#9775,#9824,#9873,#9922,#9971,#10020,#10069,#10118,
    #10167,#10216,#10265,#10292,#10368,#10417,#10466,#10515,#10564,
    #10613,#10662,#10711,#10738,#10814,#10863,#10912,#10961,#11010,
    #11059,#11108,#11157,#11206,#11255,#11304,#11331,#11407,#11456,
    #11505,#11554,#11603,#11652,#11701,#11750,#11799,#11848,#11897,
    #11924,#12000,#12049,#12098,#12147,#12196,#12245,#12294,#12343,
    #12392,#12441,#12490,#12517,#12593,#12642,#12691,#12740,#12789,
    #12838,#12887,#12936,#12963,#13039,#13088,#13137,#13186,#13235,
    #13284,#13333,#13382,#13431,#13480,#13529,#13556,#13561,#13566,
    #13571,#13576,#13581,#13640,#13699,#13758,#13817,#13876,#13915,
    #13954,#13993,#14032,#14071,#14078,#14085,#14100,#14125,#14140,
    #14165,#14422,#14434,#14691,#14948,#15205,#15217,#15474,#15504,
    #15534,#15564,#15594,#15624,#15651,#15678,#15705,#15732,#15759,
    #15835,#15884,#15933,#15982,#16031,#16080,#16129,#16156,#16232,
    #16281,#16330,#16379,#16428,#16477,#16526,#16553,#16629,#16678,
    #16727,#16776,#16825,#16874,#16923,#16950,#17026,#17075,#17124,
    #17173,#17222,#17271,#17320,#17347,#17423,#17472,#17521,#17570,
    #17619,#17668,#17717,#17744,#17755,#17766,#17777,#17788));
#17 = ADVANCED_FACE('',(#18),#32,.F.);
#18 = FACE_BOUND('',#19,.F.);
#19 = EDGE_LOOP('',(#20,#55,#83,#111));
#20 = ORIENTED_EDGE('',*,*,#21,.F.);
#21 = EDGE_CURVE('',#22,#24,#26,.T.);
#22 = VERTEX_POINT('',#23);
#23 = CARTESIAN_POINT('',(-80.,-18.,0.));
#24 = VERTEX_POINT('',#25);
#25 = CARTESIAN_POINT('',(-80.,-18.,2.5));
#26 = SURFACE_CURVE('',#27,(#31,#43),.PCURVE_S1.);
#27 = LINE('',#28,#29);
#28 = CARTESIAN_POINT('',(-80.,-18.,0.));
#29 = VECTOR('',#30,1.);
#30 = DIRECTION('',(0.,0.,1.));
#31 = PCURVE('',#32,#37);
#32 = PLANE('',#33);
#33 = AXIS2_PLACEMENT_3D('',#34,#35,#36);
#34 = CARTESIAN_POINT('',(-80.,-18.,0.));
#35 = DIRECTION('',(1.,0.,0.));
#36 = DIRECTION('',(0.,0.,1.));
#37 = DEFINITIONAL_REPRESENTATION('',(#38),#42);
#38 = LINE('',#39,#40);
#39 = CARTESIAN_POINT('',(0.,0.));
#40 = VECTOR('',#41,1.);
#41 = DIRECTION('',(1.,0.));
#42 = ( GEOMETRIC_REPRESENTATION_CONTEXT(2) 
PARAMETRIC_REPRESENTATION_CONTEXT() REPRESENTATION_CONTEXT('2D SPACE',''
  ) );
#43 = PCURVE('',#44,#49);
#44 = PLANE('',#45);
#45 = AXIS2_PLACEMENT_3D('',#46,#47,#48);
#46 = CARTESIAN_POINT('',(-80.,-18.,0.));
#47 = DIRECTION('',(0.,1.,0.));
#48 = DIRECTION('',(0.,0.,1.));
#49 = DEFINITIONAL_REPRESENTATION('',(#50),#54);
#50 = LINE('',#51,#52);
#51 = CARTESIAN_POINT('',(0.,0.));
#52 = VECTOR('',#53,1.);
#53 = DIRECTION('',(1.,0.));
#54 = ( GEOMETRIC_REPRESENTATION_CONTEXT(2) 
PARAMETRIC_REPRESENTATION_CONTEXT() REPRESENTATION_CONTEXT('2D SPACE',''
  ) );
#55 = ORIENTED_EDGE('',*,*,#56,.T.);
#56 = EDGE_CURVE('',#22,#57,#59,.T.);
#57 = VERTEX_POINT('',#58);
#58 = CARTESIAN_POINT('',(-80.,18.,0.));
#59 = SURFACE_CURVE('',#60,(#64,#71),.PCURVE_S1.);
#60 = LINE('',#61,#62);
#61 = CARTESIAN_POINT('',(-80.,-18.,0.));
#62 = VECTOR('',#63,1.);
#63 = DIRECTION('',(0.,1.,0.));
#64 = PCURVE('',#32,#65);
#65 = DEFINITIONAL_REPRESENTATION('',(#66),#70);
#66 = LINE('',#67,#68);
#67 = CARTESIAN_POINT('',(0.,0.));
#68 = VECTOR('',#69,1.);
#69 = DIRECTION('',(0.,-1.));
#70 = ( GEOMETRIC_REPRESENTATION_CONTEXT(2) 
PARAMETRIC_REPRESENTATION_CONTEXT() REPRESENTATION_CONTEXT('2D SPACE',''
  ) );
#71 = PCURVE('',#72,#77);
#72 = PLANE('',#73);
#73 = AXIS2_PLACEMENT_3D('',#74,#75,#76);
#74 = CARTESIAN_POINT('',(-80.,-18.,0.));
#75 = DIRECTION('',(0.,0.,1.));
#76 = DIRECTION('',(1.,0.,0.));
#77 = DEFINITIONAL_REPRESENTATION('',(#78),#82);
#78 = LINE('',#79,#80);
#79 = CARTESIAN_POINT('',(0.,0.));
#80 = VECTOR('',#81,1.);
#81 = DIRECTION('',(0.,1.));
#82 = ( GEOMETRIC_REPRESENTATION_CONTEXT(2) 
PARAMETRIC_REPRESENTATION_CONTEXT() REPRESENTATION_CONTEXT('2D SPACE',''
  ) );
#83 = ORIENTED_EDGE('',*,*,#84,.T.);
#84 = EDGE_CURVE('',#57,#85,#87,.T.);
#85 = VERTEX_POINT('',#86);
#86 = CARTESIAN_POINT('',(-80.,18.,2.5));
#87 = SURFACE_CURVE('',#88,(#92,#99),.PCURVE_S1.);
#88 = LINE('',#89,#90);
#89 = CARTESIAN_POINT('',(-80.,18.,0.));
#90 = VECTOR('',#91,1.);
#91 = DIRECTION('',(0.,0.,1.));
#92 = PCURVE('',#32,#93);
#93 = DEFINITIONAL_REPRESENTATION('',(#94),#98);
#94 = LINE('',#95,#96);
#95 = CARTESIAN_POINT('',(0.,-36.));
#96 = VECTOR('',#97,1.);
#97 = DIRECTION('',(1.,0.));
#98 = ( GEOMETRIC_REPRESENTATION_CONTEXT(2) 
PARAMETRIC_REPRESENTATION_CONTEXT() REPRESENTATION_CONTEXT('2D SPACE',''
  ) );
#99 = PCURVE('',#100,#105);
#100 = PLANE('',#101);
#101 = AXIS2_PLACEMENT_3D('',#102,#103,#104);
#102 = CARTESIAN_POINT('',(-80.,18.,0.));
#103 = DIRECTION('',(0.,1.,0.));
#104 = DIRECTION('',(0.,0.,1.));
#105 = DEFINITIONAL_REPRESENTATION('',(#106),#110);
#106 = LINE('',#107,#108);
#107 = CARTESIAN_POINT('',(0.,0.));
#108 = VECTOR('',#109,1.);
#109 = DIRECTION('',(1.,0.));
#110 = ( GEOMETRIC_REPRESENTATION_CONTEXT(2) 
PARAMETRIC_REPRESENTATION_CONTEXT() REPRESENTATION_CONTEXT('2D SPACE',''
  ) );
#111 = ORIENTED_EDGE('',*,*,#112,.F.);
#112 = EDGE_CURVE('',#24,#85,#113,.T.);
#113 = SURFACE_CURVE('',#114,(#118,#125),.PCURVE_S1.);
#114 = LINE('',#115,#116);
#115 = CARTESIAN_POINT('',(-80.,-18.,2.5));
#116 = VECTOR('',#117,1.);
#117 = DIRECTION('',(0.,1.,0.));
#118 = PCURVE('',#32,#119);
#119 = DEFINITIONAL_REPRESENTATION('',(#120),#124);
#120 = LINE('',#121,#122);
#121 = CARTESIAN_POINT('',(2.5,0.));
#122 = VECTOR('',#123,1.);
#123 = DIRECTION('',(0.,-1.));
#124 = ( GEOMETRIC_REPRESENTATION_CONTEXT(2) 
PARAMETRIC_REPRESENTATION_CONTEXT() REPRESENTATION_CONTEXT('2D SPACE',''
  ) );
#125 = PCURVE('',#126,#131);
#126 = PLANE('',#127);
#127 = AXIS2_PLACEMENT_3D('',#128,#129,#130);
#128 = CARTESIAN_POINT('',(-80.,-18.,2.5));
#129 = DIRECTION('',(0.,0.,1.));
#130 = DIRECTION('',(1.,0.,0.));
#131 = DEFINITIONAL_REPRESENTATION('',(#132),#136);
#132 = LINE('',#133,#134);
#133 = CARTESIAN_POINT('',(0.,0.));
#134 = VECTOR('',#135,1.);
#135 = DIRECTION('',(0.,1.));
#136 = ( GEOMETRIC_REPRESENTATION_CONTEXT(2) 
PARAMETRIC_REPRESENTATION_CONTEXT() REPRESENTATION_CONTEXT('2D SPACE',''
  ) );
#137 = ADVANCED_FACE('',(#138),#44,.F.);
#138 = FACE_BOUND('',#139,.F.);
#139 = EDGE_LOOP('',(#140,#163,#164,#187));
#140 = ORIENTED_EDGE('',*,*,#141,.F.);
#141 = EDGE_CURVE('',#22,#142,#144,.T.);
#142 = VERTEX_POINT('',#143);
#143 = CARTESIAN_POINT('',(80.,-18.,0.));
#144 = SURFACE_CURVE('',#145,(#149,#156),.PCURVE_S1.);
#145 = LINE('',#146,#147);
#146 = CARTESIAN_POINT('',(-80.,-18.,0.));
#147 = VECTOR('',#148,1.);
#148 = DIRECTION('',(1.,0.,0.));
#149 = PCURVE('',#44,#150);
#150 = DEFINITIONAL_REPRESENTATION('',(#151),#155);
#151 = LINE('',#152,#153);
#152 = CARTESIAN_POINT('',(0.,0.));
#153 = VECTOR('',#154,1.);
#154 = DIRECTION('',(0.,1.));
#155 = ( GEOMETRIC_REPRESENTATION_CONTEXT(2) 
PARAMETRIC_REPRESENTATION_CONTEXT() REPRESENTATION_CONTEXT('2D SPACE',''
  ) );
#156 = PCURVE('',#72,#157);
#157 = DEFINITIONAL_REPRESENTATION('',(#158),#162);
#158 = LINE('',#159,#160);
#159 = CARTESIAN_POINT('',(0.,0.));
#160 = VECTOR('',#161,1.);
#161 = DIRECTION('',(1.,0.));
#162 = ( GEOMETRIC_REPRESENTATION_CONTEXT(2) 
PARAMETRIC_REPRESENTATION_CONTEXT() REPRESENTATION_CONTEXT('2D SPACE',''
  ) );
#163 = ORIENTED_EDGE('',*,*,#21,.T.);
#164 = ORIENTED_EDGE('',*,*,#165,.T.);
#165 = EDGE_CURVE('',#24,#166,#168,.T.);
#166 = VERTEX_POINT('',#167);
#167 = CARTESIAN_POINT('',(80.,-18.,2.5));
#168 = SURFACE_CURVE('',#169,(#173,#180),.PCURVE_S1.);
#169 = LINE('',#170,#171);
#170 = CARTESIAN_POINT('',(-80.,-18.,2.5));
#171 = VECTOR('',#172,1.);
#172 = DIRECTION('',(1.,0.,0.));
#173 = PCURVE('',#44,#174);
#174 = DEFINITIONAL_REPRESENTATION('',(#175),#179);
#175 = LINE('',#176,#177);
#176 = CARTESIAN_POINT('',(2.5,0.));
#177 = VECTOR('',#178,1.);
#178 = DIRECTION('',(0.,1.));
#179 = ( GEOMETRIC_REPRESENTATION_CONTEXT(2) 
PARAMETRIC_REPRESENTATION_CONTEXT() REPRESENTATION_CONTEXT('2D SPACE',''
  ) );
#180 = PCURVE('',#126,#181);
#181 = DEFINITIONAL_REPRESENTATION('',(#182),#186);
#182 = LINE('',#183,#184);
#183 = CARTESIAN_POINT('',(0.,0.));
#184 = VECTOR('',#185,1.);
#185 = DIRECTION('',(1.,0.));
#186 = ( GEOMETRIC_REPRESENTATION_CONTEXT(2) 
PARAMETRIC_REPRESENTATION_CONTEXT() REPRESENTATION_CONTEXT('2D SPACE',''
  ) );
#187 = ORIENTED_EDGE('',*,*,#188,.F.);
#188 = EDGE_CURVE('',#142,#166,#189,.T.);
#189 = SURFACE_CURVE('',#190,(#194,#201),.PCURVE_S1.);
#190 = LINE('',#191,#192);
#191 = CARTESIAN_POINT('',(80.,-18.,0.));
#192 = VECTOR('',#193,1.);
#193 = DIRECTION('',(0.,0.,1.));
#194 = PCURVE('',#44,#195);
#195 = DEFINITIONAL_REPRESENTATION('',(#196),#200);
#196 = LINE('',#197,#198);
#197 = CARTESIAN_POINT('',(0.,160.));
#198 = VECTOR('',#199,1.);
#199 = DIRECTION('',(1.,0.));
#200 = ( GEOMETRIC_REPRESENTATION_CONTEXT(2) 
PARAMETRIC_REPRESENTATION_CONTEXT() REPRESENTATION_CONTEXT('2D SPACE',''
  ) );
#201 = PCURVE('',#202,#207);
#202 = PLANE('',#203);
#203 = AXIS2_PLACEMENT_3D('',#204,#205,#206);
#204 = CARTESIAN_POINT('',(80.,-18.,0.));
#205 = DIRECTION('',(1.,0.,0.));
#206 = DIRECTION('',(0.,0.,1.));
#207 = DEFINITIONAL_REPRESENTATION('',(#208),#212);
#208 = LINE('',#209,#210);
#209 = CARTESIAN_POINT('',(0.,0.));
#210 = VECTOR('',#211,1.);
#211 = DIRECTION('',(1.,0.));
#212 = ( GEOMETRIC_REPRESENTATION_CONTEXT(2) 
PARAMETRIC_REPRESENTATION_CONTEXT() REPRESENTATION_CONTEXT('2D SPACE',''
  ) );
#213 = ADVANCED_FACE('',(#214,#642,#756,#870,#1208,#1856,#2194,#2848,
    #3210,#3472,#3834,#4196,#4558,#4820),#126,.T.);
#214 = FACE_BOUND('',#215,.T.);
#215 = EDGE_LOOP('',(#216,#239,#240,#241,#264,#287,#316,#340,#363,#392,
    #416,#439,#468,#492,#515,#544,#568,#591,#620));
#216 = ORIENTED_EDGE('',*,*,#217,.F.);
#217 = EDGE_CURVE('',#85,#218,#220,.T.);
#218 = VERTEX_POINT('',#219);
#219 = CARTESIAN_POINT('',(-69.,18.,2.5));
#220 = SURFACE_CURVE('',#221,(#225,#232),.PCURVE_S1.);
#221 = LINE('',#222,#223);
#222 = CARTESIAN_POINT('',(-80.,18.,2.5));
#223 = VECTOR('',#224,1.);
#224 = DIRECTION('',(1.,0.,0.));
#225 = PCURVE('',#126,#226);
#226 = DEFINITIONAL_REPRESENTATION('',(#227),#231);
#227 = LINE('',#228,#229);
#228 = CARTESIAN_POINT('',(0.,36.));
#229 = VECTOR('',#230,1.);
#230 = DIRECTION('',(1.,0.));
#231 = ( GEOMETRIC_REPRESENTATION_CONTEXT(2) 
PARAMETRIC_REPRESENTATION_CONTEXT() REPRESENTATION_CONTEXT('2D SPACE',''
  ) );
#232 = PCURVE('',#100,#233);
#233 = DEFINITIONAL_REPRESENTATION('',(#234),#238);
#234 = LINE('',#235,#236);
#235 = CARTESIAN_POINT('',(2.5,0.));
#236 = VECTOR('',#237,1.);
#237 = DIRECTION('',(0.,1.));
#238 = ( GEOMETRIC_REPRESENTATION_CONTEXT(2) 
PARAMETRIC_REPRESENTATION_CONTEXT() REPRESENTATION_CONTEXT('2D SPACE',''
  ) );
#239 = ORIENTED_EDGE('',*,*,#112,.F.);
#240 = ORIENTED_EDGE('',*,*,#165,.T.);
#241 = ORIENTED_EDGE('',*,*,#242,.T.);
#242 = EDGE_CURVE('',#166,#243,#245,.T.);
#243 = VERTEX_POINT('',#244);
#244 = CARTESIAN_POINT('',(80.,18.,2.5));
#245 = SURFACE_CURVE('',#246,(#250,#257),.PCURVE_S1.);
#246 = LINE('',#247,#248);
#247 = CARTESIAN_POINT('',(80.,-18.,2.5));
#248 = VECTOR('',#249,1.);
#249 = DIRECTION('',(0.,1.,0.));
#250 = PCURVE('',#126,#251);
#251 = DEFINITIONAL_REPRESENTATION('',(#252),#256);
#252 = LINE('',#253,#254);
#253 = CARTESIAN_POINT('',(160.,0.));
#254 = VECTOR('',#255,1.);
#255 = DIRECTION('',(0.,1.));
#256 = ( GEOMETRIC_REPRESENTATION_CONTEXT(2) 
PARAMETRIC_REPRESENTATION_CONTEXT() REPRESENTATION_CONTEXT('2D SPACE',''
  ) );
#257 = PCURVE('',#202,#258);
#258 = DEFINITIONAL_REPRESENTATION('',(#259),#263);
#259 = LINE('',#260,#261);
#260 = CARTESIAN_POINT('',(2.5,0.));
#261 = VECTOR('',#262,1.);
#262 = DIRECTION('',(0.,-1.));
#263 = ( GEOMETRIC_REPRESENTATION_CONTEXT(2) 
PARAMETRIC_REPRESENTATION_CONTEXT() REPRESENTATION_CONTEXT('2D SPACE',''
  ) );
#264 = ORIENTED_EDGE('',*,*,#265,.F.);
#265 = EDGE_CURVE('',#266,#243,#268,.T.);
#266 = VERTEX_POINT('',#267);
#267 = CARTESIAN_POINT('',(69.,18.,2.5));
#268 = SURFACE_CURVE('',#269,(#273,#280),.PCURVE_S1.);
#269 = LINE('',#270,#271);
#270 = CARTESIAN_POINT('',(-80.,18.,2.5));
#271 = VECTOR('',#272,1.);
#272 = DIRECTION('',(1.,0.,0.));
#273 = PCURVE('',#126,#274);
#274 = DEFINITIONAL_REPRESENTATION('',(#275),#279);
#275 = LINE('',#276,#277);
#276 = CARTESIAN_POINT('',(0.,36.));
#277 = VECTOR('',#278,1.);
#278 = DIRECTION('',(1.,0.));
#279 = ( GEOMETRIC_REPRESENTATION_CONTEXT(2) 
PARAMETRIC_REPRESENTATION_CONTEXT() REPRESENTATION_CONTEXT('2D SPACE',''
  ) );
#280 = PCURVE('',#100,#281);
#281 = DEFINITIONAL_REPRESENTATION('',(#282),#286);
#282 = LINE('',#283,#284);
#283 = CARTESIAN_POINT('',(2.5,0.));
#284 = VECTOR('',#285,1.);
#285 = DIRECTION('',(0.,1.));
#286 = ( GEOMETRIC_REPRESENTATION_CONTEXT(2) 
PARAMETRIC_REPRESENTATION_CONTEXT() REPRESENTATION_CONTEXT('2D SPACE',''
  ) );
#287 = ORIENTED_EDGE('',*,*,#288,.F.);
#288 = EDGE_CURVE('',#289,#266,#291,.T.);
#289 = VERTEX_POINT('',#290);
#290 = CARTESIAN_POINT('',(77.,6.,2.5));
#291 = SURFACE_CURVE('',#292,(#297,#304),.PCURVE_S1.);
#292 = CIRCLE('',#293,13.);
#293 = AXIS2_PLACEMENT_3D('',#294,#295,#296);
#294 = CARTESIAN_POINT('',(64.,6.,2.5));
#295 = DIRECTION('',(0.,0.,1.));
#296 = DIRECTION('',(1.,0.,0.));
#297 = PCURVE('',#126,#298);
#298 = DEFINITIONAL_REPRESENTATION('',(#299),#303);
#299 = CIRCLE('',#300,13.);
#300 = AXIS2_PLACEMENT_2D('',#301,#302);
#301 = CARTESIAN_POINT('',(144.,24.));
#302 = DIRECTION('',(1.,0.));
#303 = ( GEOMETRIC_REPRESENTATION_CONTEXT(2) 
PARAMETRIC_REPRESENTATION_CONTEXT() REPRESENTATION_CONTEXT('2D SPACE',''
  ) );
#304 = PCURVE('',#305,#310);
#305 = CYLINDRICAL_SURFACE('',#306,13.);
#306 = AXIS2_PLACEMENT_3D('',#307,#308,#309);
#307 = CARTESIAN_POINT('',(64.,6.,2.5));
#308 = DIRECTION('',(-0.,-0.,-1.));
#309 = DIRECTION('',(1.,0.,0.));
#310 = DEFINITIONAL_REPRESENTATION('',(#311),#315);
#311 = LINE('',#312,#313);
#312 = CARTESIAN_POINT('',(-0.,0.));
#313 = VECTOR('',#314,1.);
#314 = DIRECTION('',(-1.,0.));
#315 = ( GEOMETRIC_REPRESENTATION_CONTEXT(2) 
PARAMETRIC_REPRESENTATION_CONTEXT() REPRESENTATION_CONTEXT('2D SPACE',''
  ) );
#316 = ORIENTED_EDGE('',*,*,#317,.F.);
#317 = EDGE_CURVE('',#318,#289,#320,.T.);
#318 = VERTEX_POINT('',#319);
#319 = CARTESIAN_POINT('',(59.,18.,2.5));
#320 = SURFACE_CURVE('',#321,(#326,#333),.PCURVE_S1.);
#321 = CIRCLE('',#322,13.);
#322 = AXIS2_PLACEMENT_3D('',#323,#324,#325);
#323 = CARTESIAN_POINT('',(64.,6.,2.5));
#324 = DIRECTION('',(0.,0.,1.));
#325 = DIRECTION('',(1.,0.,0.));
#326 = PCURVE('',#126,#327);
#327 = DEFINITIONAL_REPRESENTATION('',(#328),#332);
#328 = CIRCLE('',#329,13.);
#329 = AXIS2_PLACEMENT_2D('',#330,#331);
#330 = CARTESIAN_POINT('',(144.,24.));
#331 = DIRECTION('',(1.,0.));
#332 = ( GEOMETRIC_REPRESENTATION_CONTEXT(2) 
PARAMETRIC_REPRESENTATION_CONTEXT() REPRESENTATION_CONTEXT('2D SPACE',''
  ) );
#333 = PCURVE('',#305,#334);
#334 = DEFINITIONAL_REPRESENTATION('',(#335),#339);
#335 = LINE('',#336,#337);
#336 = CARTESIAN_POINT('',(-0.,0.));
#337 = VECTOR('',#338,1.);
#338 = DIRECTION('',(-1.,0.));
#339 = ( GEOMETRIC_REPRESENTATION_CONTEXT(2) 
PARAMETRIC_REPRESENTATION_CONTEXT() REPRESENTATION_CONTEXT('2D SPACE',''
  ) );
#340 = ORIENTED_EDGE('',*,*,#341,.F.);
#341 = EDGE_CURVE('',#342,#318,#344,.T.);
#342 = VERTEX_POINT('',#343);
#343 = CARTESIAN_POINT('',(37.,18.,2.5));
#344 = SURFACE_CURVE('',#345,(#349,#356),.PCURVE_S1.);
#345 = LINE('',#346,#347);
#346 = CARTESIAN_POINT('',(-80.,18.,2.5));
#347 = VECTOR('',#348,1.);
#348 = DIRECTION('',(1.,0.,0.));
#349 = PCURVE('',#126,#350);
#350 = DEFINITIONAL_REPRESENTATION('',(#351),#355);
#351 = LINE('',#352,#353);
#352 = CARTESIAN_POINT('',(0.,36.));
#353 = VECTOR('',#354,1.);
#354 = DIRECTION('',(1.,0.));
#355 = ( GEOMETRIC_REPRESENTATION_CONTEXT(2) 
PARAMETRIC_REPRESENTATION_CONTEXT() REPRESENTATION_CONTEXT('2D SPACE',''
  ) );
#356 = PCURVE('',#100,#357);
#357 = DEFINITIONAL_REPRESENTATION('',(#358),#362);
#358 = LINE('',#359,#360);
#359 = CARTESIAN_POINT('',(2.5,0.));
#360 = VECTOR('',#361,1.);
#361 = DIRECTION('',(0.,1.));
#362 = ( GEOMETRIC_REPRESENTATION_CONTEXT(2) 
PARAMETRIC_REPRESENTATION_CONTEXT() REPRESENTATION_CONTEXT('2D SPACE',''
  ) );
#363 = ORIENTED_EDGE('',*,*,#364,.F.);
#364 = EDGE_CURVE('',#365,#342,#367,.T.);
#365 = VERTEX_POINT('',#366);
#366 = CARTESIAN_POINT('',(45.,6.,2.5));
#367 = SURFACE_CURVE('',#368,(#373,#380),.PCURVE_S1.);
#368 = CIRCLE('',#369,13.);
#369 = AXIS2_PLACEMENT_3D('',#370,#371,#372);
#370 = CARTESIAN_POINT('',(32.,6.,2.5));
#371 = DIRECTION('',(0.,0.,1.));
#372 = DIRECTION('',(1.,0.,0.));
#373 = PCURVE('',#126,#374);
#374 = DEFINITIONAL_REPRESENTATION('',(#375),#379);
#375 = CIRCLE('',#376,13.);
#376 = AXIS2_PLACEMENT_2D('',#377,#378);
#377 = CARTESIAN_POINT('',(112.,24.));
#378 = DIRECTION('',(1.,0.));
#379 = ( GEOMETRIC_REPRESENTATION_CONTEXT(2) 
PARAMETRIC_REPRESENTATION_CONTEXT() REPRESENTATION_CONTEXT('2D SPACE',''
  ) );
#380 = PCURVE('',#381,#386);
#381 = CYLINDRICAL_SURFACE('',#382,13.);
#382 = AXIS2_PLACEMENT_3D('',#383,#384,#385);
#383 = CARTESIAN_POINT('',(32.,6.,2.5));
#384 = DIRECTION('',(-0.,-0.,-1.));
#385 = DIRECTION('',(1.,0.,0.));
#386 = DEFINITIONAL_REPRESENTATION('',(#387),#391);
#387 = LINE('',#388,#389);
#388 = CARTESIAN_POINT('',(-0.,0.));
#389 = VECTOR('',#390,1.);
#390 = DIRECTION('',(-1.,0.));
#391 = ( GEOMETRIC_REPRESENTATION_CONTEXT(2) 
PARAMETRIC_REPRESENTATION_CONTEXT() REPRESENTATION_CONTEXT('2D SPACE',''
  ) );
#392 = ORIENTED_EDGE('',*,*,#393,.F.);
#393 = EDGE_CURVE('',#394,#365,#396,.T.);
#394 = VERTEX_POINT('',#395);
#395 = CARTESIAN_POINT('',(27.,18.,2.5));
#396 = SURFACE_CURVE('',#397,(#402,#409),.PCURVE_S1.);
#397 = CIRCLE('',#398,13.);
#398 = AXIS2_PLACEMENT_3D('',#399,#400,#401);
#399 = CARTESIAN_POINT('',(32.,6.,2.5));
#400 = DIRECTION('',(0.,0.,1.));
#401 = DIRECTION('',(1.,0.,0.));
#402 = PCURVE('',#126,#403);
#403 = DEFINITIONAL_REPRESENTATION('',(#404),#408);
#404 = CIRCLE('',#405,13.);
#405 = AXIS2_PLACEMENT_2D('',#406,#407);
#406 = CARTESIAN_POINT('',(112.,24.));
#407 = DIRECTION('',(1.,0.));
#408 = ( GEOMETRIC_REPRESENTATION_CONTEXT(2) 
PARAMETRIC_REPRESENTATION_CONTEXT() REPRESENTATION_CONTEXT('2D SPACE',''
  ) );
#409 = PCURVE('',#381,#410);
#410 = DEFINITIONAL_REPRESENTATION('',(#411),#415);
#411 = LINE('',#412,#413);
#412 = CARTESIAN_POINT('',(-0.,0.));
#413 = VECTOR('',#414,1.);
#414 = DIRECTION('',(-1.,0.));
#415 = ( GEOMETRIC_REPRESENTATION_CONTEXT(2) 
PARAMETRIC_REPRESENTATION_CONTEXT() REPRESENTATION_CONTEXT('2D SPACE',''
  ) );
#416 = ORIENTED_EDGE('',*,*,#417,.F.);
#417 = EDGE_CURVE('',#418,#394,#420,.T.);
#418 = VERTEX_POINT('',#419);
#419 = CARTESIAN_POINT('',(5.,18.,2.5));
#420 = SURFACE_CURVE('',#421,(#425,#432),.PCURVE_S1.);
#421 = LINE('',#422,#423);
#422 = CARTESIAN_POINT('',(-80.,18.,2.5));
#423 = VECTOR('',#424,1.);
#424 = DIRECTION('',(1.,0.,0.));
#425 = PCURVE('',#126,#426);
#426 = DEFINITIONAL_REPRESENTATION('',(#427),#431);
#427 = LINE('',#428,#429);
#428 = CARTESIAN_POINT('',(0.,36.));
#429 = VECTOR('',#430,1.);
#430 = DIRECTION('',(1.,0.));
#431 = ( GEOMETRIC_REPRESENTATION_CONTEXT(2) 
PARAMETRIC_REPRESENTATION_CONTEXT() REPRESENTATION_CONTEXT('2D SPACE',''
  ) );
#432 = PCURVE('',#100,#433);
#433 = DEFINITIONAL_REPRESENTATION('',(#434),#438);
#434 = LINE('',#435,#436);
#435 = CARTESIAN_POINT('',(2.5,0.));
#436 = VECTOR('',#437,1.);
#437 = DIRECTION('',(0.,1.));
#438 = ( GEOMETRIC_REPRESENTATION_CONTEXT(2) 
PARAMETRIC_REPRESENTATION_CONTEXT() REPRESENTATION_CONTEXT('2D SPACE',''
  ) );
#439 = ORIENTED_EDGE('',*,*,#440,.F.);
#440 = EDGE_CURVE('',#441,#418,#443,.T.);
#441 = VERTEX_POINT('',#442);
#442 = CARTESIAN_POINT('',(13.,6.,2.5));
#443 = SURFACE_CURVE('',#444,(#449,#456),.PCURVE_S1.);
#444 = CIRCLE('',#445,13.);
#445 = AXIS2_PLACEMENT_3D('',#446,#447,#448);
#446 = CARTESIAN_POINT('',(0.,6.,2.5));
#447 = DIRECTION('',(0.,0.,1.));
#448 = DIRECTION('',(1.,0.,0.));
#449 = PCURVE('',#126,#450);
#450 = DEFINITIONAL_REPRESENTATION('',(#451),#455);
#451 = CIRCLE('',#452,13.);
#452 = AXIS2_PLACEMENT_2D('',#453,#454);
#453 = CARTESIAN_POINT('',(80.,24.));
#454 = DIRECTION('',(1.,0.));
#455 = ( GEOMETRIC_REPRESENTATION_CONTEXT(2) 
PARAMETRIC_REPRESENTATION_CONTEXT() REPRESENTATION_CONTEXT('2D SPACE',''
  ) );
#456 = PCURVE('',#457,#462);
#457 = CYLINDRICAL_SURFACE('',#458,13.);
#458 = AXIS2_PLACEMENT_3D('',#459,#460,#461);
#459 = CARTESIAN_POINT('',(0.,6.,2.5));
#460 = DIRECTION('',(-0.,-0.,-1.));
#461 = DIRECTION('',(1.,0.,0.));
#462 = DEFINITIONAL_REPRESENTATION('',(#463),#467);
#463 = LINE('',#464,#465);
#464 = CARTESIAN_POINT('',(-0.,0.));
#465 = VECTOR('',#466,1.);
#466 = DIRECTION('',(-1.,0.));
#467 = ( GEOMETRIC_REPRESENTATION_CONTEXT(2) 
PARAMETRIC_REPRESENTATION_CONTEXT() REPRESENTATION_CONTEXT('2D SPACE',''
  ) );
#468 = ORIENTED_EDGE('',*,*,#469,.F.);
#469 = EDGE_CURVE('',#470,#441,#472,.T.);
#470 = VERTEX_POINT('',#471);
#471 = CARTESIAN_POINT('',(-5.,18.,2.5));
#472 = SURFACE_CURVE('',#473,(#478,#485),.PCURVE_S1.);
#473 = CIRCLE('',#474,13.);
#474 = AXIS2_PLACEMENT_3D('',#475,#476,#477);
#475 = CARTESIAN_POINT('',(0.,6.,2.5));
#476 = DIRECTION('',(0.,0.,1.));
#477 = DIRECTION('',(1.,0.,0.));
#478 = PCURVE('',#126,#479);
#479 = DEFINITIONAL_REPRESENTATION('',(#480),#484);
#480 = CIRCLE('',#481,13.);
#481 = AXIS2_PLACEMENT_2D('',#482,#483);
#482 = CARTESIAN_POINT('',(80.,24.));
#483 = DIRECTION('',(1.,0.));
#484 = ( GEOMETRIC_REPRESENTATION_CONTEXT(2) 
PARAMETRIC_REPRESENTATION_CONTEXT() REPRESENTATION_CONTEXT('2D SPACE',''
  ) );
#485 = PCURVE('',#457,#486);
#486 = DEFINITIONAL_REPRESENTATION('',(#487),#491);
#487 = LINE('',#488,#489);
#488 = CARTESIAN_POINT('',(-0.,0.));
#489 = VECTOR('',#490,1.);
#490 = DIRECTION('',(-1.,0.));
#491 = ( GEOMETRIC_REPRESENTATION_CONTEXT(2) 
PARAMETRIC_REPRESENTATION_CONTEXT() REPRESENTATION_CONTEXT('2D SPACE',''
  ) );
#492 = ORIENTED_EDGE('',*,*,#493,.F.);
#493 = EDGE_CURVE('',#494,#470,#496,.T.);
#494 = VERTEX_POINT('',#495);
#495 = CARTESIAN_POINT('',(-27.,18.,2.5));
#496 = SURFACE_CURVE('',#497,(#501,#508),.PCURVE_S1.);
#497 = LINE('',#498,#499);
#498 = CARTESIAN_POINT('',(-80.,18.,2.5));
#499 = VECTOR('',#500,1.);
#500 = DIRECTION('',(1.,0.,0.));
#501 = PCURVE('',#126,#502);
#502 = DEFINITIONAL_REPRESENTATION('',(#503),#507);
#503 = LINE('',#504,#505);
#504 = CARTESIAN_POINT('',(0.,36.));
#505 = VECTOR('',#506,1.);
#506 = DIRECTION('',(1.,0.));
#507 = ( GEOMETRIC_REPRESENTATION_CONTEXT(2) 
PARAMETRIC_REPRESENTATION_CONTEXT() REPRESENTATION_CONTEXT('2D SPACE',''
  ) );
#508 = PCURVE('',#100,#509);
#509 = DEFINITIONAL_REPRESENTATION('',(#510),#514);
#510 = LINE('',#511,#512);
#511 = CARTESIAN_POINT('',(2.5,0.));
#512 = VECTOR('',#513,1.);
#513 = DIRECTION('',(0.,1.));
#514 = ( GEOMETRIC_REPRESENTATION_CONTEXT(2) 
PARAMETRIC_REPRESENTATION_CONTEXT() REPRESENTATION_CONTEXT('2D SPACE',''
  ) );
#515 = ORIENTED_EDGE('',*,*,#516,.F.);
#516 = EDGE_CURVE('',#517,#494,#519,.T.);
#517 = VERTEX_POINT('',#518);
#518 = CARTESIAN_POINT('',(-19.,6.,2.5));
#519 = SURFACE_CURVE('',#520,(#525,#532),.PCURVE_S1.);
#520 = CIRCLE('',#521,13.);
#521 = AXIS2_PLACEMENT_3D('',#522,#523,#524);
#522 = CARTESIAN_POINT('',(-32.,6.,2.5));
#523 = DIRECTION('',(0.,0.,1.));
#524 = DIRECTION('',(1.,0.,0.));
#525 = PCURVE('',#126,#526);
#526 = DEFINITIONAL_REPRESENTATION('',(#527),#531);
#527 = CIRCLE('',#528,13.);
#528 = AXIS2_PLACEMENT_2D('',#529,#530);
#529 = CARTESIAN_POINT('',(48.,24.));
#530 = DIRECTION('',(1.,0.));
#531 = ( GEOMETRIC_REPRESENTATION_CONTEXT(2) 
PARAMETRIC_REPRESENTATION_CONTEXT() REPRESENTATION_CONTEXT('2D SPACE',''
  ) );
#532 = PCURVE('',#533,#538);
#533 = CYLINDRICAL_SURFACE('',#534,13.);
#534 = AXIS2_PLACEMENT_3D('',#535,#536,#537);
#535 = CARTESIAN_POINT('',(-32.,6.,2.5));
#536 = DIRECTION('',(-0.,-0.,-1.));
#537 = DIRECTION('',(1.,0.,0.));
#538 = DEFINITIONAL_REPRESENTATION('',(#539),#543);
#539 = LINE('',#540,#541);
#540 = CARTESIAN_POINT('',(-0.,0.));
#541 = VECTOR('',#542,1.);
#542 = DIRECTION('',(-1.,0.));
#543 = ( GEOMETRIC_REPRESENTATION_CONTEXT(2) 
PARAMETRIC_REPRESENTATION_CONTEXT() REPRESENTATION_CONTEXT('2D SPACE',''
  ) );
#544 = ORIENTED_EDGE('',*,*,#545,.F.);
#545 = EDGE_CURVE('',#546,#517,#548,.T.);
#546 = VERTEX_POINT('',#547);
#547 = CARTESIAN_POINT('',(-37.,18.,2.5));
#548 = SURFACE_CURVE('',#549,(#554,#561),.PCURVE_S1.);
#549 = CIRCLE('',#550,13.);
#550 = AXIS2_PLACEMENT_3D('',#551,#552,#553);
#551 = CARTESIAN_POINT('',(-32.,6.,2.5));
#552 = DIRECTION('',(0.,0.,1.));
#553 = DIRECTION('',(1.,0.,0.));
#554 = PCURVE('',#126,#555);
#555 = DEFINITIONAL_REPRESENTATION('',(#556),#560);
#556 = CIRCLE('',#557,13.);
#557 = AXIS2_PLACEMENT_2D('',#558,#559);
#558 = CARTESIAN_POINT('',(48.,24.));
#559 = DIRECTION('',(1.,0.));
#560 = ( GEOMETRIC_REPRESENTATION_CONTEXT(2) 
PARAMETRIC_REPRESENTATION_CONTEXT() REPRESENTATION_CONTEXT('2D SPACE',''
  ) );
#561 = PCURVE('',#533,#562);
#562 = DEFINITIONAL_REPRESENTATION('',(#563),#567);
#563 = LINE('',#564,#565);
#564 = CARTESIAN_POINT('',(-0.,0.));
#565 = VECTOR('',#566,1.);
#566 = DIRECTION('',(-1.,0.));
#567 = ( GEOMETRIC_REPRESENTATION_CONTEXT(2) 
PARAMETRIC_REPRESENTATION_CONTEXT() REPRESENTATION_CONTEXT('2D SPACE',''
  ) );
#568 = ORIENTED_EDGE('',*,*,#569,.F.);
#569 = EDGE_CURVE('',#570,#546,#572,.T.);
#570 = VERTEX_POINT('',#571);
#571 = CARTESIAN_POINT('',(-59.,18.,2.5));
#572 = SURFACE_CURVE('',#573,(#577,#584),.PCURVE_S1.);
#573 = LINE('',#574,#575);
#574 = CARTESIAN_POINT('',(-80.,18.,2.5));
#575 = VECTOR('',#576,1.);
#576 = DIRECTION('',(1.,0.,0.));
#577 = PCURVE('',#126,#578);
#578 = DEFINITIONAL_REPRESENTATION('',(#579),#583);
#579 = LINE('',#580,#581);
#580 = CARTESIAN_POINT('',(0.,36.));
#581 = VECTOR('',#582,1.);
#582 = DIRECTION('',(1.,0.));
#583 = ( GEOMETRIC_REPRESENTATION_CONTEXT(2) 
PARAMETRIC_REPRESENTATION_CONTEXT() REPRESENTATION_CONTEXT('2D SPACE',''
  ) );
#584 = PCURVE('',#100,#585);
#585 = DEFINITIONAL_REPRESENTATION('',(#586),#590);
#586 = LINE('',#587,#588);
#587 = CARTESIAN_POINT('',(2.5,0.));
#588 = VECTOR('',#589,1.);
#589 = DIRECTION('',(0.,1.));
#590 = ( GEOMETRIC_REPRESENTATION_CONTEXT(2) 
PARAMETRIC_REPRESENTATION_CONTEXT() REPRESENTATION_CONTEXT('2D SPACE',''
  ) );
#591 = ORIENTED_EDGE('',*,*,#592,.F.);
#592 = EDGE_CURVE('',#593,#570,#595,.T.);
#593 = VERTEX_POINT('',#594);
#594 = CARTESIAN_POINT('',(-51.,6.,2.5));
#595 = SURFACE_CURVE('',#596,(#601,#608),.PCURVE_S1.);
#596 = CIRCLE('',#597,13.);
#597 = AXIS2_PLACEMENT_3D('',#598,#599,#600);
#598 = CARTESIAN_POINT('',(-64.,6.,2.5));
#599 = DIRECTION('',(0.,0.,1.));
#600 = DIRECTION('',(1.,0.,0.));
#601 = PCURVE('',#126,#602);
#602 = DEFINITIONAL_REPRESENTATION('',(#603),#607);
#603 = CIRCLE('',#604,13.);
#604 = AXIS2_PLACEMENT_2D('',#605,#606);
#605 = CARTESIAN_POINT('',(16.,24.));
#606 = DIRECTION('',(1.,0.));
#607 = ( GEOMETRIC_REPRESENTATION_CONTEXT(2) 
PARAMETRIC_REPRESENTATION_CONTEXT() REPRESENTATION_CONTEXT('2D SPACE',''
  ) );
#608 = PCURVE('',#609,#614);
#609 = CYLINDRICAL_SURFACE('',#610,13.);
#610 = AXIS2_PLACEMENT_3D('',#611,#612,#613);
#611 = CARTESIAN_POINT('',(-64.,6.,2.5));
#612 = DIRECTION('',(-0.,-0.,-1.));
#613 = DIRECTION('',(1.,0.,0.));
#614 = DEFINITIONAL_REPRESENTATION('',(#615),#619);
#615 = LINE('',#616,#617);
#616 = CARTESIAN_POINT('',(-0.,0.));
#617 = VECTOR('',#618,1.);
#618 = DIRECTION('',(-1.,0.));
#619 = ( GEOMETRIC_REPRESENTATION_CONTEXT(2) 
PARAMETRIC_REPRESENTATION_CONTEXT() REPRESENTATION_CONTEXT('2D SPACE',''
  ) );
#620 = ORIENTED_EDGE('',*,*,#621,.F.);
#621 = EDGE_CURVE('',#218,#593,#622,.T.);
#622 = SURFACE_CURVE('',#623,(#628,#635),.PCURVE_S1.);
#623 = CIRCLE('',#624,13.);
#624 = AXIS2_PLACEMENT_3D('',#625,#626,#627);
#625 = CARTESIAN_POINT('',(-64.,6.,2.5));
#626 = DIRECTION('',(0.,0.,1.));
#627 = DIRECTION('',(1.,0.,0.));
#628 = PCURVE('',#126,#629);
#629 = DEFINITIONAL_REPRESENTATION('',(#630),#634);
#630 = CIRCLE('',#631,13.);
#631 = AXIS2_PLACEMENT_2D('',#632,#633);
#632 = CARTESIAN_POINT('',(16.,24.));
#633 = DIRECTION('',(1.,0.));
#634 = ( GEOMETRIC_REPRESENTATION_CONTEXT(2) 
PARAMETRIC_REPRESENTATION_CONTEXT() REPRESENTATION_CONTEXT('2D SPACE',''
  ) );
#635 = PCURVE('',#609,#636);
#636 = DEFINITIONAL_REPRESENTATION('',(#637),#641);
#637 = LINE('',#638,#639);
#638 = CARTESIAN_POINT('',(-0.,0.));
#639 = VECTOR('',#640,1.);
#640 = DIRECTION('',(-1.,0.));
#641 = ( GEOMETRIC_REPRESENTATION_CONTEXT(2) 
PARAMETRIC_REPRESENTATION_CONTEXT() REPRESENTATION_CONTEXT('2D SPACE',''
  ) );
#642 = FACE_BOUND('',#643,.T.);
#643 = EDGE_LOOP('',(#644,#674,#702,#730));
#644 = ORIENTED_EDGE('',*,*,#645,.T.);
#645 = EDGE_CURVE('',#646,#648,#650,.T.);
#646 = VERTEX_POINT('',#647);
#647 = CARTESIAN_POINT('',(-65.89404296875,-10.12194824218,2.5));
#648 = VERTEX_POINT('',#649);
#649 = CARTESIAN_POINT('',(-65.89404296875,-10.51965332031,2.5));
#650 = SURFACE_CURVE('',#651,(#655,#662),.PCURVE_S1.);
#651 = LINE('',#652,#653);
#652 = CARTESIAN_POINT('',(-65.89404296875,-10.12194824218,2.5));
#653 = VECTOR('',#654,1.);
#654 = DIRECTION('',(0.,-1.,0.));
#655 = PCURVE('',#126,#656);
#656 = DEFINITIONAL_REPRESENTATION('',(#657),#661);
#657 = LINE('',#658,#659);
#658 = CARTESIAN_POINT('',(14.10595703125,7.878051757812));
#659 = VECTOR('',#660,1.);
#660 = DIRECTION('',(0.,-1.));
#661 = ( GEOMETRIC_REPRESENTATION_CONTEXT(2) 
PARAMETRIC_REPRESENTATION_CONTEXT() REPRESENTATION_CONTEXT('2D SPACE',''
  ) );
#662 = PCURVE('',#663,#668);
#663 = PLANE('',#664);
#664 = AXIS2_PLACEMENT_3D('',#665,#666,#667);
#665 = CARTESIAN_POINT('',(-65.89404296875,-10.12194824218,2.5));
#666 = DIRECTION('',(-1.,0.,0.));
#667 = DIRECTION('',(0.,-1.,0.));
#668 = DEFINITIONAL_REPRESENTATION('',(#669),#673);
#669 = LINE('',#670,#671);
#670 = CARTESIAN_POINT('',(0.,0.));
#671 = VECTOR('',#672,1.);
#672 = DIRECTION('',(1.,0.));
#673 = ( GEOMETRIC_REPRESENTATION_CONTEXT(2) 
PARAMETRIC_REPRESENTATION_CONTEXT() REPRESENTATION_CONTEXT('2D SPACE',''
  ) );
#674 = ORIENTED_EDGE('',*,*,#675,.T.);
#675 = EDGE_CURVE('',#648,#676,#678,.T.);
#676 = VERTEX_POINT('',#677);
#677 = CARTESIAN_POINT('',(-67.10913085937,-10.51965332031,2.5));
#678 = SURFACE_CURVE('',#679,(#683,#690),.PCURVE_S1.);
#679 = LINE('',#680,#681);
#680 = CARTESIAN_POINT('',(-65.89404296875,-10.51965332031,2.5));
#681 = VECTOR('',#682,1.);
#682 = DIRECTION('',(-1.,0.,0.));
#683 = PCURVE('',#126,#684);
#684 = DEFINITIONAL_REPRESENTATION('',(#685),#689);
#685 = LINE('',#686,#687);
#686 = CARTESIAN_POINT('',(14.10595703125,7.480346679688));
#687 = VECTOR('',#688,1.);
#688 = DIRECTION('',(-1.,0.));
#689 = ( GEOMETRIC_REPRESENTATION_CONTEXT(2) 
PARAMETRIC_REPRESENTATION_CONTEXT() REPRESENTATION_CONTEXT('2D SPACE',''
  ) );
#690 = PCURVE('',#691,#696);
#691 = PLANE('',#692);
#692 = AXIS2_PLACEMENT_3D('',#693,#694,#695);
#693 = CARTESIAN_POINT('',(-65.89404296875,-10.51965332031,2.5));
#694 = DIRECTION('',(0.,1.,0.));
#695 = DIRECTION('',(-1.,0.,0.));
#696 = DEFINITIONAL_REPRESENTATION('',(#697),#701);
#697 = LINE('',#698,#699);
#698 = CARTESIAN_POINT('',(0.,0.));
#699 = VECTOR('',#700,1.);
#700 = DIRECTION('',(1.,0.));
#701 = ( GEOMETRIC_REPRESENTATION_CONTEXT(2) 
PARAMETRIC_REPRESENTATION_CONTEXT() REPRESENTATION_CONTEXT('2D SPACE',''
  ) );
#702 = ORIENTED_EDGE('',*,*,#703,.T.);
#703 = EDGE_CURVE('',#676,#704,#706,.T.);
#704 = VERTEX_POINT('',#705);
#705 = CARTESIAN_POINT('',(-67.10913085937,-10.12194824218,2.5));
#706 = SURFACE_CURVE('',#707,(#711,#718),.PCURVE_S1.);
#707 = LINE('',#708,#709);
#708 = CARTESIAN_POINT('',(-67.10913085937,-10.51965332031,2.5));
#709 = VECTOR('',#710,1.);
#710 = DIRECTION('',(0.,1.,0.));
#711 = PCURVE('',#126,#712);
#712 = DEFINITIONAL_REPRESENTATION('',(#713),#717);
#713 = LINE('',#714,#715);
#714 = CARTESIAN_POINT('',(12.890869140625,7.480346679688));
#715 = VECTOR('',#716,1.);
#716 = DIRECTION('',(0.,1.));
#717 = ( GEOMETRIC_REPRESENTATION_CONTEXT(2) 
PARAMETRIC_REPRESENTATION_CONTEXT() REPRESENTATION_CONTEXT('2D SPACE',''
  ) );
#718 = PCURVE('',#719,#724);
#719 = PLANE('',#720);
#720 = AXIS2_PLACEMENT_3D('',#721,#722,#723);
#721 = CARTESIAN_POINT('',(-67.10913085937,-10.51965332031,2.5));
#722 = DIRECTION('',(1.,0.,0.));
#723 = DIRECTION('',(0.,1.,0.));
#724 = DEFINITIONAL_REPRESENTATION('',(#725),#729);
#725 = LINE('',#726,#727);
#726 = CARTESIAN_POINT('',(0.,0.));
#727 = VECTOR('',#728,1.);
#728 = DIRECTION('',(1.,0.));
#729 = ( GEOMETRIC_REPRESENTATION_CONTEXT(2) 
PARAMETRIC_REPRESENTATION_CONTEXT() REPRESENTATION_CONTEXT('2D SPACE',''
  ) );
#730 = ORIENTED_EDGE('',*,*,#731,.T.);
#731 = EDGE_CURVE('',#704,#646,#732,.T.);
#732 = SURFACE_CURVE('',#733,(#737,#744),.PCURVE_S1.);
#733 = LINE('',#734,#735);
#734 = CARTESIAN_POINT('',(-67.10913085937,-10.12194824218,2.5));
#735 = VECTOR('',#736,1.);
#736 = DIRECTION('',(1.,0.,0.));
#737 = PCURVE('',#126,#738);
#738 = DEFINITIONAL_REPRESENTATION('',(#739),#743);
#739 = LINE('',#740,#741);
#740 = CARTESIAN_POINT('',(12.890869140625,7.878051757812));
#741 = VECTOR('',#742,1.);
#742 = DIRECTION('',(1.,0.));
#743 = ( GEOMETRIC_REPRESENTATION_CONTEXT(2) 
PARAMETRIC_REPRESENTATION_CONTEXT() REPRESENTATION_CONTEXT('2D SPACE',''
  ) );
#744 = PCURVE('',#745,#750);
#745 = PLANE('',#746);
#746 = AXIS2_PLACEMENT_3D('',#747,#748,#749);
#747 = CARTESIAN_POINT('',(-67.10913085937,-10.12194824218,2.5));
#748 = DIRECTION('',(0.,-1.,0.));
#749 = DIRECTION('',(1.,0.,0.));
#750 = DEFINITIONAL_REPRESENTATION('',(#751),#755);
#751 = LINE('',#752,#753);
#752 = CARTESIAN_POINT('',(0.,0.));
#753 = VECTOR('',#754,1.);
#754 = DIRECTION('',(1.,0.));
#755 = ( GEOMETRIC_REPRESENTATION_CONTEXT(2) 
PARAMETRIC_REPRESENTATION_CONTEXT() REPRESENTATION_CONTEXT('2D SPACE',''
  ) );
#756 = FACE_BOUND('',#757,.T.);
#757 = EDGE_LOOP('',(#758,#788,#816,#844));
#758 = ORIENTED_EDGE('',*,*,#759,.T.);
#759 = EDGE_CURVE('',#760,#762,#764,.T.);
#760 = VERTEX_POINT('',#761);
#761 = CARTESIAN_POINT('',(-33.89404296875,-10.12194824218,2.5));
#762 = VERTEX_POINT('',#763);
#763 = CARTESIAN_POINT('',(-33.89404296875,-10.51965332031,2.5));
#764 = SURFACE_CURVE('',#765,(#769,#776),.PCURVE_S1.);
#765 = LINE('',#766,#767);
#766 = CARTESIAN_POINT('',(-33.89404296875,-10.12194824218,2.5));
#767 = VECTOR('',#768,1.);
#768 = DIRECTION('',(0.,-1.,0.));
#769 = PCURVE('',#126,#770);
#770 = DEFINITIONAL_REPRESENTATION('',(#771),#775);
#771 = LINE('',#772,#773);
#772 = CARTESIAN_POINT('',(46.10595703125,7.878051757812));
#773 = VECTOR('',#774,1.);
#774 = DIRECTION('',(0.,-1.));
#775 = ( GEOMETRIC_REPRESENTATION_CONTEXT(2) 
PARAMETRIC_REPRESENTATION_CONTEXT() REPRESENTATION_CONTEXT('2D SPACE',''
  ) );
#776 = PCURVE('',#777,#782);
#777 = PLANE('',#778);
#778 = AXIS2_PLACEMENT_3D('',#779,#780,#781);
#779 = CARTESIAN_POINT('',(-33.89404296875,-10.12194824218,2.5));
#780 = DIRECTION('',(-1.,0.,0.));
#781 = DIRECTION('',(0.,-1.,0.));
#782 = DEFINITIONAL_REPRESENTATION('',(#783),#787);
#783 = LINE('',#784,#785);
#784 = CARTESIAN_POINT('',(0.,0.));
#785 = VECTOR('',#786,1.);
#786 = DIRECTION('',(1.,0.));
#787 = ( GEOMETRIC_REPRESENTATION_CONTEXT(2) 
PARAMETRIC_REPRESENTATION_CONTEXT() REPRESENTATION_CONTEXT('2D SPACE',''
  ) );
#788 = ORIENTED_EDGE('',*,*,#789,.T.);
#789 = EDGE_CURVE('',#762,#790,#792,.T.);
#790 = VERTEX_POINT('',#791);
#791 = CARTESIAN_POINT('',(-35.10913085937,-10.51965332031,2.5));
#792 = SURFACE_CURVE('',#793,(#797,#804),.PCURVE_S1.);
#793 = LINE('',#794,#795);
#794 = CARTESIAN_POINT('',(-33.89404296875,-10.51965332031,2.5));
#795 = VECTOR('',#796,1.);
#796 = DIRECTION('',(-1.,0.,0.));
#797 = PCURVE('',#126,#798);
#798 = DEFINITIONAL_REPRESENTATION('',(#799),#803);
#799 = LINE('',#800,#801);
#800 = CARTESIAN_POINT('',(46.10595703125,7.480346679688));
#801 = VECTOR('',#802,1.);
#802 = DIRECTION('',(-1.,0.));
#803 = ( GEOMETRIC_REPRESENTATION_CONTEXT(2) 
PARAMETRIC_REPRESENTATION_CONTEXT() REPRESENTATION_CONTEXT('2D SPACE',''
  ) );
#804 = PCURVE('',#805,#810);
#805 = PLANE('',#806);
#806 = AXIS2_PLACEMENT_3D('',#807,#808,#809);
#807 = CARTESIAN_POINT('',(-33.89404296875,-10.51965332031,2.5));
#808 = DIRECTION('',(0.,1.,0.));
#809 = DIRECTION('',(-1.,0.,0.));
#810 = DEFINITIONAL_REPRESENTATION('',(#811),#815);
#811 = LINE('',#812,#813);
#812 = CARTESIAN_POINT('',(0.,0.));
#813 = VECTOR('',#814,1.);
#814 = DIRECTION('',(1.,0.));
#815 = ( GEOMETRIC_REPRESENTATION_CONTEXT(2) 
PARAMETRIC_REPRESENTATION_CONTEXT() REPRESENTATION_CONTEXT('2D SPACE',''
  ) );
#816 = ORIENTED_EDGE('',*,*,#817,.T.);
#817 = EDGE_CURVE('',#790,#818,#820,.T.);
#818 = VERTEX_POINT('',#819);
#819 = CARTESIAN_POINT('',(-35.10913085937,-10.12194824218,2.5));
#820 = SURFACE_CURVE('',#821,(#825,#832),.PCURVE_S1.);
#821 = LINE('',#822,#823);
#822 = CARTESIAN_POINT('',(-35.10913085937,-10.51965332031,2.5));
#823 = VECTOR('',#824,1.);
#824 = DIRECTION('',(0.,1.,0.));
#825 = PCURVE('',#126,#826);
#826 = DEFINITIONAL_REPRESENTATION('',(#827),#831);
#827 = LINE('',#828,#829);
#828 = CARTESIAN_POINT('',(44.890869140625,7.480346679688));
#829 = VECTOR('',#830,1.);
#830 = DIRECTION('',(0.,1.));
#831 = ( GEOMETRIC_REPRESENTATION_CONTEXT(2) 
PARAMETRIC_REPRESENTATION_CONTEXT() REPRESENTATION_CONTEXT('2D SPACE',''
  ) );
#832 = PCURVE('',#833,#838);
#833 = PLANE('',#834);
#834 = AXIS2_PLACEMENT_3D('',#835,#836,#837);
#835 = CARTESIAN_POINT('',(-35.10913085937,-10.51965332031,2.5));
#836 = DIRECTION('',(1.,0.,0.));
#837 = DIRECTION('',(0.,1.,0.));
#838 = DEFINITIONAL_REPRESENTATION('',(#839),#843);
#839 = LINE('',#840,#841);
#840 = CARTESIAN_POINT('',(0.,0.));
#841 = VECTOR('',#842,1.);
#842 = DIRECTION('',(1.,0.));
#843 = ( GEOMETRIC_REPRESENTATION_CONTEXT(2) 
PARAMETRIC_REPRESENTATION_CONTEXT() REPRESENTATION_CONTEXT('2D SPACE',''
  ) );
#844 = ORIENTED_EDGE('',*,*,#845,.T.);
#845 = EDGE_CURVE('',#818,#760,#846,.T.);
#846 = SURFACE_CURVE('',#847,(#851,#858),.PCURVE_S1.);
#847 = LINE('',#848,#849);
#848 = CARTESIAN_POINT('',(-35.10913085937,-10.12194824218,2.5));
#849 = VECTOR('',#850,1.);
#850 = DIRECTION('',(1.,0.,0.));
#851 = PCURVE('',#126,#852);
#852 = DEFINITIONAL_REPRESENTATION('',(#853),#857);
#853 = LINE('',#854,#855);
#854 = CARTESIAN_POINT('',(44.890869140625,7.878051757812));
#855 = VECTOR('',#856,1.);
#856 = DIRECTION('',(1.,0.));
#857 = ( GEOMETRIC_REPRESENTATION_CONTEXT(2) 
PARAMETRIC_REPRESENTATION_CONTEXT() REPRESENTATION_CONTEXT('2D SPACE',''
  ) );
#858 = PCURVE('',#859,#864);
#859 = PLANE('',#860);
#860 = AXIS2_PLACEMENT_3D('',#861,#862,#863);
#861 = CARTESIAN_POINT('',(-35.10913085937,-10.12194824218,2.5));
#862 = DIRECTION('',(0.,-1.,0.));
#863 = DIRECTION('',(1.,0.,0.));
#864 = DEFINITIONAL_REPRESENTATION('',(#865),#869);
#865 = LINE('',#866,#867);
#866 = CARTESIAN_POINT('',(0.,0.));
#867 = VECTOR('',#868,1.);
#868 = DIRECTION('',(1.,0.));
#869 = ( GEOMETRIC_REPRESENTATION_CONTEXT(2) 
PARAMETRIC_REPRESENTATION_CONTEXT() REPRESENTATION_CONTEXT('2D SPACE',''
  ) );
#870 = FACE_BOUND('',#871,.T.);
#871 = EDGE_LOOP('',(#872,#902,#930,#958,#986,#1014,#1042,#1070,#1098,
    #1126,#1154,#1182));
#872 = ORIENTED_EDGE('',*,*,#873,.T.);
#873 = EDGE_CURVE('',#874,#876,#878,.T.);
#874 = VERTEX_POINT('',#875);
#875 = CARTESIAN_POINT('',(29.68408203125,-10.08239746093,2.5));
#876 = VERTEX_POINT('',#877);
#877 = CARTESIAN_POINT('',(29.68408203125,-10.96569824218,2.5));
#878 = SURFACE_CURVE('',#879,(#883,#890),.PCURVE_S1.);
#879 = LINE('',#880,#881);
#880 = CARTESIAN_POINT('',(29.68408203125,-10.08239746093,2.5));
#881 = VECTOR('',#882,1.);
#882 = DIRECTION('',(0.,-1.,0.));
#883 = PCURVE('',#126,#884);
#884 = DEFINITIONAL_REPRESENTATION('',(#885),#889);
#885 = LINE('',#886,#887);
#886 = CARTESIAN_POINT('',(109.68408203125,7.917602539062));
#887 = VECTOR('',#888,1.);
#888 = DIRECTION('',(0.,-1.));
#889 = ( GEOMETRIC_REPRESENTATION_CONTEXT(2) 
PARAMETRIC_REPRESENTATION_CONTEXT() REPRESENTATION_CONTEXT('2D SPACE',''
  ) );
#890 = PCURVE('',#891,#896);
#891 = PLANE('',#892);
#892 = AXIS2_PLACEMENT_3D('',#893,#894,#895);
#893 = CARTESIAN_POINT('',(29.68408203125,-10.08239746093,2.5));
#894 = DIRECTION('',(-1.,0.,0.));
#895 = DIRECTION('',(0.,-1.,0.));
#896 = DEFINITIONAL_REPRESENTATION('',(#897),#901);
#897 = LINE('',#898,#899);
#898 = CARTESIAN_POINT('',(0.,0.));
#899 = VECTOR('',#900,1.);
#900 = DIRECTION('',(1.,0.));
#901 = ( GEOMETRIC_REPRESENTATION_CONTEXT(2) 
PARAMETRIC_REPRESENTATION_CONTEXT() REPRESENTATION_CONTEXT('2D SPACE',''
  ) );
#902 = ORIENTED_EDGE('',*,*,#903,.T.);
#903 = EDGE_CURVE('',#876,#904,#906,.T.);
#904 = VERTEX_POINT('',#905);
#905 = CARTESIAN_POINT('',(29.310546875,-10.96569824218,2.5));
#906 = SURFACE_CURVE('',#907,(#911,#918),.PCURVE_S1.);
#907 = LINE('',#908,#909);
#908 = CARTESIAN_POINT('',(29.68408203125,-10.96569824218,2.5));
#909 = VECTOR('',#910,1.);
#910 = DIRECTION('',(-1.,0.,0.));
#911 = PCURVE('',#126,#912);
#912 = DEFINITIONAL_REPRESENTATION('',(#913),#917);
#913 = LINE('',#914,#915);
#914 = CARTESIAN_POINT('',(109.68408203125,7.034301757812));
#915 = VECTOR('',#916,1.);
#916 = DIRECTION('',(-1.,0.));
#917 = ( GEOMETRIC_REPRESENTATION_CONTEXT(2) 
PARAMETRIC_REPRESENTATION_CONTEXT() REPRESENTATION_CONTEXT('2D SPACE',''
  ) );
#918 = PCURVE('',#919,#924);
#919 = PLANE('',#920);
#920 = AXIS2_PLACEMENT_3D('',#921,#922,#923);
#921 = CARTESIAN_POINT('',(29.68408203125,-10.96569824218,2.5));
#922 = DIRECTION('',(0.,1.,0.));
#923 = DIRECTION('',(-1.,0.,0.));
#924 = DEFINITIONAL_REPRESENTATION('',(#925),#929);
#925 = LINE('',#926,#927);
#926 = CARTESIAN_POINT('',(0.,0.));
#927 = VECTOR('',#928,1.);
#928 = DIRECTION('',(1.,0.));
#929 = ( GEOMETRIC_REPRESENTATION_CONTEXT(2) 
PARAMETRIC_REPRESENTATION_CONTEXT() REPRESENTATION_CONTEXT('2D SPACE',''
  ) );
#930 = ORIENTED_EDGE('',*,*,#931,.T.);
#931 = EDGE_CURVE('',#904,#932,#934,.T.);
#932 = VERTEX_POINT('',#933);
#933 = CARTESIAN_POINT('',(29.310546875,-10.08239746093,2.5));
#934 = SURFACE_CURVE('',#935,(#939,#946),.PCURVE_S1.);
#935 = LINE('',#936,#937);
#936 = CARTESIAN_POINT('',(29.310546875,-10.96569824218,2.5));
#937 = VECTOR('',#938,1.);
#938 = DIRECTION('',(0.,1.,0.));
#939 = PCURVE('',#126,#940);
#940 = DEFINITIONAL_REPRESENTATION('',(#941),#945);
#941 = LINE('',#942,#943);
#942 = CARTESIAN_POINT('',(109.310546875,7.034301757812));
#943 = VECTOR('',#944,1.);
#944 = DIRECTION('',(0.,1.));
#945 = ( GEOMETRIC_REPRESENTATION_CONTEXT(2) 
PARAMETRIC_REPRESENTATION_CONTEXT() REPRESENTATION_CONTEXT('2D SPACE',''
  ) );
#946 = PCURVE('',#947,#952);
#947 = PLANE('',#948);
#948 = AXIS2_PLACEMENT_3D('',#949,#950,#951);
#949 = CARTESIAN_POINT('',(29.310546875,-10.96569824218,2.5));
#950 = DIRECTION('',(1.,0.,0.));
#951 = DIRECTION('',(0.,1.,0.));
#952 = DEFINITIONAL_REPRESENTATION('',(#953),#957);
#953 = LINE('',#954,#955);
#954 = CARTESIAN_POINT('',(0.,0.));
#955 = VECTOR('',#956,1.);
#956 = DIRECTION('',(1.,0.));
#957 = ( GEOMETRIC_REPRESENTATION_CONTEXT(2) 
PARAMETRIC_REPRESENTATION_CONTEXT() REPRESENTATION_CONTEXT('2D SPACE',''
  ) );
#958 = ORIENTED_EDGE('',*,*,#959,.T.);
#959 = EDGE_CURVE('',#932,#960,#962,.T.);
#960 = VERTEX_POINT('',#961);
#961 = CARTESIAN_POINT('',(28.433837890625,-10.08239746093,2.5));
#962 = SURFACE_CURVE('',#963,(#967,#974),.PCURVE_S1.);
#963 = LINE('',#964,#965);
#964 = CARTESIAN_POINT('',(29.310546875,-10.08239746093,2.5));
#965 = VECTOR('',#966,1.);
#966 = DIRECTION('',(-1.,0.,0.));
#967 = PCURVE('',#126,#968);
#968 = DEFINITIONAL_REPRESENTATION('',(#969),#973);
#969 = LINE('',#970,#971);
#970 = CARTESIAN_POINT('',(109.310546875,7.917602539062));
#971 = VECTOR('',#972,1.);
#972 = DIRECTION('',(-1.,0.));
#973 = ( GEOMETRIC_REPRESENTATION_CONTEXT(2) 
PARAMETRIC_REPRESENTATION_CONTEXT() REPRESENTATION_CONTEXT('2D SPACE',''
  ) );
#974 = PCURVE('',#975,#980);
#975 = PLANE('',#976);
#976 = AXIS2_PLACEMENT_3D('',#977,#978,#979);
#977 = CARTESIAN_POINT('',(29.310546875,-10.08239746093,2.5));
#978 = DIRECTION('',(0.,1.,0.));
#979 = DIRECTION('',(-1.,0.,0.));
#980 = DEFINITIONAL_REPRESENTATION('',(#981),#985);
#981 = LINE('',#982,#983);
#982 = CARTESIAN_POINT('',(0.,0.));
#983 = VECTOR('',#984,1.);
#984 = DIRECTION('',(1.,0.));
#985 = ( GEOMETRIC_REPRESENTATION_CONTEXT(2) 
PARAMETRIC_REPRESENTATION_CONTEXT() REPRESENTATION_CONTEXT('2D SPACE',''
  ) );
#986 = ORIENTED_EDGE('',*,*,#987,.T.);
#987 = EDGE_CURVE('',#960,#988,#990,.T.);
#988 = VERTEX_POINT('',#989);
#989 = CARTESIAN_POINT('',(28.433837890625,-9.713256835938,2.5));
#990 = SURFACE_CURVE('',#991,(#995,#1002),.PCURVE_S1.);
#991 = LINE('',#992,#993);
#992 = CARTESIAN_POINT('',(28.433837890625,-10.08239746093,2.5));
#993 = VECTOR('',#994,1.);
#994 = DIRECTION('',(0.,1.,0.));
#995 = PCURVE('',#126,#996);
#996 = DEFINITIONAL_REPRESENTATION('',(#997),#1001);
#997 = LINE('',#998,#999);
#998 = CARTESIAN_POINT('',(108.43383789062,7.917602539062));
#999 = VECTOR('',#1000,1.);
#1000 = DIRECTION('',(0.,1.));
#1001 = ( GEOMETRIC_REPRESENTATION_CONTEXT(2) 
PARAMETRIC_REPRESENTATION_CONTEXT() REPRESENTATION_CONTEXT('2D SPACE',''
  ) );
#1002 = PCURVE('',#1003,#1008);
#1003 = PLANE('',#1004);
#1004 = AXIS2_PLACEMENT_3D('',#1005,#1006,#1007);
#1005 = CARTESIAN_POINT('',(28.433837890625,-10.08239746093,2.5));
#1006 = DIRECTION('',(1.,0.,0.));
#1007 = DIRECTION('',(0.,1.,0.));
#1008 = DEFINITIONAL_REPRESENTATION('',(#1009),#1013);
#1009 = LINE('',#1010,#1011);
#1010 = CARTESIAN_POINT('',(0.,0.));
#1011 = VECTOR('',#1012,1.);
#1012 = DIRECTION('',(1.,0.));
#1013 = ( GEOMETRIC_REPRESENTATION_CONTEXT(2) 
PARAMETRIC_REPRESENTATION_CONTEXT() REPRESENTATION_CONTEXT('2D SPACE',''
  ) );
#1014 = ORIENTED_EDGE('',*,*,#1015,.T.);
#1015 = EDGE_CURVE('',#988,#1016,#1018,.T.);
#1016 = VERTEX_POINT('',#1017);
#1017 = CARTESIAN_POINT('',(29.310546875,-9.713256835938,2.5));
#1018 = SURFACE_CURVE('',#1019,(#1023,#1030),.PCURVE_S1.);
#1019 = LINE('',#1020,#1021);
#1020 = CARTESIAN_POINT('',(28.433837890625,-9.713256835938,2.5));
#1021 = VECTOR('',#1022,1.);
#1022 = DIRECTION('',(1.,0.,0.));
#1023 = PCURVE('',#126,#1024);
#1024 = DEFINITIONAL_REPRESENTATION('',(#1025),#1029);
#1025 = LINE('',#1026,#1027);
#1026 = CARTESIAN_POINT('',(108.43383789062,8.286743164062));
#1027 = VECTOR('',#1028,1.);
#1028 = DIRECTION('',(1.,0.));
#1029 = ( GEOMETRIC_REPRESENTATION_CONTEXT(2) 
PARAMETRIC_REPRESENTATION_CONTEXT() REPRESENTATION_CONTEXT('2D SPACE',''
  ) );
#1030 = PCURVE('',#1031,#1036);
#1031 = PLANE('',#1032);
#1032 = AXIS2_PLACEMENT_3D('',#1033,#1034,#1035);
#1033 = CARTESIAN_POINT('',(28.433837890625,-9.713256835938,2.5));
#1034 = DIRECTION('',(0.,-1.,0.));
#1035 = DIRECTION('',(1.,0.,0.));
#1036 = DEFINITIONAL_REPRESENTATION('',(#1037),#1041);
#1037 = LINE('',#1038,#1039);
#1038 = CARTESIAN_POINT('',(0.,0.));
#1039 = VECTOR('',#1040,1.);
#1040 = DIRECTION('',(1.,0.));
#1041 = ( GEOMETRIC_REPRESENTATION_CONTEXT(2) 
PARAMETRIC_REPRESENTATION_CONTEXT() REPRESENTATION_CONTEXT('2D SPACE',''
  ) );
#1042 = ORIENTED_EDGE('',*,*,#1043,.T.);
#1043 = EDGE_CURVE('',#1016,#1044,#1046,.T.);
#1044 = VERTEX_POINT('',#1045);
#1045 = CARTESIAN_POINT('',(29.310546875,-8.836547851562,2.5));
#1046 = SURFACE_CURVE('',#1047,(#1051,#1058),.PCURVE_S1.);
#1047 = LINE('',#1048,#1049);
#1048 = CARTESIAN_POINT('',(29.310546875,-9.713256835938,2.5));
#1049 = VECTOR('',#1050,1.);
#1050 = DIRECTION('',(0.,1.,0.));
#1051 = PCURVE('',#126,#1052);
#1052 = DEFINITIONAL_REPRESENTATION('',(#1053),#1057);
#1053 = LINE('',#1054,#1055);
#1054 = CARTESIAN_POINT('',(109.310546875,8.286743164062));
#1055 = VECTOR('',#1056,1.);
#1056 = DIRECTION('',(0.,1.));
#1057 = ( GEOMETRIC_REPRESENTATION_CONTEXT(2) 
PARAMETRIC_REPRESENTATION_CONTEXT() REPRESENTATION_CONTEXT('2D SPACE',''
  ) );
#1058 = PCURVE('',#1059,#1064);
#1059 = PLANE('',#1060);
#1060 = AXIS2_PLACEMENT_3D('',#1061,#1062,#1063);
#1061 = CARTESIAN_POINT('',(29.310546875,-9.713256835938,2.5));
#1062 = DIRECTION('',(1.,0.,0.));
#1063 = DIRECTION('',(0.,1.,0.));
#1064 = DEFINITIONAL_REPRESENTATION('',(#1065),#1069);
#1065 = LINE('',#1066,#1067);
#1066 = CARTESIAN_POINT('',(0.,0.));
#1067 = VECTOR('',#1068,1.);
#1068 = DIRECTION('',(1.,0.));
#1069 = ( GEOMETRIC_REPRESENTATION_CONTEXT(2) 
PARAMETRIC_REPRESENTATION_CONTEXT() REPRESENTATION_CONTEXT('2D SPACE',''
  ) );
#1070 = ORIENTED_EDGE('',*,*,#1071,.T.);
#1071 = EDGE_CURVE('',#1044,#1072,#1074,.T.);
#1072 = VERTEX_POINT('',#1073);
#1073 = CARTESIAN_POINT('',(29.68408203125,-8.836547851562,2.5));
#1074 = SURFACE_CURVE('',#1075,(#1079,#1086),.PCURVE_S1.);
#1075 = LINE('',#1076,#1077);
#1076 = CARTESIAN_POINT('',(29.310546875,-8.836547851562,2.5));
#1077 = VECTOR('',#1078,1.);
#1078 = DIRECTION('',(1.,0.,0.));
#1079 = PCURVE('',#126,#1080);
#1080 = DEFINITIONAL_REPRESENTATION('',(#1081),#1085);
#1081 = LINE('',#1082,#1083);
#1082 = CARTESIAN_POINT('',(109.310546875,9.163452148438));
#1083 = VECTOR('',#1084,1.);
#1084 = DIRECTION('',(1.,0.));
#1085 = ( GEOMETRIC_REPRESENTATION_CONTEXT(2) 
PARAMETRIC_REPRESENTATION_CONTEXT() REPRESENTATION_CONTEXT('2D SPACE',''
  ) );
#1086 = PCURVE('',#1087,#1092);
#1087 = PLANE('',#1088);
#1088 = AXIS2_PLACEMENT_3D('',#1089,#1090,#1091);
#1089 = CARTESIAN_POINT('',(29.310546875,-8.836547851562,2.5));
#1090 = DIRECTION('',(0.,-1.,0.));
#1091 = DIRECTION('',(1.,0.,0.));
#1092 = DEFINITIONAL_REPRESENTATION('',(#1093),#1097);
#1093 = LINE('',#1094,#1095);
#1094 = CARTESIAN_POINT('',(0.,0.));
#1095 = VECTOR('',#1096,1.);
#1096 = DIRECTION('',(1.,0.));
#1097 = ( GEOMETRIC_REPRESENTATION_CONTEXT(2) 
PARAMETRIC_REPRESENTATION_CONTEXT() REPRESENTATION_CONTEXT('2D SPACE',''
  ) );
#1098 = ORIENTED_EDGE('',*,*,#1099,.T.);
#1099 = EDGE_CURVE('',#1072,#1100,#1102,.T.);
#1100 = VERTEX_POINT('',#1101);
#1101 = CARTESIAN_POINT('',(29.68408203125,-9.713256835938,2.5));
#1102 = SURFACE_CURVE('',#1103,(#1107,#1114),.PCURVE_S1.);
#1103 = LINE('',#1104,#1105);
#1104 = CARTESIAN_POINT('',(29.68408203125,-8.836547851562,2.5));
#1105 = VECTOR('',#1106,1.);
#1106 = DIRECTION('',(0.,-1.,0.));
#1107 = PCURVE('',#126,#1108);
#1108 = DEFINITIONAL_REPRESENTATION('',(#1109),#1113);
#1109 = LINE('',#1110,#1111);
#1110 = CARTESIAN_POINT('',(109.68408203125,9.163452148438));
#1111 = VECTOR('',#1112,1.);
#1112 = DIRECTION('',(0.,-1.));
#1113 = ( GEOMETRIC_REPRESENTATION_CONTEXT(2) 
PARAMETRIC_REPRESENTATION_CONTEXT() REPRESENTATION_CONTEXT('2D SPACE',''
  ) );
#1114 = PCURVE('',#1115,#1120);
#1115 = PLANE('',#1116);
#1116 = AXIS2_PLACEMENT_3D('',#1117,#1118,#1119);
#1117 = CARTESIAN_POINT('',(29.68408203125,-8.836547851562,2.5));
#1118 = DIRECTION('',(-1.,0.,0.));
#1119 = DIRECTION('',(0.,-1.,0.));
#1120 = DEFINITIONAL_REPRESENTATION('',(#1121),#1125);
#1121 = LINE('',#1122,#1123);
#1122 = CARTESIAN_POINT('',(0.,0.));
#1123 = VECTOR('',#1124,1.);
#1124 = DIRECTION('',(1.,0.));
#1125 = ( GEOMETRIC_REPRESENTATION_CONTEXT(2) 
PARAMETRIC_REPRESENTATION_CONTEXT() REPRESENTATION_CONTEXT('2D SPACE',''
  ) );
#1126 = ORIENTED_EDGE('',*,*,#1127,.T.);
#1127 = EDGE_CURVE('',#1100,#1128,#1130,.T.);
#1128 = VERTEX_POINT('',#1129);
#1129 = CARTESIAN_POINT('',(30.560791015625,-9.713256835938,2.5));
#1130 = SURFACE_CURVE('',#1131,(#1135,#1142),.PCURVE_S1.);
#1131 = LINE('',#1132,#1133);
#1132 = CARTESIAN_POINT('',(29.68408203125,-9.713256835938,2.5));
#1133 = VECTOR('',#1134,1.);
#1134 = DIRECTION('',(1.,0.,0.));
#1135 = PCURVE('',#126,#1136);
#1136 = DEFINITIONAL_REPRESENTATION('',(#1137),#1141);
#1137 = LINE('',#1138,#1139);
#1138 = CARTESIAN_POINT('',(109.68408203125,8.286743164062));
#1139 = VECTOR('',#1140,1.);
#1140 = DIRECTION('',(1.,0.));
#1141 = ( GEOMETRIC_REPRESENTATION_CONTEXT(2) 
PARAMETRIC_REPRESENTATION_CONTEXT() REPRESENTATION_CONTEXT('2D SPACE',''
  ) );
#1142 = PCURVE('',#1143,#1148);
#1143 = PLANE('',#1144);
#1144 = AXIS2_PLACEMENT_3D('',#1145,#1146,#1147);
#1145 = CARTESIAN_POINT('',(29.68408203125,-9.713256835938,2.5));
#1146 = DIRECTION('',(0.,-1.,0.));
#1147 = DIRECTION('',(1.,0.,0.));
#1148 = DEFINITIONAL_REPRESENTATION('',(#1149),#1153);
#1149 = LINE('',#1150,#1151);
#1150 = CARTESIAN_POINT('',(0.,0.));
#1151 = VECTOR('',#1152,1.);
#1152 = DIRECTION('',(1.,0.));
#1153 = ( GEOMETRIC_REPRESENTATION_CONTEXT(2) 
PARAMETRIC_REPRESENTATION_CONTEXT() REPRESENTATION_CONTEXT('2D SPACE',''
  ) );
#1154 = ORIENTED_EDGE('',*,*,#1155,.T.);
#1155 = EDGE_CURVE('',#1128,#1156,#1158,.T.);
#1156 = VERTEX_POINT('',#1157);
#1157 = CARTESIAN_POINT('',(30.560791015625,-10.08239746093,2.5));
#1158 = SURFACE_CURVE('',#1159,(#1163,#1170),.PCURVE_S1.);
#1159 = LINE('',#1160,#1161);
#1160 = CARTESIAN_POINT('',(30.560791015625,-9.713256835938,2.5));
#1161 = VECTOR('',#1162,1.);
#1162 = DIRECTION('',(0.,-1.,0.));
#1163 = PCURVE('',#126,#1164);
#1164 = DEFINITIONAL_REPRESENTATION('',(#1165),#1169);
#1165 = LINE('',#1166,#1167);
#1166 = CARTESIAN_POINT('',(110.56079101562,8.286743164062));
#1167 = VECTOR('',#1168,1.);
#1168 = DIRECTION('',(0.,-1.));
#1169 = ( GEOMETRIC_REPRESENTATION_CONTEXT(2) 
PARAMETRIC_REPRESENTATION_CONTEXT() REPRESENTATION_CONTEXT('2D SPACE',''
  ) );
#1170 = PCURVE('',#1171,#1176);
#1171 = PLANE('',#1172);
#1172 = AXIS2_PLACEMENT_3D('',#1173,#1174,#1175);
#1173 = CARTESIAN_POINT('',(30.560791015625,-9.713256835938,2.5));
#1174 = DIRECTION('',(-1.,0.,0.));
#1175 = DIRECTION('',(0.,-1.,0.));
#1176 = DEFINITIONAL_REPRESENTATION('',(#1177),#1181);
#1177 = LINE('',#1178,#1179);
#1178 = CARTESIAN_POINT('',(0.,0.));
#1179 = VECTOR('',#1180,1.);
#1180 = DIRECTION('',(1.,0.));
#1181 = ( GEOMETRIC_REPRESENTATION_CONTEXT(2) 
PARAMETRIC_REPRESENTATION_CONTEXT() REPRESENTATION_CONTEXT('2D SPACE',''
  ) );
#1182 = ORIENTED_EDGE('',*,*,#1183,.T.);
#1183 = EDGE_CURVE('',#1156,#874,#1184,.T.);
#1184 = SURFACE_CURVE('',#1185,(#1189,#1196),.PCURVE_S1.);
#1185 = LINE('',#1186,#1187);
#1186 = CARTESIAN_POINT('',(30.560791015625,-10.08239746093,2.5));
#1187 = VECTOR('',#1188,1.);
#1188 = DIRECTION('',(-1.,0.,0.));
#1189 = PCURVE('',#126,#1190);
#1190 = DEFINITIONAL_REPRESENTATION('',(#1191),#1195);
#1191 = LINE('',#1192,#1193);
#1192 = CARTESIAN_POINT('',(110.56079101562,7.917602539062));
#1193 = VECTOR('',#1194,1.);
#1194 = DIRECTION('',(-1.,0.));
#1195 = ( GEOMETRIC_REPRESENTATION_CONTEXT(2) 
PARAMETRIC_REPRESENTATION_CONTEXT() REPRESENTATION_CONTEXT('2D SPACE',''
  ) );
#1196 = PCURVE('',#1197,#1202);
#1197 = PLANE('',#1198);
#1198 = AXIS2_PLACEMENT_3D('',#1199,#1200,#1201);
#1199 = CARTESIAN_POINT('',(30.560791015625,-10.08239746093,2.5));
#1200 = DIRECTION('',(0.,1.,0.));
#1201 = DIRECTION('',(-1.,0.,0.));
#1202 = DEFINITIONAL_REPRESENTATION('',(#1203),#1207);
#1203 = LINE('',#1204,#1205);
#1204 = CARTESIAN_POINT('',(0.,0.));
#1205 = VECTOR('',#1206,1.);
#1206 = DIRECTION('',(1.,0.));
#1207 = ( GEOMETRIC_REPRESENTATION_CONTEXT(2) 
PARAMETRIC_REPRESENTATION_CONTEXT() REPRESENTATION_CONTEXT('2D SPACE',''
  ) );
#1208 = FACE_BOUND('',#1209,.T.);
#1209 = EDGE_LOOP('',(#1210,#1242,#1270,#1300,#1330,#1360,#1390,#1420,
    #1450,#1480,#1510,#1538,#1566,#1594,#1622,#1650,#1678,#1708,#1738,
    #1768,#1798,#1828));
#1210 = ORIENTED_EDGE('',*,*,#1211,.T.);
#1211 = EDGE_CURVE('',#1212,#1214,#1216,.T.);
#1212 = VERTEX_POINT('',#1213);
#1213 = CARTESIAN_POINT('',(33.818237304688,-11.29528808593,2.5));
#1214 = VERTEX_POINT('',#1215);
#1215 = CARTESIAN_POINT('',(33.500732421875,-10.64270019531,2.5));
#1216 = SURFACE_CURVE('',#1217,(#1221,#1228),.PCURVE_S1.);
#1217 = B_SPLINE_CURVE_WITH_KNOTS('',2,(#1218,#1219,#1220),
  .UNSPECIFIED.,.F.,.F.,(3,3),(0.,1.),.PIECEWISE_BEZIER_KNOTS.);
#1218 = CARTESIAN_POINT('',(33.818237304688,-11.29528808593,2.5));
#1219 = CARTESIAN_POINT('',(33.540283203125,-11.04919433593,2.5));
#1220 = CARTESIAN_POINT('',(33.500732421875,-10.64270019531,2.5));
#1221 = PCURVE('',#126,#1222);
#1222 = DEFINITIONAL_REPRESENTATION('',(#1223),#1227);
#1223 = B_SPLINE_CURVE_WITH_KNOTS('',2,(#1224,#1225,#1226),
  .UNSPECIFIED.,.F.,.F.,(3,3),(0.,1.),.PIECEWISE_BEZIER_KNOTS.);
#1224 = CARTESIAN_POINT('',(113.81823730468,6.704711914062));
#1225 = CARTESIAN_POINT('',(113.54028320312,6.950805664062));
#1226 = CARTESIAN_POINT('',(113.50073242187,7.357299804688));
#1227 = ( GEOMETRIC_REPRESENTATION_CONTEXT(2) 
PARAMETRIC_REPRESENTATION_CONTEXT() REPRESENTATION_CONTEXT('2D SPACE',''
  ) );
#1228 = PCURVE('',#1229,#1236);
#1229 = SURFACE_OF_LINEAR_EXTRUSION('',#1230,#1234);
#1230 = B_SPLINE_CURVE_WITH_KNOTS('',2,(#1231,#1232,#1233),
  .UNSPECIFIED.,.F.,.F.,(3,3),(0.,1.),.PIECEWISE_BEZIER_KNOTS.);
#1231 = CARTESIAN_POINT('',(33.818237304688,-11.29528808593,2.5));
#1232 = CARTESIAN_POINT('',(33.540283203125,-11.04919433593,2.5));
#1233 = CARTESIAN_POINT('',(33.500732421875,-10.64270019531,2.5));
#1234 = VECTOR('',#1235,1.);
#1235 = DIRECTION('',(0.,0.,1.));
#1236 = DEFINITIONAL_REPRESENTATION('',(#1237),#1241);
#1237 = LINE('',#1238,#1239);
#1238 = CARTESIAN_POINT('',(0.,0.));
#1239 = VECTOR('',#1240,1.);
#1240 = DIRECTION('',(1.,0.));
#1241 = ( GEOMETRIC_REPRESENTATION_CONTEXT(2) 
PARAMETRIC_REPRESENTATION_CONTEXT() REPRESENTATION_CONTEXT('2D SPACE',''
  ) );
#1242 = ORIENTED_EDGE('',*,*,#1243,.T.);
#1243 = EDGE_CURVE('',#1214,#1244,#1246,.T.);
#1244 = VERTEX_POINT('',#1245);
#1245 = CARTESIAN_POINT('',(33.916015625,-10.60754394531,2.5));
#1246 = SURFACE_CURVE('',#1247,(#1251,#1258),.PCURVE_S1.);
#1247 = LINE('',#1248,#1249);
#1248 = CARTESIAN_POINT('',(33.500732421875,-10.64270019531,2.5));
#1249 = VECTOR('',#1250,1.);
#1250 = DIRECTION('',(0.996435819697,8.43543551066E-02,0.));
#1251 = PCURVE('',#126,#1252);
#1252 = DEFINITIONAL_REPRESENTATION('',(#1253),#1257);
#1253 = LINE('',#1254,#1255);
#1254 = CARTESIAN_POINT('',(113.50073242187,7.357299804688));
#1255 = VECTOR('',#1256,1.);
#1256 = DIRECTION('',(0.996435819697,8.43543551066E-02));
#1257 = ( GEOMETRIC_REPRESENTATION_CONTEXT(2) 
PARAMETRIC_REPRESENTATION_CONTEXT() REPRESENTATION_CONTEXT('2D SPACE',''
  ) );
#1258 = PCURVE('',#1259,#1264);
#1259 = PLANE('',#1260);
#1260 = AXIS2_PLACEMENT_3D('',#1261,#1262,#1263);
#1261 = CARTESIAN_POINT('',(33.500732421875,-10.64270019531,2.5));
#1262 = DIRECTION('',(8.43543551066E-02,-0.996435819697,0.));
#1263 = DIRECTION('',(0.996435819697,8.43543551066E-02,0.));
#1264 = DEFINITIONAL_REPRESENTATION('',(#1265),#1269);
#1265 = LINE('',#1266,#1267);
#1266 = CARTESIAN_POINT('',(0.,0.));
#1267 = VECTOR('',#1268,1.);
#1268 = DIRECTION('',(1.,0.));
#1269 = ( GEOMETRIC_REPRESENTATION_CONTEXT(2) 
PARAMETRIC_REPRESENTATION_CONTEXT() REPRESENTATION_CONTEXT('2D SPACE',''
  ) );
#1270 = ORIENTED_EDGE('',*,*,#1271,.T.);
#1271 = EDGE_CURVE('',#1244,#1272,#1274,.T.);
#1272 = VERTEX_POINT('',#1273);
#1273 = CARTESIAN_POINT('',(34.130249023438,-11.0634765625,2.5));
#1274 = SURFACE_CURVE('',#1275,(#1279,#1286),.PCURVE_S1.);
#1275 = B_SPLINE_CURVE_WITH_KNOTS('',2,(#1276,#1277,#1278),
  .UNSPECIFIED.,.F.,.F.,(3,3),(0.,1.),.PIECEWISE_BEZIER_KNOTS.);
#1276 = CARTESIAN_POINT('',(33.916015625,-10.60754394531,2.5));
#1277 = CARTESIAN_POINT('',(33.962158203125,-10.91076660156,2.5));
#1278 = CARTESIAN_POINT('',(34.130249023438,-11.0634765625,2.5));
#1279 = PCURVE('',#126,#1280);
#1280 = DEFINITIONAL_REPRESENTATION('',(#1281),#1285);
#1281 = B_SPLINE_CURVE_WITH_KNOTS('',2,(#1282,#1283,#1284),
  .UNSPECIFIED.,.F.,.F.,(3,3),(0.,1.),.PIECEWISE_BEZIER_KNOTS.);
#1282 = CARTESIAN_POINT('',(113.916015625,7.392456054688));
#1283 = CARTESIAN_POINT('',(113.96215820312,7.089233398438));
#1284 = CARTESIAN_POINT('',(114.13024902343,6.9365234375));
#1285 = ( GEOMETRIC_REPRESENTATION_CONTEXT(2) 
PARAMETRIC_REPRESENTATION_CONTEXT() REPRESENTATION_CONTEXT('2D SPACE',''
  ) );
#1286 = PCURVE('',#1287,#1294);
#1287 = SURFACE_OF_LINEAR_EXTRUSION('',#1288,#1292);
#1288 = B_SPLINE_CURVE_WITH_KNOTS('',2,(#1289,#1290,#1291),
  .UNSPECIFIED.,.F.,.F.,(3,3),(0.,1.),.PIECEWISE_BEZIER_KNOTS.);
#1289 = CARTESIAN_POINT('',(33.916015625,-10.60754394531,2.5));
#1290 = CARTESIAN_POINT('',(33.962158203125,-10.91076660156,2.5));
#1291 = CARTESIAN_POINT('',(34.130249023438,-11.0634765625,2.5));
#1292 = VECTOR('',#1293,1.);
#1293 = DIRECTION('',(0.,0.,1.));
#1294 = DEFINITIONAL_REPRESENTATION('',(#1295),#1299);
#1295 = LINE('',#1296,#1297);
#1296 = CARTESIAN_POINT('',(0.,0.));
#1297 = VECTOR('',#1298,1.);
#1298 = DIRECTION('',(1.,0.));
#1299 = ( GEOMETRIC_REPRESENTATION_CONTEXT(2) 
PARAMETRIC_REPRESENTATION_CONTEXT() REPRESENTATION_CONTEXT('2D SPACE',''
  ) );
#1300 = ORIENTED_EDGE('',*,*,#1301,.T.);
#1301 = EDGE_CURVE('',#1272,#1302,#1304,.T.);
#1302 = VERTEX_POINT('',#1303);
#1303 = CARTESIAN_POINT('',(34.53564453125,-11.21618652343,2.5));
#1304 = SURFACE_CURVE('',#1305,(#1309,#1316),.PCURVE_S1.);
#1305 = B_SPLINE_CURVE_WITH_KNOTS('',2,(#1306,#1307,#1308),
  .UNSPECIFIED.,.F.,.F.,(3,3),(0.,1.),.PIECEWISE_BEZIER_KNOTS.);
#1306 = CARTESIAN_POINT('',(34.130249023438,-11.0634765625,2.5));
#1307 = CARTESIAN_POINT('',(34.29833984375,-11.21618652343,2.5));
#1308 = CARTESIAN_POINT('',(34.53564453125,-11.21618652343,2.5));
#1309 = PCURVE('',#126,#1310);
#1310 = DEFINITIONAL_REPRESENTATION('',(#1311),#1315);
#1311 = B_SPLINE_CURVE_WITH_KNOTS('',2,(#1312,#1313,#1314),
  .UNSPECIFIED.,.F.,.F.,(3,3),(0.,1.),.PIECEWISE_BEZIER_KNOTS.);
#1312 = CARTESIAN_POINT('',(114.13024902343,6.9365234375));
#1313 = CARTESIAN_POINT('',(114.29833984375,6.783813476562));
#1314 = CARTESIAN_POINT('',(114.53564453125,6.783813476562));
#1315 = ( GEOMETRIC_REPRESENTATION_CONTEXT(2) 
PARAMETRIC_REPRESENTATION_CONTEXT() REPRESENTATION_CONTEXT('2D SPACE',''
  ) );
#1316 = PCURVE('',#1317,#1324);
#1317 = SURFACE_OF_LINEAR_EXTRUSION('',#1318,#1322);
#1318 = B_SPLINE_CURVE_WITH_KNOTS('',2,(#1319,#1320,#1321),
  .UNSPECIFIED.,.F.,.F.,(3,3),(0.,1.),.PIECEWISE_BEZIER_KNOTS.);
#1319 = CARTESIAN_POINT('',(34.130249023438,-11.0634765625,2.5));
#1320 = CARTESIAN_POINT('',(34.29833984375,-11.21618652343,2.5));
#1321 = CARTESIAN_POINT('',(34.53564453125,-11.21618652343,2.5));
#1322 = VECTOR('',#1323,1.);
#1323 = DIRECTION('',(0.,0.,1.));
#1324 = DEFINITIONAL_REPRESENTATION('',(#1325),#1329);
#1325 = LINE('',#1326,#1327);
#1326 = CARTESIAN_POINT('',(0.,0.));
#1327 = VECTOR('',#1328,1.);
#1328 = DIRECTION('',(1.,0.));
#1329 = ( GEOMETRIC_REPRESENTATION_CONTEXT(2) 
PARAMETRIC_REPRESENTATION_CONTEXT() REPRESENTATION_CONTEXT('2D SPACE',''
  ) );
#1330 = ORIENTED_EDGE('',*,*,#1331,.T.);
#1331 = EDGE_CURVE('',#1302,#1332,#1334,.T.);
#1332 = VERTEX_POINT('',#1333);
#1333 = CARTESIAN_POINT('',(35.01904296875,-11.00085449218,2.5));
#1334 = SURFACE_CURVE('',#1335,(#1339,#1346),.PCURVE_S1.);
#1335 = B_SPLINE_CURVE_WITH_KNOTS('',2,(#1336,#1337,#1338),
  .UNSPECIFIED.,.F.,.F.,(3,3),(0.,1.),.PIECEWISE_BEZIER_KNOTS.);
#1336 = CARTESIAN_POINT('',(34.53564453125,-11.21618652343,2.5));
#1337 = CARTESIAN_POINT('',(34.8212890625,-11.21618652343,2.5));
#1338 = CARTESIAN_POINT('',(35.01904296875,-11.00085449218,2.5));
#1339 = PCURVE('',#126,#1340);
#1340 = DEFINITIONAL_REPRESENTATION('',(#1341),#1345);
#1341 = B_SPLINE_CURVE_WITH_KNOTS('',2,(#1342,#1343,#1344),
  .UNSPECIFIED.,.F.,.F.,(3,3),(0.,1.),.PIECEWISE_BEZIER_KNOTS.);
#1342 = CARTESIAN_POINT('',(114.53564453125,6.783813476562));
#1343 = CARTESIAN_POINT('',(114.8212890625,6.783813476562));
#1344 = CARTESIAN_POINT('',(115.01904296875,6.999145507812));
#1345 = ( GEOMETRIC_REPRESENTATION_CONTEXT(2) 
PARAMETRIC_REPRESENTATION_CONTEXT() REPRESENTATION_CONTEXT('2D SPACE',''
  ) );
#1346 = PCURVE('',#1347,#1354);
#1347 = SURFACE_OF_LINEAR_EXTRUSION('',#1348,#1352);
#1348 = B_SPLINE_CURVE_WITH_KNOTS('',2,(#1349,#1350,#1351),
  .UNSPECIFIED.,.F.,.F.,(3,3),(0.,1.),.PIECEWISE_BEZIER_KNOTS.);
#1349 = CARTESIAN_POINT('',(34.53564453125,-11.21618652343,2.5));
#1350 = CARTESIAN_POINT('',(34.8212890625,-11.21618652343,2.5));
#1351 = CARTESIAN_POINT('',(35.01904296875,-11.00085449218,2.5));
#1352 = VECTOR('',#1353,1.);
#1353 = DIRECTION('',(0.,0.,1.));
#1354 = DEFINITIONAL_REPRESENTATION('',(#1355),#1359);
#1355 = LINE('',#1356,#1357);
#1356 = CARTESIAN_POINT('',(0.,0.));
#1357 = VECTOR('',#1358,1.);
#1358 = DIRECTION('',(1.,0.));
#1359 = ( GEOMETRIC_REPRESENTATION_CONTEXT(2) 
PARAMETRIC_REPRESENTATION_CONTEXT() REPRESENTATION_CONTEXT('2D SPACE',''
  ) );
#1360 = ORIENTED_EDGE('',*,*,#1361,.T.);
#1361 = EDGE_CURVE('',#1332,#1362,#1364,.T.);
#1362 = VERTEX_POINT('',#1363);
#1363 = CARTESIAN_POINT('',(35.216796875,-10.42956542968,2.5));
#1364 = SURFACE_CURVE('',#1365,(#1369,#1376),.PCURVE_S1.);
#1365 = B_SPLINE_CURVE_WITH_KNOTS('',2,(#1366,#1367,#1368),
  .UNSPECIFIED.,.F.,.F.,(3,3),(0.,1.),.PIECEWISE_BEZIER_KNOTS.);
#1366 = CARTESIAN_POINT('',(35.01904296875,-11.00085449218,2.5));
#1367 = CARTESIAN_POINT('',(35.216796875,-10.78552246093,2.5));
#1368 = CARTESIAN_POINT('',(35.216796875,-10.42956542968,2.5));
#1369 = PCURVE('',#126,#1370);
#1370 = DEFINITIONAL_REPRESENTATION('',(#1371),#1375);
#1371 = B_SPLINE_CURVE_WITH_KNOTS('',2,(#1372,#1373,#1374),
  .UNSPECIFIED.,.F.,.F.,(3,3),(0.,1.),.PIECEWISE_BEZIER_KNOTS.);
#1372 = CARTESIAN_POINT('',(115.01904296875,6.999145507812));
#1373 = CARTESIAN_POINT('',(115.216796875,7.214477539062));
#1374 = CARTESIAN_POINT('',(115.216796875,7.570434570312));
#1375 = ( GEOMETRIC_REPRESENTATION_CONTEXT(2) 
PARAMETRIC_REPRESENTATION_CONTEXT() REPRESENTATION_CONTEXT('2D SPACE',''
  ) );
#1376 = PCURVE('',#1377,#1384);
#1377 = SURFACE_OF_LINEAR_EXTRUSION('',#1378,#1382);
#1378 = B_SPLINE_CURVE_WITH_KNOTS('',2,(#1379,#1380,#1381),
  .UNSPECIFIED.,.F.,.F.,(3,3),(0.,1.),.PIECEWISE_BEZIER_KNOTS.);
#1379 = CARTESIAN_POINT('',(35.01904296875,-11.00085449218,2.5));
#1380 = CARTESIAN_POINT('',(35.216796875,-10.78552246093,2.5));
#1381 = CARTESIAN_POINT('',(35.216796875,-10.42956542968,2.5));
#1382 = VECTOR('',#1383,1.);
#1383 = DIRECTION('',(0.,0.,1.));
#1384 = DEFINITIONAL_REPRESENTATION('',(#1385),#1389);
#1385 = LINE('',#1386,#1387);
#1386 = CARTESIAN_POINT('',(0.,0.));
#1387 = VECTOR('',#1388,1.);
#1388 = DIRECTION('',(1.,0.));
#1389 = ( GEOMETRIC_REPRESENTATION_CONTEXT(2) 
PARAMETRIC_REPRESENTATION_CONTEXT() REPRESENTATION_CONTEXT('2D SPACE',''
  ) );
#1390 = ORIENTED_EDGE('',*,*,#1391,.T.);
#1391 = EDGE_CURVE('',#1362,#1392,#1394,.T.);
#1392 = VERTEX_POINT('',#1393);
#1393 = CARTESIAN_POINT('',(35.026733398438,-9.895629882812,2.5));
#1394 = SURFACE_CURVE('',#1395,(#1399,#1406),.PCURVE_S1.);
#1395 = B_SPLINE_CURVE_WITH_KNOTS('',2,(#1396,#1397,#1398),
  .UNSPECIFIED.,.F.,.F.,(3,3),(0.,1.),.PIECEWISE_BEZIER_KNOTS.);
#1396 = CARTESIAN_POINT('',(35.216796875,-10.42956542968,2.5));
#1397 = CARTESIAN_POINT('',(35.216796875,-10.09118652343,2.5));
#1398 = CARTESIAN_POINT('',(35.026733398438,-9.895629882812,2.5));
#1399 = PCURVE('',#126,#1400);
#1400 = DEFINITIONAL_REPRESENTATION('',(#1401),#1405);
#1401 = B_SPLINE_CURVE_WITH_KNOTS('',2,(#1402,#1403,#1404),
  .UNSPECIFIED.,.F.,.F.,(3,3),(0.,1.),.PIECEWISE_BEZIER_KNOTS.);
#1402 = CARTESIAN_POINT('',(115.216796875,7.570434570312));
#1403 = CARTESIAN_POINT('',(115.216796875,7.908813476562));
#1404 = CARTESIAN_POINT('',(115.02673339843,8.104370117188));
#1405 = ( GEOMETRIC_REPRESENTATION_CONTEXT(2) 
PARAMETRIC_REPRESENTATION_CONTEXT() REPRESENTATION_CONTEXT('2D SPACE',''
  ) );
#1406 = PCURVE('',#1407,#1414);
#1407 = SURFACE_OF_LINEAR_EXTRUSION('',#1408,#1412);
#1408 = B_SPLINE_CURVE_WITH_KNOTS('',2,(#1409,#1410,#1411),
  .UNSPECIFIED.,.F.,.F.,(3,3),(0.,1.),.PIECEWISE_BEZIER_KNOTS.);
#1409 = CARTESIAN_POINT('',(35.216796875,-10.42956542968,2.5));
#1410 = CARTESIAN_POINT('',(35.216796875,-10.09118652343,2.5));
#1411 = CARTESIAN_POINT('',(35.026733398438,-9.895629882812,2.5));
#1412 = VECTOR('',#1413,1.);
#1413 = DIRECTION('',(0.,0.,1.));
#1414 = DEFINITIONAL_REPRESENTATION('',(#1415),#1419);
#1415 = LINE('',#1416,#1417);
#1416 = CARTESIAN_POINT('',(0.,0.));
#1417 = VECTOR('',#1418,1.);
#1418 = DIRECTION('',(1.,0.));
#1419 = ( GEOMETRIC_REPRESENTATION_CONTEXT(2) 
PARAMETRIC_REPRESENTATION_CONTEXT() REPRESENTATION_CONTEXT('2D SPACE',''
  ) );
#1420 = ORIENTED_EDGE('',*,*,#1421,.T.);
#1421 = EDGE_CURVE('',#1392,#1422,#1424,.T.);
#1422 = VERTEX_POINT('',#1423);
#1423 = CARTESIAN_POINT('',(34.529052734375,-9.700073242188,2.5));
#1424 = SURFACE_CURVE('',#1425,(#1429,#1436),.PCURVE_S1.);
#1425 = B_SPLINE_CURVE_WITH_KNOTS('',2,(#1426,#1427,#1428),
  .UNSPECIFIED.,.F.,.F.,(3,3),(0.,1.),.PIECEWISE_BEZIER_KNOTS.);
#1426 = CARTESIAN_POINT('',(35.026733398438,-9.895629882812,2.5));
#1427 = CARTESIAN_POINT('',(34.836669921875,-9.700073242188,2.5));
#1428 = CARTESIAN_POINT('',(34.529052734375,-9.700073242188,2.5));
#1429 = PCURVE('',#126,#1430);
#1430 = DEFINITIONAL_REPRESENTATION('',(#1431),#1435);
#1431 = B_SPLINE_CURVE_WITH_KNOTS('',2,(#1432,#1433,#1434),
  .UNSPECIFIED.,.F.,.F.,(3,3),(0.,1.),.PIECEWISE_BEZIER_KNOTS.);
#1432 = CARTESIAN_POINT('',(115.02673339843,8.104370117188));
#1433 = CARTESIAN_POINT('',(114.83666992187,8.299926757812));
#1434 = CARTESIAN_POINT('',(114.52905273437,8.299926757812));
#1435 = ( GEOMETRIC_REPRESENTATION_CONTEXT(2) 
PARAMETRIC_REPRESENTATION_CONTEXT() REPRESENTATION_CONTEXT('2D SPACE',''
  ) );
#1436 = PCURVE('',#1437,#1444);
#1437 = SURFACE_OF_LINEAR_EXTRUSION('',#1438,#1442);
#1438 = B_SPLINE_CURVE_WITH_KNOTS('',2,(#1439,#1440,#1441),
  .UNSPECIFIED.,.F.,.F.,(3,3),(0.,1.),.PIECEWISE_BEZIER_KNOTS.);
#1439 = CARTESIAN_POINT('',(35.026733398438,-9.895629882812,2.5));
#1440 = CARTESIAN_POINT('',(34.836669921875,-9.700073242188,2.5));
#1441 = CARTESIAN_POINT('',(34.529052734375,-9.700073242188,2.5));
#1442 = VECTOR('',#1443,1.);
#1443 = DIRECTION('',(0.,0.,1.));
#1444 = DEFINITIONAL_REPRESENTATION('',(#1445),#1449);
#1445 = LINE('',#1446,#1447);
#1446 = CARTESIAN_POINT('',(0.,0.));
#1447 = VECTOR('',#1448,1.);
#1448 = DIRECTION('',(1.,0.));
#1449 = ( GEOMETRIC_REPRESENTATION_CONTEXT(2) 
PARAMETRIC_REPRESENTATION_CONTEXT() REPRESENTATION_CONTEXT('2D SPACE',''
  ) );
#1450 = ORIENTED_EDGE('',*,*,#1451,.T.);
#1451 = EDGE_CURVE('',#1422,#1452,#1454,.T.);
#1452 = VERTEX_POINT('',#1453);
#1453 = CARTESIAN_POINT('',(34.18408203125,-9.786865234375,2.5));
#1454 = SURFACE_CURVE('',#1455,(#1459,#1466),.PCURVE_S1.);
#1455 = B_SPLINE_CURVE_WITH_KNOTS('',2,(#1456,#1457,#1458),
  .UNSPECIFIED.,.F.,.F.,(3,3),(0.,1.),.PIECEWISE_BEZIER_KNOTS.);
#1456 = CARTESIAN_POINT('',(34.529052734375,-9.700073242188,2.5));
#1457 = CARTESIAN_POINT('',(34.337890625,-9.700073242188,2.5));
#1458 = CARTESIAN_POINT('',(34.18408203125,-9.786865234375,2.5));
#1459 = PCURVE('',#126,#1460);
#1460 = DEFINITIONAL_REPRESENTATION('',(#1461),#1465);
#1461 = B_SPLINE_CURVE_WITH_KNOTS('',2,(#1462,#1463,#1464),
  .UNSPECIFIED.,.F.,.F.,(3,3),(0.,1.),.PIECEWISE_BEZIER_KNOTS.);
#1462 = CARTESIAN_POINT('',(114.52905273437,8.299926757812));
#1463 = CARTESIAN_POINT('',(114.337890625,8.299926757812));
#1464 = CARTESIAN_POINT('',(114.18408203125,8.213134765625));
#1465 = ( GEOMETRIC_REPRESENTATION_CONTEXT(2) 
PARAMETRIC_REPRESENTATION_CONTEXT() REPRESENTATION_CONTEXT('2D SPACE',''
  ) );
#1466 = PCURVE('',#1467,#1474);
#1467 = SURFACE_OF_LINEAR_EXTRUSION('',#1468,#1472);
#1468 = B_SPLINE_CURVE_WITH_KNOTS('',2,(#1469,#1470,#1471),
  .UNSPECIFIED.,.F.,.F.,(3,3),(0.,1.),.PIECEWISE_BEZIER_KNOTS.);
#1469 = CARTESIAN_POINT('',(34.529052734375,-9.700073242188,2.5));
#1470 = CARTESIAN_POINT('',(34.337890625,-9.700073242188,2.5));
#1471 = CARTESIAN_POINT('',(34.18408203125,-9.786865234375,2.5));
#1472 = VECTOR('',#1473,1.);
#1473 = DIRECTION('',(0.,0.,1.));
#1474 = DEFINITIONAL_REPRESENTATION('',(#1475),#1479);
#1475 = LINE('',#1476,#1477);
#1476 = CARTESIAN_POINT('',(0.,0.));
#1477 = VECTOR('',#1478,1.);
#1478 = DIRECTION('',(1.,0.));
#1479 = ( GEOMETRIC_REPRESENTATION_CONTEXT(2) 
PARAMETRIC_REPRESENTATION_CONTEXT() REPRESENTATION_CONTEXT('2D SPACE',''
  ) );
#1480 = ORIENTED_EDGE('',*,*,#1481,.T.);
#1481 = EDGE_CURVE('',#1452,#1482,#1484,.T.);
#1482 = VERTEX_POINT('',#1483);
#1483 = CARTESIAN_POINT('',(33.9423828125,-10.01208496093,2.5));
#1484 = SURFACE_CURVE('',#1485,(#1489,#1496),.PCURVE_S1.);
#1485 = B_SPLINE_CURVE_WITH_KNOTS('',2,(#1486,#1487,#1488),
  .UNSPECIFIED.,.F.,.F.,(3,3),(0.,1.),.PIECEWISE_BEZIER_KNOTS.);
#1486 = CARTESIAN_POINT('',(34.18408203125,-9.786865234375,2.5));
#1487 = CARTESIAN_POINT('',(34.0302734375,-9.873657226562,2.5));
#1488 = CARTESIAN_POINT('',(33.9423828125,-10.01208496093,2.5));
#1489 = PCURVE('',#126,#1490);
#1490 = DEFINITIONAL_REPRESENTATION('',(#1491),#1495);
#1491 = B_SPLINE_CURVE_WITH_KNOTS('',2,(#1492,#1493,#1494),
  .UNSPECIFIED.,.F.,.F.,(3,3),(0.,1.),.PIECEWISE_BEZIER_KNOTS.);
#1492 = CARTESIAN_POINT('',(114.18408203125,8.213134765625));
#1493 = CARTESIAN_POINT('',(114.0302734375,8.126342773438));
#1494 = CARTESIAN_POINT('',(113.9423828125,7.987915039062));
#1495 = ( GEOMETRIC_REPRESENTATION_CONTEXT(2) 
PARAMETRIC_REPRESENTATION_CONTEXT() REPRESENTATION_CONTEXT('2D SPACE',''
  ) );
#1496 = PCURVE('',#1497,#1504);
#1497 = SURFACE_OF_LINEAR_EXTRUSION('',#1498,#1502);
#1498 = B_SPLINE_CURVE_WITH_KNOTS('',2,(#1499,#1500,#1501),
  .UNSPECIFIED.,.F.,.F.,(3,3),(0.,1.),.PIECEWISE_BEZIER_KNOTS.);
#1499 = CARTESIAN_POINT('',(34.18408203125,-9.786865234375,2.5));
#1500 = CARTESIAN_POINT('',(34.0302734375,-9.873657226562,2.5));
#1501 = CARTESIAN_POINT('',(33.9423828125,-10.01208496093,2.5));
#1502 = VECTOR('',#1503,1.);
#1503 = DIRECTION('',(0.,0.,1.));
#1504 = DEFINITIONAL_REPRESENTATION('',(#1505),#1509);
#1505 = LINE('',#1506,#1507);
#1506 = CARTESIAN_POINT('',(0.,0.));
#1507 = VECTOR('',#1508,1.);
#1508 = DIRECTION('',(1.,0.));
#1509 = ( GEOMETRIC_REPRESENTATION_CONTEXT(2) 
PARAMETRIC_REPRESENTATION_CONTEXT() REPRESENTATION_CONTEXT('2D SPACE',''
  ) );
#1510 = ORIENTED_EDGE('',*,*,#1511,.T.);
#1511 = EDGE_CURVE('',#1482,#1512,#1514,.T.);
#1512 = VERTEX_POINT('',#1513);
#1513 = CARTESIAN_POINT('',(33.571044921875,-9.963745117188,2.5));
#1514 = SURFACE_CURVE('',#1515,(#1519,#1526),.PCURVE_S1.);
#1515 = LINE('',#1516,#1517);
#1516 = CARTESIAN_POINT('',(33.9423828125,-10.01208496093,2.5));
#1517 = VECTOR('',#1518,1.);
#1518 = DIRECTION('',(-0.991633098704,0.129088332376,0.));
#1519 = PCURVE('',#126,#1520);
#1520 = DEFINITIONAL_REPRESENTATION('',(#1521),#1525);
#1521 = LINE('',#1522,#1523);
#1522 = CARTESIAN_POINT('',(113.9423828125,7.987915039062));
#1523 = VECTOR('',#1524,1.);
#1524 = DIRECTION('',(-0.991633098704,0.129088332376));
#1525 = ( GEOMETRIC_REPRESENTATION_CONTEXT(2) 
PARAMETRIC_REPRESENTATION_CONTEXT() REPRESENTATION_CONTEXT('2D SPACE',''
  ) );
#1526 = PCURVE('',#1527,#1532);
#1527 = PLANE('',#1528);
#1528 = AXIS2_PLACEMENT_3D('',#1529,#1530,#1531);
#1529 = CARTESIAN_POINT('',(33.9423828125,-10.01208496093,2.5));
#1530 = DIRECTION('',(0.129088332376,0.991633098704,0.));
#1531 = DIRECTION('',(-0.991633098704,0.129088332376,0.));
#1532 = DEFINITIONAL_REPRESENTATION('',(#1533),#1537);
#1533 = LINE('',#1534,#1535);
#1534 = CARTESIAN_POINT('',(0.,0.));
#1535 = VECTOR('',#1536,1.);
#1536 = DIRECTION('',(1.,0.));
#1537 = ( GEOMETRIC_REPRESENTATION_CONTEXT(2) 
PARAMETRIC_REPRESENTATION_CONTEXT() REPRESENTATION_CONTEXT('2D SPACE',''
  ) );
#1538 = ORIENTED_EDGE('',*,*,#1539,.T.);
#1539 = EDGE_CURVE('',#1512,#1540,#1542,.T.);
#1540 = VERTEX_POINT('',#1541);
#1541 = CARTESIAN_POINT('',(33.883056640625,-8.309204101562,2.5));
#1542 = SURFACE_CURVE('',#1543,(#1547,#1554),.PCURVE_S1.);
#1543 = LINE('',#1544,#1545);
#1544 = CARTESIAN_POINT('',(33.571044921875,-9.963745117188,2.5));
#1545 = VECTOR('',#1546,1.);
#1546 = DIRECTION('',(0.18531275207,0.982679593723,0.));
#1547 = PCURVE('',#126,#1548);
#1548 = DEFINITIONAL_REPRESENTATION('',(#1549),#1553);
#1549 = LINE('',#1550,#1551);
#1550 = CARTESIAN_POINT('',(113.57104492187,8.036254882812));
#1551 = VECTOR('',#1552,1.);
#1552 = DIRECTION('',(0.18531275207,0.982679593723));
#1553 = ( GEOMETRIC_REPRESENTATION_CONTEXT(2) 
PARAMETRIC_REPRESENTATION_CONTEXT() REPRESENTATION_CONTEXT('2D SPACE',''
  ) );
#1554 = PCURVE('',#1555,#1560);
#1555 = PLANE('',#1556);
#1556 = AXIS2_PLACEMENT_3D('',#1557,#1558,#1559);
#1557 = CARTESIAN_POINT('',(33.571044921875,-9.963745117188,2.5));
#1558 = DIRECTION('',(0.982679593723,-0.18531275207,0.));
#1559 = DIRECTION('',(0.18531275207,0.982679593723,0.));
#1560 = DEFINITIONAL_REPRESENTATION('',(#1561),#1565);
#1561 = LINE('',#1562,#1563);
#1562 = CARTESIAN_POINT('',(0.,0.));
#1563 = VECTOR('',#1564,1.);
#1564 = DIRECTION('',(1.,0.));
#1565 = ( GEOMETRIC_REPRESENTATION_CONTEXT(2) 
PARAMETRIC_REPRESENTATION_CONTEXT() REPRESENTATION_CONTEXT('2D SPACE',''
  ) );
#1566 = ORIENTED_EDGE('',*,*,#1567,.T.);
#1567 = EDGE_CURVE('',#1540,#1568,#1570,.T.);
#1568 = VERTEX_POINT('',#1569);
#1569 = CARTESIAN_POINT('',(35.48486328125,-8.309204101562,2.5));
#1570 = SURFACE_CURVE('',#1571,(#1575,#1582),.PCURVE_S1.);
#1571 = LINE('',#1572,#1573);
#1572 = CARTESIAN_POINT('',(33.883056640625,-8.309204101562,2.5));
#1573 = VECTOR('',#1574,1.);
#1574 = DIRECTION('',(1.,0.,0.));
#1575 = PCURVE('',#126,#1576);
#1576 = DEFINITIONAL_REPRESENTATION('',(#1577),#1581);
#1577 = LINE('',#1578,#1579);
#1578 = CARTESIAN_POINT('',(113.88305664062,9.690795898438));
#1579 = VECTOR('',#1580,1.);
#1580 = DIRECTION('',(1.,0.));
#1581 = ( GEOMETRIC_REPRESENTATION_CONTEXT(2) 
PARAMETRIC_REPRESENTATION_CONTEXT() REPRESENTATION_CONTEXT('2D SPACE',''
  ) );
#1582 = PCURVE('',#1583,#1588);
#1583 = PLANE('',#1584);
#1584 = AXIS2_PLACEMENT_3D('',#1585,#1586,#1587);
#1585 = CARTESIAN_POINT('',(33.883056640625,-8.309204101562,2.5));
#1586 = DIRECTION('',(0.,-1.,0.));
#1587 = DIRECTION('',(1.,0.,0.));
#1588 = DEFINITIONAL_REPRESENTATION('',(#1589),#1593);
#1589 = LINE('',#1590,#1591);
#1590 = CARTESIAN_POINT('',(0.,0.));
#1591 = VECTOR('',#1592,1.);
#1592 = DIRECTION('',(1.,0.));
#1593 = ( GEOMETRIC_REPRESENTATION_CONTEXT(2) 
PARAMETRIC_REPRESENTATION_CONTEXT() REPRESENTATION_CONTEXT('2D SPACE',''
  ) );
#1594 = ORIENTED_EDGE('',*,*,#1595,.T.);
#1595 = EDGE_CURVE('',#1568,#1596,#1598,.T.);
#1596 = VERTEX_POINT('',#1597);
#1597 = CARTESIAN_POINT('',(35.48486328125,-8.687133789062,2.5));
#1598 = SURFACE_CURVE('',#1599,(#1603,#1610),.PCURVE_S1.);
#1599 = LINE('',#1600,#1601);
#1600 = CARTESIAN_POINT('',(35.48486328125,-8.309204101562,2.5));
#1601 = VECTOR('',#1602,1.);
#1602 = DIRECTION('',(0.,-1.,0.));
#1603 = PCURVE('',#126,#1604);
#1604 = DEFINITIONAL_REPRESENTATION('',(#1605),#1609);
#1605 = LINE('',#1606,#1607);
#1606 = CARTESIAN_POINT('',(115.48486328125,9.690795898438));
#1607 = VECTOR('',#1608,1.);
#1608 = DIRECTION('',(0.,-1.));
#1609 = ( GEOMETRIC_REPRESENTATION_CONTEXT(2) 
PARAMETRIC_REPRESENTATION_CONTEXT() REPRESENTATION_CONTEXT('2D SPACE',''
  ) );
#1610 = PCURVE('',#1611,#1616);
#1611 = PLANE('',#1612);
#1612 = AXIS2_PLACEMENT_3D('',#1613,#1614,#1615);
#1613 = CARTESIAN_POINT('',(35.48486328125,-8.309204101562,2.5));
#1614 = DIRECTION('',(-1.,0.,0.));
#1615 = DIRECTION('',(0.,-1.,0.));
#1616 = DEFINITIONAL_REPRESENTATION('',(#1617),#1621);
#1617 = LINE('',#1618,#1619);
#1618 = CARTESIAN_POINT('',(0.,0.));
#1619 = VECTOR('',#1620,1.);
#1620 = DIRECTION('',(1.,0.));
#1621 = ( GEOMETRIC_REPRESENTATION_CONTEXT(2) 
PARAMETRIC_REPRESENTATION_CONTEXT() REPRESENTATION_CONTEXT('2D SPACE',''
  ) );
#1622 = ORIENTED_EDGE('',*,*,#1623,.T.);
#1623 = EDGE_CURVE('',#1596,#1624,#1626,.T.);
#1624 = VERTEX_POINT('',#1625);
#1625 = CARTESIAN_POINT('',(34.199462890625,-8.687133789062,2.5));
#1626 = SURFACE_CURVE('',#1627,(#1631,#1638),.PCURVE_S1.);
#1627 = LINE('',#1628,#1629);
#1628 = CARTESIAN_POINT('',(35.48486328125,-8.687133789062,2.5));
#1629 = VECTOR('',#1630,1.);
#1630 = DIRECTION('',(-1.,0.,0.));
#1631 = PCURVE('',#126,#1632);
#1632 = DEFINITIONAL_REPRESENTATION('',(#1633),#1637);
#1633 = LINE('',#1634,#1635);
#1634 = CARTESIAN_POINT('',(115.48486328125,9.312866210938));
#1635 = VECTOR('',#1636,1.);
#1636 = DIRECTION('',(-1.,0.));
#1637 = ( GEOMETRIC_REPRESENTATION_CONTEXT(2) 
PARAMETRIC_REPRESENTATION_CONTEXT() REPRESENTATION_CONTEXT('2D SPACE',''
  ) );
#1638 = PCURVE('',#1639,#1644);
#1639 = PLANE('',#1640);
#1640 = AXIS2_PLACEMENT_3D('',#1641,#1642,#1643);
#1641 = CARTESIAN_POINT('',(35.48486328125,-8.687133789062,2.5));
#1642 = DIRECTION('',(0.,1.,0.));
#1643 = DIRECTION('',(-1.,0.,0.));
#1644 = DEFINITIONAL_REPRESENTATION('',(#1645),#1649);
#1645 = LINE('',#1646,#1647);
#1646 = CARTESIAN_POINT('',(0.,0.));
#1647 = VECTOR('',#1648,1.);
#1648 = DIRECTION('',(1.,0.));
#1649 = ( GEOMETRIC_REPRESENTATION_CONTEXT(2) 
PARAMETRIC_REPRESENTATION_CONTEXT() REPRESENTATION_CONTEXT('2D SPACE',''
  ) );
#1650 = ORIENTED_EDGE('',*,*,#1651,.T.);
#1651 = EDGE_CURVE('',#1624,#1652,#1654,.T.);
#1652 = VERTEX_POINT('',#1653);
#1653 = CARTESIAN_POINT('',(34.02587890625,-9.552856445312,2.5));
#1654 = SURFACE_CURVE('',#1655,(#1659,#1666),.PCURVE_S1.);
#1655 = LINE('',#1656,#1657);
#1656 = CARTESIAN_POINT('',(34.199462890625,-8.687133789062,2.5));
#1657 = VECTOR('',#1658,1.);
#1658 = DIRECTION('',(-0.196594677209,-0.980484845825,0.));
#1659 = PCURVE('',#126,#1660);
#1660 = DEFINITIONAL_REPRESENTATION('',(#1661),#1665);
#1661 = LINE('',#1662,#1663);
#1662 = CARTESIAN_POINT('',(114.19946289062,9.312866210938));
#1663 = VECTOR('',#1664,1.);
#1664 = DIRECTION('',(-0.196594677209,-0.980484845825));
#1665 = ( GEOMETRIC_REPRESENTATION_CONTEXT(2) 
PARAMETRIC_REPRESENTATION_CONTEXT() REPRESENTATION_CONTEXT('2D SPACE',''
  ) );
#1666 = PCURVE('',#1667,#1672);
#1667 = PLANE('',#1668);
#1668 = AXIS2_PLACEMENT_3D('',#1669,#1670,#1671);
#1669 = CARTESIAN_POINT('',(34.199462890625,-8.687133789062,2.5));
#1670 = DIRECTION('',(-0.980484845825,0.196594677209,0.));
#1671 = DIRECTION('',(-0.196594677209,-0.980484845825,0.));
#1672 = DEFINITIONAL_REPRESENTATION('',(#1673),#1677);
#1673 = LINE('',#1674,#1675);
#1674 = CARTESIAN_POINT('',(0.,0.));
#1675 = VECTOR('',#1676,1.);
#1676 = DIRECTION('',(1.,0.));
#1677 = ( GEOMETRIC_REPRESENTATION_CONTEXT(2) 
PARAMETRIC_REPRESENTATION_CONTEXT() REPRESENTATION_CONTEXT('2D SPACE',''
  ) );
#1678 = ORIENTED_EDGE('',*,*,#1679,.T.);
#1679 = EDGE_CURVE('',#1652,#1680,#1682,.T.);
#1680 = VERTEX_POINT('',#1681);
#1681 = CARTESIAN_POINT('',(34.634521484375,-9.350708007812,2.5));
#1682 = SURFACE_CURVE('',#1683,(#1687,#1694),.PCURVE_S1.);
#1683 = B_SPLINE_CURVE_WITH_KNOTS('',2,(#1684,#1685,#1686),
  .UNSPECIFIED.,.F.,.F.,(3,3),(0.,1.),.PIECEWISE_BEZIER_KNOTS.);
#1684 = CARTESIAN_POINT('',(34.02587890625,-9.552856445312,2.5));
#1685 = CARTESIAN_POINT('',(34.31591796875,-9.350708007812,2.5));
#1686 = CARTESIAN_POINT('',(34.634521484375,-9.350708007812,2.5));
#1687 = PCURVE('',#126,#1688);
#1688 = DEFINITIONAL_REPRESENTATION('',(#1689),#1693);
#1689 = B_SPLINE_CURVE_WITH_KNOTS('',2,(#1690,#1691,#1692),
  .UNSPECIFIED.,.F.,.F.,(3,3),(0.,1.),.PIECEWISE_BEZIER_KNOTS.);
#1690 = CARTESIAN_POINT('',(114.02587890625,8.447143554688));
#1691 = CARTESIAN_POINT('',(114.31591796875,8.649291992188));
#1692 = CARTESIAN_POINT('',(114.63452148437,8.649291992188));
#1693 = ( GEOMETRIC_REPRESENTATION_CONTEXT(2) 
PARAMETRIC_REPRESENTATION_CONTEXT() REPRESENTATION_CONTEXT('2D SPACE',''
  ) );
#1694 = PCURVE('',#1695,#1702);
#1695 = SURFACE_OF_LINEAR_EXTRUSION('',#1696,#1700);
#1696 = B_SPLINE_CURVE_WITH_KNOTS('',2,(#1697,#1698,#1699),
  .UNSPECIFIED.,.F.,.F.,(3,3),(0.,1.),.PIECEWISE_BEZIER_KNOTS.);
#1697 = CARTESIAN_POINT('',(34.02587890625,-9.552856445312,2.5));
#1698 = CARTESIAN_POINT('',(34.31591796875,-9.350708007812,2.5));
#1699 = CARTESIAN_POINT('',(34.634521484375,-9.350708007812,2.5));
#1700 = VECTOR('',#1701,1.);
#1701 = DIRECTION('',(0.,0.,1.));
#1702 = DEFINITIONAL_REPRESENTATION('',(#1703),#1707);
#1703 = LINE('',#1704,#1705);
#1704 = CARTESIAN_POINT('',(0.,0.));
#1705 = VECTOR('',#1706,1.);
#1706 = DIRECTION('',(1.,0.));
#1707 = ( GEOMETRIC_REPRESENTATION_CONTEXT(2) 
PARAMETRIC_REPRESENTATION_CONTEXT() REPRESENTATION_CONTEXT('2D SPACE',''
  ) );
#1708 = ORIENTED_EDGE('',*,*,#1709,.T.);
#1709 = EDGE_CURVE('',#1680,#1710,#1712,.T.);
#1710 = VERTEX_POINT('',#1711);
#1711 = CARTESIAN_POINT('',(35.346435546875,-9.642944335938,2.5));
#1712 = SURFACE_CURVE('',#1713,(#1717,#1724),.PCURVE_S1.);
#1713 = B_SPLINE_CURVE_WITH_KNOTS('',2,(#1714,#1715,#1716),
  .UNSPECIFIED.,.F.,.F.,(3,3),(0.,1.),.PIECEWISE_BEZIER_KNOTS.);
#1714 = CARTESIAN_POINT('',(34.634521484375,-9.350708007812,2.5));
#1715 = CARTESIAN_POINT('',(35.056396484375,-9.350708007812,2.5));
#1716 = CARTESIAN_POINT('',(35.346435546875,-9.642944335938,2.5));
#1717 = PCURVE('',#126,#1718);
#1718 = DEFINITIONAL_REPRESENTATION('',(#1719),#1723);
#1719 = B_SPLINE_CURVE_WITH_KNOTS('',2,(#1720,#1721,#1722),
  .UNSPECIFIED.,.F.,.F.,(3,3),(0.,1.),.PIECEWISE_BEZIER_KNOTS.);
#1720 = CARTESIAN_POINT('',(114.63452148437,8.649291992188));
#1721 = CARTESIAN_POINT('',(115.05639648437,8.649291992188));
#1722 = CARTESIAN_POINT('',(115.34643554687,8.357055664062));
#1723 = ( GEOMETRIC_REPRESENTATION_CONTEXT(2) 
PARAMETRIC_REPRESENTATION_CONTEXT() REPRESENTATION_CONTEXT('2D SPACE',''
  ) );
#1724 = PCURVE('',#1725,#1732);
#1725 = SURFACE_OF_LINEAR_EXTRUSION('',#1726,#1730);
#1726 = B_SPLINE_CURVE_WITH_KNOTS('',2,(#1727,#1728,#1729),
  .UNSPECIFIED.,.F.,.F.,(3,3),(0.,1.),.PIECEWISE_BEZIER_KNOTS.);
#1727 = CARTESIAN_POINT('',(34.634521484375,-9.350708007812,2.5));
#1728 = CARTESIAN_POINT('',(35.056396484375,-9.350708007812,2.5));
#1729 = CARTESIAN_POINT('',(35.346435546875,-9.642944335938,2.5));
#1730 = VECTOR('',#1731,1.);
#1731 = DIRECTION('',(0.,0.,1.));
#1732 = DEFINITIONAL_REPRESENTATION('',(#1733),#1737);
#1733 = LINE('',#1734,#1735);
#1734 = CARTESIAN_POINT('',(0.,0.));
#1735 = VECTOR('',#1736,1.);
#1736 = DIRECTION('',(1.,0.));
#1737 = ( GEOMETRIC_REPRESENTATION_CONTEXT(2) 
PARAMETRIC_REPRESENTATION_CONTEXT() REPRESENTATION_CONTEXT('2D SPACE',''
  ) );
#1738 = ORIENTED_EDGE('',*,*,#1739,.T.);
#1739 = EDGE_CURVE('',#1710,#1740,#1742,.T.);
#1740 = VERTEX_POINT('',#1741);
#1741 = CARTESIAN_POINT('',(35.636474609375,-10.39440917968,2.5));
#1742 = SURFACE_CURVE('',#1743,(#1747,#1754),.PCURVE_S1.);
#1743 = B_SPLINE_CURVE_WITH_KNOTS('',2,(#1744,#1745,#1746),
  .UNSPECIFIED.,.F.,.F.,(3,3),(0.,1.),.PIECEWISE_BEZIER_KNOTS.);
#1744 = CARTESIAN_POINT('',(35.346435546875,-9.642944335938,2.5));
#1745 = CARTESIAN_POINT('',(35.636474609375,-9.935180664062,2.5));
#1746 = CARTESIAN_POINT('',(35.636474609375,-10.39440917968,2.5));
#1747 = PCURVE('',#126,#1748);
#1748 = DEFINITIONAL_REPRESENTATION('',(#1749),#1753);
#1749 = B_SPLINE_CURVE_WITH_KNOTS('',2,(#1750,#1751,#1752),
  .UNSPECIFIED.,.F.,.F.,(3,3),(0.,1.),.PIECEWISE_BEZIER_KNOTS.);
#1750 = CARTESIAN_POINT('',(115.34643554687,8.357055664062));
#1751 = CARTESIAN_POINT('',(115.63647460937,8.064819335938));
#1752 = CARTESIAN_POINT('',(115.63647460937,7.605590820312));
#1753 = ( GEOMETRIC_REPRESENTATION_CONTEXT(2) 
PARAMETRIC_REPRESENTATION_CONTEXT() REPRESENTATION_CONTEXT('2D SPACE',''
  ) );
#1754 = PCURVE('',#1755,#1762);
#1755 = SURFACE_OF_LINEAR_EXTRUSION('',#1756,#1760);
#1756 = B_SPLINE_CURVE_WITH_KNOTS('',2,(#1757,#1758,#1759),
  .UNSPECIFIED.,.F.,.F.,(3,3),(0.,1.),.PIECEWISE_BEZIER_KNOTS.);
#1757 = CARTESIAN_POINT('',(35.346435546875,-9.642944335938,2.5));
#1758 = CARTESIAN_POINT('',(35.636474609375,-9.935180664062,2.5));
#1759 = CARTESIAN_POINT('',(35.636474609375,-10.39440917968,2.5));
#1760 = VECTOR('',#1761,1.);
#1761 = DIRECTION('',(0.,0.,1.));
#1762 = DEFINITIONAL_REPRESENTATION('',(#1763),#1767);
#1763 = LINE('',#1764,#1765);
#1764 = CARTESIAN_POINT('',(0.,0.));
#1765 = VECTOR('',#1766,1.);
#1766 = DIRECTION('',(1.,0.));
#1767 = ( GEOMETRIC_REPRESENTATION_CONTEXT(2) 
PARAMETRIC_REPRESENTATION_CONTEXT() REPRESENTATION_CONTEXT('2D SPACE',''
  ) );
#1768 = ORIENTED_EDGE('',*,*,#1769,.T.);
#1769 = EDGE_CURVE('',#1740,#1770,#1772,.T.);
#1770 = VERTEX_POINT('',#1771);
#1771 = CARTESIAN_POINT('',(35.381591796875,-11.15026855468,2.5));
#1772 = SURFACE_CURVE('',#1773,(#1777,#1784),.PCURVE_S1.);
#1773 = B_SPLINE_CURVE_WITH_KNOTS('',2,(#1774,#1775,#1776),
  .UNSPECIFIED.,.F.,.F.,(3,3),(0.,1.),.PIECEWISE_BEZIER_KNOTS.);
#1774 = CARTESIAN_POINT('',(35.636474609375,-10.39440917968,2.5));
#1775 = CARTESIAN_POINT('',(35.636474609375,-10.83166503906,2.5));
#1776 = CARTESIAN_POINT('',(35.381591796875,-11.15026855468,2.5));
#1777 = PCURVE('',#126,#1778);
#1778 = DEFINITIONAL_REPRESENTATION('',(#1779),#1783);
#1779 = B_SPLINE_CURVE_WITH_KNOTS('',2,(#1780,#1781,#1782),
  .UNSPECIFIED.,.F.,.F.,(3,3),(0.,1.),.PIECEWISE_BEZIER_KNOTS.);
#1780 = CARTESIAN_POINT('',(115.63647460937,7.605590820312));
#1781 = CARTESIAN_POINT('',(115.63647460937,7.168334960938));
#1782 = CARTESIAN_POINT('',(115.38159179687,6.849731445312));
#1783 = ( GEOMETRIC_REPRESENTATION_CONTEXT(2) 
PARAMETRIC_REPRESENTATION_CONTEXT() REPRESENTATION_CONTEXT('2D SPACE',''
  ) );
#1784 = PCURVE('',#1785,#1792);
#1785 = SURFACE_OF_LINEAR_EXTRUSION('',#1786,#1790);
#1786 = B_SPLINE_CURVE_WITH_KNOTS('',2,(#1787,#1788,#1789),
  .UNSPECIFIED.,.F.,.F.,(3,3),(0.,1.),.PIECEWISE_BEZIER_KNOTS.);
#1787 = CARTESIAN_POINT('',(35.636474609375,-10.39440917968,2.5));
#1788 = CARTESIAN_POINT('',(35.636474609375,-10.83166503906,2.5));
#1789 = CARTESIAN_POINT('',(35.381591796875,-11.15026855468,2.5));
#1790 = VECTOR('',#1791,1.);
#1791 = DIRECTION('',(0.,0.,1.));
#1792 = DEFINITIONAL_REPRESENTATION('',(#1793),#1797);
#1793 = LINE('',#1794,#1795);
#1794 = CARTESIAN_POINT('',(0.,0.));
#1795 = VECTOR('',#1796,1.);
#1796 = DIRECTION('',(1.,0.));
#1797 = ( GEOMETRIC_REPRESENTATION_CONTEXT(2) 
PARAMETRIC_REPRESENTATION_CONTEXT() REPRESENTATION_CONTEXT('2D SPACE',''
  ) );
#1798 = ORIENTED_EDGE('',*,*,#1799,.T.);
#1799 = EDGE_CURVE('',#1770,#1800,#1802,.T.);
#1800 = VERTEX_POINT('',#1801);
#1801 = CARTESIAN_POINT('',(34.53564453125,-11.54138183593,2.5));
#1802 = SURFACE_CURVE('',#1803,(#1807,#1814),.PCURVE_S1.);
#1803 = B_SPLINE_CURVE_WITH_KNOTS('',2,(#1804,#1805,#1806),
  .UNSPECIFIED.,.F.,.F.,(3,3),(0.,1.),.PIECEWISE_BEZIER_KNOTS.);
#1804 = CARTESIAN_POINT('',(35.381591796875,-11.15026855468,2.5));
#1805 = CARTESIAN_POINT('',(35.07177734375,-11.54138183593,2.5));
#1806 = CARTESIAN_POINT('',(34.53564453125,-11.54138183593,2.5));
#1807 = PCURVE('',#126,#1808);
#1808 = DEFINITIONAL_REPRESENTATION('',(#1809),#1813);
#1809 = B_SPLINE_CURVE_WITH_KNOTS('',2,(#1810,#1811,#1812),
  .UNSPECIFIED.,.F.,.F.,(3,3),(0.,1.),.PIECEWISE_BEZIER_KNOTS.);
#1810 = CARTESIAN_POINT('',(115.38159179687,6.849731445312));
#1811 = CARTESIAN_POINT('',(115.07177734375,6.458618164062));
#1812 = CARTESIAN_POINT('',(114.53564453125,6.458618164062));
#1813 = ( GEOMETRIC_REPRESENTATION_CONTEXT(2) 
PARAMETRIC_REPRESENTATION_CONTEXT() REPRESENTATION_CONTEXT('2D SPACE',''
  ) );
#1814 = PCURVE('',#1815,#1822);
#1815 = SURFACE_OF_LINEAR_EXTRUSION('',#1816,#1820);
#1816 = B_SPLINE_CURVE_WITH_KNOTS('',2,(#1817,#1818,#1819),
  .UNSPECIFIED.,.F.,.F.,(3,3),(0.,1.),.PIECEWISE_BEZIER_KNOTS.);
#1817 = CARTESIAN_POINT('',(35.381591796875,-11.15026855468,2.5));
#1818 = CARTESIAN_POINT('',(35.07177734375,-11.54138183593,2.5));
#1819 = CARTESIAN_POINT('',(34.53564453125,-11.54138183593,2.5));
#1820 = VECTOR('',#1821,1.);
#1821 = DIRECTION('',(0.,0.,1.));
#1822 = DEFINITIONAL_REPRESENTATION('',(#1823),#1827);
#1823 = LINE('',#1824,#1825);
#1824 = CARTESIAN_POINT('',(0.,0.));
#1825 = VECTOR('',#1826,1.);
#1826 = DIRECTION('',(1.,0.));
#1827 = ( GEOMETRIC_REPRESENTATION_CONTEXT(2) 
PARAMETRIC_REPRESENTATION_CONTEXT() REPRESENTATION_CONTEXT('2D SPACE',''
  ) );
#1828 = ORIENTED_EDGE('',*,*,#1829,.T.);
#1829 = EDGE_CURVE('',#1800,#1212,#1830,.T.);
#1830 = SURFACE_CURVE('',#1831,(#1835,#1842),.PCURVE_S1.);
#1831 = B_SPLINE_CURVE_WITH_KNOTS('',2,(#1832,#1833,#1834),
  .UNSPECIFIED.,.F.,.F.,(3,3),(0.,1.),.PIECEWISE_BEZIER_KNOTS.);
#1832 = CARTESIAN_POINT('',(34.53564453125,-11.54138183593,2.5));
#1833 = CARTESIAN_POINT('',(34.09619140625,-11.54138183593,2.5));
#1834 = CARTESIAN_POINT('',(33.818237304688,-11.29528808593,2.5));
#1835 = PCURVE('',#126,#1836);
#1836 = DEFINITIONAL_REPRESENTATION('',(#1837),#1841);
#1837 = B_SPLINE_CURVE_WITH_KNOTS('',2,(#1838,#1839,#1840),
  .UNSPECIFIED.,.F.,.F.,(3,3),(0.,1.),.PIECEWISE_BEZIER_KNOTS.);
#1838 = CARTESIAN_POINT('',(114.53564453125,6.458618164062));
#1839 = CARTESIAN_POINT('',(114.09619140625,6.458618164062));
#1840 = CARTESIAN_POINT('',(113.81823730468,6.704711914062));
#1841 = ( GEOMETRIC_REPRESENTATION_CONTEXT(2) 
PARAMETRIC_REPRESENTATION_CONTEXT() REPRESENTATION_CONTEXT('2D SPACE',''
  ) );
#1842 = PCURVE('',#1843,#1850);
#1843 = SURFACE_OF_LINEAR_EXTRUSION('',#1844,#1848);
#1844 = B_SPLINE_CURVE_WITH_KNOTS('',2,(#1845,#1846,#1847),
  .UNSPECIFIED.,.F.,.F.,(3,3),(0.,1.),.PIECEWISE_BEZIER_KNOTS.);
#1845 = CARTESIAN_POINT('',(34.53564453125,-11.54138183593,2.5));
#1846 = CARTESIAN_POINT('',(34.09619140625,-11.54138183593,2.5));
#1847 = CARTESIAN_POINT('',(33.818237304688,-11.29528808593,2.5));
#1848 = VECTOR('',#1849,1.);
#1849 = DIRECTION('',(0.,0.,1.));
#1850 = DEFINITIONAL_REPRESENTATION('',(#1851),#1855);
#1851 = LINE('',#1852,#1853);
#1852 = CARTESIAN_POINT('',(0.,0.));
#1853 = VECTOR('',#1854,1.);
#1854 = DIRECTION('',(1.,0.));
#1855 = ( GEOMETRIC_REPRESENTATION_CONTEXT(2) 
PARAMETRIC_REPRESENTATION_CONTEXT() REPRESENTATION_CONTEXT('2D SPACE',''
  ) );
#1856 = FACE_BOUND('',#1857,.T.);
#1857 = EDGE_LOOP('',(#1858,#1888,#1916,#1944,#1972,#2000,#2028,#2056,
    #2084,#2112,#2140,#2168));
#1858 = ORIENTED_EDGE('',*,*,#1859,.T.);
#1859 = EDGE_CURVE('',#1860,#1862,#1864,.T.);
#1860 = VERTEX_POINT('',#1861);
#1861 = CARTESIAN_POINT('',(61.68408203125,-10.08239746093,2.5));
#1862 = VERTEX_POINT('',#1863);
#1863 = CARTESIAN_POINT('',(61.68408203125,-10.96569824218,2.5));
#1864 = SURFACE_CURVE('',#1865,(#1869,#1876),.PCURVE_S1.);
#1865 = LINE('',#1866,#1867);
#1866 = CARTESIAN_POINT('',(61.68408203125,-10.08239746093,2.5));
#1867 = VECTOR('',#1868,1.);
#1868 = DIRECTION('',(0.,-1.,0.));
#1869 = PCURVE('',#126,#1870);
#1870 = DEFINITIONAL_REPRESENTATION('',(#1871),#1875);
#1871 = LINE('',#1872,#1873);
#1872 = CARTESIAN_POINT('',(141.68408203125,7.917602539062));
#1873 = VECTOR('',#1874,1.);
#1874 = DIRECTION('',(0.,-1.));
#1875 = ( GEOMETRIC_REPRESENTATION_CONTEXT(2) 
PARAMETRIC_REPRESENTATION_CONTEXT() REPRESENTATION_CONTEXT('2D SPACE',''
  ) );
#1876 = PCURVE('',#1877,#1882);
#1877 = PLANE('',#1878);
#1878 = AXIS2_PLACEMENT_3D('',#1879,#1880,#1881);
#1879 = CARTESIAN_POINT('',(61.68408203125,-10.08239746093,2.5));
#1880 = DIRECTION('',(-1.,0.,0.));
#1881 = DIRECTION('',(0.,-1.,0.));
#1882 = DEFINITIONAL_REPRESENTATION('',(#1883),#1887);
#1883 = LINE('',#1884,#1885);
#1884 = CARTESIAN_POINT('',(0.,0.));
#1885 = VECTOR('',#1886,1.);
#1886 = DIRECTION('',(1.,0.));
#1887 = ( GEOMETRIC_REPRESENTATION_CONTEXT(2) 
PARAMETRIC_REPRESENTATION_CONTEXT() REPRESENTATION_CONTEXT('2D SPACE',''
  ) );
#1888 = ORIENTED_EDGE('',*,*,#1889,.T.);
#1889 = EDGE_CURVE('',#1862,#1890,#1892,.T.);
#1890 = VERTEX_POINT('',#1891);
#1891 = CARTESIAN_POINT('',(61.310546875,-10.96569824218,2.5));
#1892 = SURFACE_CURVE('',#1893,(#1897,#1904),.PCURVE_S1.);
#1893 = LINE('',#1894,#1895);
#1894 = CARTESIAN_POINT('',(61.68408203125,-10.96569824218,2.5));
#1895 = VECTOR('',#1896,1.);
#1896 = DIRECTION('',(-1.,0.,0.));
#1897 = PCURVE('',#126,#1898);
#1898 = DEFINITIONAL_REPRESENTATION('',(#1899),#1903);
#1899 = LINE('',#1900,#1901);
#1900 = CARTESIAN_POINT('',(141.68408203125,7.034301757812));
#1901 = VECTOR('',#1902,1.);
#1902 = DIRECTION('',(-1.,0.));
#1903 = ( GEOMETRIC_REPRESENTATION_CONTEXT(2) 
PARAMETRIC_REPRESENTATION_CONTEXT() REPRESENTATION_CONTEXT('2D SPACE',''
  ) );
#1904 = PCURVE('',#1905,#1910);
#1905 = PLANE('',#1906);
#1906 = AXIS2_PLACEMENT_3D('',#1907,#1908,#1909);
#1907 = CARTESIAN_POINT('',(61.68408203125,-10.96569824218,2.5));
#1908 = DIRECTION('',(0.,1.,0.));
#1909 = DIRECTION('',(-1.,0.,0.));
#1910 = DEFINITIONAL_REPRESENTATION('',(#1911),#1915);
#1911 = LINE('',#1912,#1913);
#1912 = CARTESIAN_POINT('',(0.,0.));
#1913 = VECTOR('',#1914,1.);
#1914 = DIRECTION('',(1.,0.));
#1915 = ( GEOMETRIC_REPRESENTATION_CONTEXT(2) 
PARAMETRIC_REPRESENTATION_CONTEXT() REPRESENTATION_CONTEXT('2D SPACE',''
  ) );
#1916 = ORIENTED_EDGE('',*,*,#1917,.T.);
#1917 = EDGE_CURVE('',#1890,#1918,#1920,.T.);
#1918 = VERTEX_POINT('',#1919);
#1919 = CARTESIAN_POINT('',(61.310546875,-10.08239746093,2.5));
#1920 = SURFACE_CURVE('',#1921,(#1925,#1932),.PCURVE_S1.);
#1921 = LINE('',#1922,#1923);
#1922 = CARTESIAN_POINT('',(61.310546875,-10.96569824218,2.5));
#1923 = VECTOR('',#1924,1.);
#1924 = DIRECTION('',(0.,1.,0.));
#1925 = PCURVE('',#126,#1926);
#1926 = DEFINITIONAL_REPRESENTATION('',(#1927),#1931);
#1927 = LINE('',#1928,#1929);
#1928 = CARTESIAN_POINT('',(141.310546875,7.034301757812));
#1929 = VECTOR('',#1930,1.);
#1930 = DIRECTION('',(0.,1.));
#1931 = ( GEOMETRIC_REPRESENTATION_CONTEXT(2) 
PARAMETRIC_REPRESENTATION_CONTEXT() REPRESENTATION_CONTEXT('2D SPACE',''
  ) );
#1932 = PCURVE('',#1933,#1938);
#1933 = PLANE('',#1934);
#1934 = AXIS2_PLACEMENT_3D('',#1935,#1936,#1937);
#1935 = CARTESIAN_POINT('',(61.310546875,-10.96569824218,2.5));
#1936 = DIRECTION('',(1.,0.,0.));
#1937 = DIRECTION('',(0.,1.,0.));
#1938 = DEFINITIONAL_REPRESENTATION('',(#1939),#1943);
#1939 = LINE('',#1940,#1941);
#1940 = CARTESIAN_POINT('',(0.,0.));
#1941 = VECTOR('',#1942,1.);
#1942 = DIRECTION('',(1.,0.));
#1943 = ( GEOMETRIC_REPRESENTATION_CONTEXT(2) 
PARAMETRIC_REPRESENTATION_CONTEXT() REPRESENTATION_CONTEXT('2D SPACE',''
  ) );
#1944 = ORIENTED_EDGE('',*,*,#1945,.T.);
#1945 = EDGE_CURVE('',#1918,#1946,#1948,.T.);
#1946 = VERTEX_POINT('',#1947);
#1947 = CARTESIAN_POINT('',(60.433837890625,-10.08239746093,2.5));
#1948 = SURFACE_CURVE('',#1949,(#1953,#1960),.PCURVE_S1.);
#1949 = LINE('',#1950,#1951);
#1950 = CARTESIAN_POINT('',(61.310546875,-10.08239746093,2.5));
#1951 = VECTOR('',#1952,1.);
#1952 = DIRECTION('',(-1.,0.,0.));
#1953 = PCURVE('',#126,#1954);
#1954 = DEFINITIONAL_REPRESENTATION('',(#1955),#1959);
#1955 = LINE('',#1956,#1957);
#1956 = CARTESIAN_POINT('',(141.310546875,7.917602539062));
#1957 = VECTOR('',#1958,1.);
#1958 = DIRECTION('',(-1.,0.));
#1959 = ( GEOMETRIC_REPRESENTATION_CONTEXT(2) 
PARAMETRIC_REPRESENTATION_CONTEXT() REPRESENTATION_CONTEXT('2D SPACE',''
  ) );
#1960 = PCURVE('',#1961,#1966);
#1961 = PLANE('',#1962);
#1962 = AXIS2_PLACEMENT_3D('',#1963,#1964,#1965);
#1963 = CARTESIAN_POINT('',(61.310546875,-10.08239746093,2.5));
#1964 = DIRECTION('',(0.,1.,0.));
#1965 = DIRECTION('',(-1.,0.,0.));
#1966 = DEFINITIONAL_REPRESENTATION('',(#1967),#1971);
#1967 = LINE('',#1968,#1969);
#1968 = CARTESIAN_POINT('',(0.,0.));
#1969 = VECTOR('',#1970,1.);
#1970 = DIRECTION('',(1.,0.));
#1971 = ( GEOMETRIC_REPRESENTATION_CONTEXT(2) 
PARAMETRIC_REPRESENTATION_CONTEXT() REPRESENTATION_CONTEXT('2D SPACE',''
  ) );
#1972 = ORIENTED_EDGE('',*,*,#1973,.T.);
#1973 = EDGE_CURVE('',#1946,#1974,#1976,.T.);
#1974 = VERTEX_POINT('',#1975);
#1975 = CARTESIAN_POINT('',(60.433837890625,-9.713256835938,2.5));
#1976 = SURFACE_CURVE('',#1977,(#1981,#1988),.PCURVE_S1.);
#1977 = LINE('',#1978,#1979);
#1978 = CARTESIAN_POINT('',(60.433837890625,-10.08239746093,2.5));
#1979 = VECTOR('',#1980,1.);
#1980 = DIRECTION('',(0.,1.,0.));
#1981 = PCURVE('',#126,#1982);
#1982 = DEFINITIONAL_REPRESENTATION('',(#1983),#1987);
#1983 = LINE('',#1984,#1985);
#1984 = CARTESIAN_POINT('',(140.43383789062,7.917602539062));
#1985 = VECTOR('',#1986,1.);
#1986 = DIRECTION('',(0.,1.));
#1987 = ( GEOMETRIC_REPRESENTATION_CONTEXT(2) 
PARAMETRIC_REPRESENTATION_CONTEXT() REPRESENTATION_CONTEXT('2D SPACE',''
  ) );
#1988 = PCURVE('',#1989,#1994);
#1989 = PLANE('',#1990);
#1990 = AXIS2_PLACEMENT_3D('',#1991,#1992,#1993);
#1991 = CARTESIAN_POINT('',(60.433837890625,-10.08239746093,2.5));
#1992 = DIRECTION('',(1.,0.,0.));
#1993 = DIRECTION('',(0.,1.,0.));
#1994 = DEFINITIONAL_REPRESENTATION('',(#1995),#1999);
#1995 = LINE('',#1996,#1997);
#1996 = CARTESIAN_POINT('',(0.,0.));
#1997 = VECTOR('',#1998,1.);
#1998 = DIRECTION('',(1.,0.));
#1999 = ( GEOMETRIC_REPRESENTATION_CONTEXT(2) 
PARAMETRIC_REPRESENTATION_CONTEXT() REPRESENTATION_CONTEXT('2D SPACE',''
  ) );
#2000 = ORIENTED_EDGE('',*,*,#2001,.T.);
#2001 = EDGE_CURVE('',#1974,#2002,#2004,.T.);
#2002 = VERTEX_POINT('',#2003);
#2003 = CARTESIAN_POINT('',(61.310546875,-9.713256835938,2.5));
#2004 = SURFACE_CURVE('',#2005,(#2009,#2016),.PCURVE_S1.);
#2005 = LINE('',#2006,#2007);
#2006 = CARTESIAN_POINT('',(60.433837890625,-9.713256835938,2.5));
#2007 = VECTOR('',#2008,1.);
#2008 = DIRECTION('',(1.,0.,0.));
#2009 = PCURVE('',#126,#2010);
#2010 = DEFINITIONAL_REPRESENTATION('',(#2011),#2015);
#2011 = LINE('',#2012,#2013);
#2012 = CARTESIAN_POINT('',(140.43383789062,8.286743164062));
#2013 = VECTOR('',#2014,1.);
#2014 = DIRECTION('',(1.,0.));
#2015 = ( GEOMETRIC_REPRESENTATION_CONTEXT(2) 
PARAMETRIC_REPRESENTATION_CONTEXT() REPRESENTATION_CONTEXT('2D SPACE',''
  ) );
#2016 = PCURVE('',#2017,#2022);
#2017 = PLANE('',#2018);
#2018 = AXIS2_PLACEMENT_3D('',#2019,#2020,#2021);
#2019 = CARTESIAN_POINT('',(60.433837890625,-9.713256835938,2.5));
#2020 = DIRECTION('',(0.,-1.,0.));
#2021 = DIRECTION('',(1.,0.,0.));
#2022 = DEFINITIONAL_REPRESENTATION('',(#2023),#2027);
#2023 = LINE('',#2024,#2025);
#2024 = CARTESIAN_POINT('',(0.,0.));
#2025 = VECTOR('',#2026,1.);
#2026 = DIRECTION('',(1.,0.));
#2027 = ( GEOMETRIC_REPRESENTATION_CONTEXT(2) 
PARAMETRIC_REPRESENTATION_CONTEXT() REPRESENTATION_CONTEXT('2D SPACE',''
  ) );
#2028 = ORIENTED_EDGE('',*,*,#2029,.T.);
#2029 = EDGE_CURVE('',#2002,#2030,#2032,.T.);
#2030 = VERTEX_POINT('',#2031);
#2031 = CARTESIAN_POINT('',(61.310546875,-8.836547851562,2.5));
#2032 = SURFACE_CURVE('',#2033,(#2037,#2044),.PCURVE_S1.);
#2033 = LINE('',#2034,#2035);
#2034 = CARTESIAN_POINT('',(61.310546875,-9.713256835938,2.5));
#2035 = VECTOR('',#2036,1.);
#2036 = DIRECTION('',(0.,1.,0.));
#2037 = PCURVE('',#126,#2038);
#2038 = DEFINITIONAL_REPRESENTATION('',(#2039),#2043);
#2039 = LINE('',#2040,#2041);
#2040 = CARTESIAN_POINT('',(141.310546875,8.286743164062));
#2041 = VECTOR('',#2042,1.);
#2042 = DIRECTION('',(0.,1.));
#2043 = ( GEOMETRIC_REPRESENTATION_CONTEXT(2) 
PARAMETRIC_REPRESENTATION_CONTEXT() REPRESENTATION_CONTEXT('2D SPACE',''
  ) );
#2044 = PCURVE('',#2045,#2050);
#2045 = PLANE('',#2046);
#2046 = AXIS2_PLACEMENT_3D('',#2047,#2048,#2049);
#2047 = CARTESIAN_POINT('',(61.310546875,-9.713256835938,2.5));
#2048 = DIRECTION('',(1.,0.,0.));
#2049 = DIRECTION('',(0.,1.,0.));
#2050 = DEFINITIONAL_REPRESENTATION('',(#2051),#2055);
#2051 = LINE('',#2052,#2053);
#2052 = CARTESIAN_POINT('',(0.,0.));
#2053 = VECTOR('',#2054,1.);
#2054 = DIRECTION('',(1.,0.));
#2055 = ( GEOMETRIC_REPRESENTATION_CONTEXT(2) 
PARAMETRIC_REPRESENTATION_CONTEXT() REPRESENTATION_CONTEXT('2D SPACE',''
  ) );
#2056 = ORIENTED_EDGE('',*,*,#2057,.T.);
#2057 = EDGE_CURVE('',#2030,#2058,#2060,.T.);
#2058 = VERTEX_POINT('',#2059);
#2059 = CARTESIAN_POINT('',(61.68408203125,-8.836547851562,2.5));
#2060 = SURFACE_CURVE('',#2061,(#2065,#2072),.PCURVE_S1.);
#2061 = LINE('',#2062,#2063);
#2062 = CARTESIAN_POINT('',(61.310546875,-8.836547851562,2.5));
#2063 = VECTOR('',#2064,1.);
#2064 = DIRECTION('',(1.,0.,0.));
#2065 = PCURVE('',#126,#2066);
#2066 = DEFINITIONAL_REPRESENTATION('',(#2067),#2071);
#2067 = LINE('',#2068,#2069);
#2068 = CARTESIAN_POINT('',(141.310546875,9.163452148438));
#2069 = VECTOR('',#2070,1.);
#2070 = DIRECTION('',(1.,0.));
#2071 = ( GEOMETRIC_REPRESENTATION_CONTEXT(2) 
PARAMETRIC_REPRESENTATION_CONTEXT() REPRESENTATION_CONTEXT('2D SPACE',''
  ) );
#2072 = PCURVE('',#2073,#2078);
#2073 = PLANE('',#2074);
#2074 = AXIS2_PLACEMENT_3D('',#2075,#2076,#2077);
#2075 = CARTESIAN_POINT('',(61.310546875,-8.836547851562,2.5));
#2076 = DIRECTION('',(0.,-1.,0.));
#2077 = DIRECTION('',(1.,0.,0.));
#2078 = DEFINITIONAL_REPRESENTATION('',(#2079),#2083);
#2079 = LINE('',#2080,#2081);
#2080 = CARTESIAN_POINT('',(0.,0.));
#2081 = VECTOR('',#2082,1.);
#2082 = DIRECTION('',(1.,0.));
#2083 = ( GEOMETRIC_REPRESENTATION_CONTEXT(2) 
PARAMETRIC_REPRESENTATION_CONTEXT() REPRESENTATION_CONTEXT('2D SPACE',''
  ) );
#2084 = ORIENTED_EDGE('',*,*,#2085,.T.);
#2085 = EDGE_CURVE('',#2058,#2086,#2088,.T.);
#2086 = VERTEX_POINT('',#2087);
#2087 = CARTESIAN_POINT('',(61.68408203125,-9.713256835938,2.5));
#2088 = SURFACE_CURVE('',#2089,(#2093,#2100),.PCURVE_S1.);
#2089 = LINE('',#2090,#2091);
#2090 = CARTESIAN_POINT('',(61.68408203125,-8.836547851562,2.5));
#2091 = VECTOR('',#2092,1.);
#2092 = DIRECTION('',(0.,-1.,0.));
#2093 = PCURVE('',#126,#2094);
#2094 = DEFINITIONAL_REPRESENTATION('',(#2095),#2099);
#2095 = LINE('',#2096,#2097);
#2096 = CARTESIAN_POINT('',(141.68408203125,9.163452148438));
#2097 = VECTOR('',#2098,1.);
#2098 = DIRECTION('',(0.,-1.));
#2099 = ( GEOMETRIC_REPRESENTATION_CONTEXT(2) 
PARAMETRIC_REPRESENTATION_CONTEXT() REPRESENTATION_CONTEXT('2D SPACE',''
  ) );
#2100 = PCURVE('',#2101,#2106);
#2101 = PLANE('',#2102);
#2102 = AXIS2_PLACEMENT_3D('',#2103,#2104,#2105);
#2103 = CARTESIAN_POINT('',(61.68408203125,-8.836547851562,2.5));
#2104 = DIRECTION('',(-1.,0.,0.));
#2105 = DIRECTION('',(0.,-1.,0.));
#2106 = DEFINITIONAL_REPRESENTATION('',(#2107),#2111);
#2107 = LINE('',#2108,#2109);
#2108 = CARTESIAN_POINT('',(0.,0.));
#2109 = VECTOR('',#2110,1.);
#2110 = DIRECTION('',(1.,0.));
#2111 = ( GEOMETRIC_REPRESENTATION_CONTEXT(2) 
PARAMETRIC_REPRESENTATION_CONTEXT() REPRESENTATION_CONTEXT('2D SPACE',''
  ) );
#2112 = ORIENTED_EDGE('',*,*,#2113,.T.);
#2113 = EDGE_CURVE('',#2086,#2114,#2116,.T.);
#2114 = VERTEX_POINT('',#2115);
#2115 = CARTESIAN_POINT('',(62.560791015625,-9.713256835938,2.5));
#2116 = SURFACE_CURVE('',#2117,(#2121,#2128),.PCURVE_S1.);
#2117 = LINE('',#2118,#2119);
#2118 = CARTESIAN_POINT('',(61.68408203125,-9.713256835938,2.5));
#2119 = VECTOR('',#2120,1.);
#2120 = DIRECTION('',(1.,0.,0.));
#2121 = PCURVE('',#126,#2122);
#2122 = DEFINITIONAL_REPRESENTATION('',(#2123),#2127);
#2123 = LINE('',#2124,#2125);
#2124 = CARTESIAN_POINT('',(141.68408203125,8.286743164062));
#2125 = VECTOR('',#2126,1.);
#2126 = DIRECTION('',(1.,0.));
#2127 = ( GEOMETRIC_REPRESENTATION_CONTEXT(2) 
PARAMETRIC_REPRESENTATION_CONTEXT() REPRESENTATION_CONTEXT('2D SPACE',''
  ) );
#2128 = PCURVE('',#2129,#2134);
#2129 = PLANE('',#2130);
#2130 = AXIS2_PLACEMENT_3D('',#2131,#2132,#2133);
#2131 = CARTESIAN_POINT('',(61.68408203125,-9.713256835938,2.5));
#2132 = DIRECTION('',(0.,-1.,0.));
#2133 = DIRECTION('',(1.,0.,0.));
#2134 = DEFINITIONAL_REPRESENTATION('',(#2135),#2139);
#2135 = LINE('',#2136,#2137);
#2136 = CARTESIAN_POINT('',(0.,0.));
#2137 = VECTOR('',#2138,1.);
#2138 = DIRECTION('',(1.,0.));
#2139 = ( GEOMETRIC_REPRESENTATION_CONTEXT(2) 
PARAMETRIC_REPRESENTATION_CONTEXT() REPRESENTATION_CONTEXT('2D SPACE',''
  ) );
#2140 = ORIENTED_EDGE('',*,*,#2141,.T.);
#2141 = EDGE_CURVE('',#2114,#2142,#2144,.T.);
#2142 = VERTEX_POINT('',#2143);
#2143 = CARTESIAN_POINT('',(62.560791015625,-10.08239746093,2.5));
#2144 = SURFACE_CURVE('',#2145,(#2149,#2156),.PCURVE_S1.);
#2145 = LINE('',#2146,#2147);
#2146 = CARTESIAN_POINT('',(62.560791015625,-9.713256835938,2.5));
#2147 = VECTOR('',#2148,1.);
#2148 = DIRECTION('',(0.,-1.,0.));
#2149 = PCURVE('',#126,#2150);
#2150 = DEFINITIONAL_REPRESENTATION('',(#2151),#2155);
#2151 = LINE('',#2152,#2153);
#2152 = CARTESIAN_POINT('',(142.56079101562,8.286743164062));
#2153 = VECTOR('',#2154,1.);
#2154 = DIRECTION('',(0.,-1.));
#2155 = ( GEOMETRIC_REPRESENTATION_CONTEXT(2) 
PARAMETRIC_REPRESENTATION_CONTEXT() REPRESENTATION_CONTEXT('2D SPACE',''
  ) );
#2156 = PCURVE('',#2157,#2162);
#2157 = PLANE('',#2158);
#2158 = AXIS2_PLACEMENT_3D('',#2159,#2160,#2161);
#2159 = CARTESIAN_POINT('',(62.560791015625,-9.713256835938,2.5));
#2160 = DIRECTION('',(-1.,0.,0.));
#2161 = DIRECTION('',(0.,-1.,0.));
#2162 = DEFINITIONAL_REPRESENTATION('',(#2163),#2167);
#2163 = LINE('',#2164,#2165);
#2164 = CARTESIAN_POINT('',(0.,0.));
#2165 = VECTOR('',#2166,1.);
#2166 = DIRECTION('',(1.,0.));
#2167 = ( GEOMETRIC_REPRESENTATION_CONTEXT(2) 
PARAMETRIC_REPRESENTATION_CONTEXT() REPRESENTATION_CONTEXT('2D SPACE',''
  ) );
#2168 = ORIENTED_EDGE('',*,*,#2169,.T.);
#2169 = EDGE_CURVE('',#2142,#1860,#2170,.T.);
#2170 = SURFACE_CURVE('',#2171,(#2175,#2182),.PCURVE_S1.);
#2171 = LINE('',#2172,#2173);
#2172 = CARTESIAN_POINT('',(62.560791015625,-10.08239746093,2.5));
#2173 = VECTOR('',#2174,1.);
#2174 = DIRECTION('',(-1.,0.,0.));
#2175 = PCURVE('',#126,#2176);
#2176 = DEFINITIONAL_REPRESENTATION('',(#2177),#2181);
#2177 = LINE('',#2178,#2179);
#2178 = CARTESIAN_POINT('',(142.56079101562,7.917602539062));
#2179 = VECTOR('',#2180,1.);
#2180 = DIRECTION('',(-1.,0.));
#2181 = ( GEOMETRIC_REPRESENTATION_CONTEXT(2) 
PARAMETRIC_REPRESENTATION_CONTEXT() REPRESENTATION_CONTEXT('2D SPACE',''
  ) );
#2182 = PCURVE('',#2183,#2188);
#2183 = PLANE('',#2184);
#2184 = AXIS2_PLACEMENT_3D('',#2185,#2186,#2187);
#2185 = CARTESIAN_POINT('',(62.560791015625,-10.08239746093,2.5));
#2186 = DIRECTION('',(0.,1.,0.));
#2187 = DIRECTION('',(-1.,0.,0.));
#2188 = DEFINITIONAL_REPRESENTATION('',(#2189),#2193);
#2189 = LINE('',#2190,#2191);
#2190 = CARTESIAN_POINT('',(0.,0.));
#2191 = VECTOR('',#2192,1.);
#2192 = DIRECTION('',(1.,0.));
#2193 = ( GEOMETRIC_REPRESENTATION_CONTEXT(2) 
PARAMETRIC_REPRESENTATION_CONTEXT() REPRESENTATION_CONTEXT('2D SPACE',''
  ) );
#2194 = FACE_BOUND('',#2195,.T.);
#2195 = EDGE_LOOP('',(#2196,#2228,#2256,#2284,#2312,#2342,#2372,#2402,
    #2432,#2462,#2492,#2522,#2552,#2582,#2610,#2640,#2670,#2700,#2730,
    #2760,#2790,#2820));
#2196 = ORIENTED_EDGE('',*,*,#2197,.T.);
#2197 = EDGE_CURVE('',#2198,#2200,#2202,.T.);
#2198 = VERTEX_POINT('',#2199);
#2199 = CARTESIAN_POINT('',(-64.90087890625,-10.89208984375,2.5));
#2200 = VERTEX_POINT('',#2201);
#2201 = CARTESIAN_POINT('',(-65.06787109375,-11.10632324218,2.5));
#2202 = SURFACE_CURVE('',#2203,(#2207,#2214),.PCURVE_S1.);
#2203 = B_SPLINE_CURVE_WITH_KNOTS('',2,(#2204,#2205,#2206),
  .UNSPECIFIED.,.F.,.F.,(3,3),(0.,1.),.PIECEWISE_BEZIER_KNOTS.);
#2204 = CARTESIAN_POINT('',(-64.90087890625,-10.89208984375,2.5));
#2205 = CARTESIAN_POINT('',(-65.001953125,-10.99865722656,2.5));
#2206 = CARTESIAN_POINT('',(-65.06787109375,-11.10632324218,2.5));
#2207 = PCURVE('',#126,#2208);
#2208 = DEFINITIONAL_REPRESENTATION('',(#2209),#2213);
#2209 = B_SPLINE_CURVE_WITH_KNOTS('',2,(#2210,#2211,#2212),
  .UNSPECIFIED.,.F.,.F.,(3,3),(0.,1.),.PIECEWISE_BEZIER_KNOTS.);
#2210 = CARTESIAN_POINT('',(15.09912109375,7.10791015625));
#2211 = CARTESIAN_POINT('',(14.998046875,7.001342773438));
#2212 = CARTESIAN_POINT('',(14.93212890625,6.893676757812));
#2213 = ( GEOMETRIC_REPRESENTATION_CONTEXT(2) 
PARAMETRIC_REPRESENTATION_CONTEXT() REPRESENTATION_CONTEXT('2D SPACE',''
  ) );
#2214 = PCURVE('',#2215,#2222);
#2215 = SURFACE_OF_LINEAR_EXTRUSION('',#2216,#2220);
#2216 = B_SPLINE_CURVE_WITH_KNOTS('',2,(#2217,#2218,#2219),
  .UNSPECIFIED.,.F.,.F.,(3,3),(0.,1.),.PIECEWISE_BEZIER_KNOTS.);
#2217 = CARTESIAN_POINT('',(-64.90087890625,-10.89208984375,2.5));
#2218 = CARTESIAN_POINT('',(-65.001953125,-10.99865722656,2.5));
#2219 = CARTESIAN_POINT('',(-65.06787109375,-11.10632324218,2.5));
#2220 = VECTOR('',#2221,1.);
#2221 = DIRECTION('',(0.,0.,1.));
#2222 = DEFINITIONAL_REPRESENTATION('',(#2223),#2227);
#2223 = LINE('',#2224,#2225);
#2224 = CARTESIAN_POINT('',(0.,0.));
#2225 = VECTOR('',#2226,1.);
#2226 = DIRECTION('',(1.,0.));
#2227 = ( GEOMETRIC_REPRESENTATION_CONTEXT(2) 
PARAMETRIC_REPRESENTATION_CONTEXT() REPRESENTATION_CONTEXT('2D SPACE',''
  ) );
#2228 = ORIENTED_EDGE('',*,*,#2229,.T.);
#2229 = EDGE_CURVE('',#2200,#2230,#2232,.T.);
#2230 = VERTEX_POINT('',#2231);
#2231 = CARTESIAN_POINT('',(-63.48803710937,-11.10632324218,2.5));
#2232 = SURFACE_CURVE('',#2233,(#2237,#2244),.PCURVE_S1.);
#2233 = LINE('',#2234,#2235);
#2234 = CARTESIAN_POINT('',(-65.06787109375,-11.10632324218,2.5));
#2235 = VECTOR('',#2236,1.);
#2236 = DIRECTION('',(1.,0.,0.));
#2237 = PCURVE('',#126,#2238);
#2238 = DEFINITIONAL_REPRESENTATION('',(#2239),#2243);
#2239 = LINE('',#2240,#2241);
#2240 = CARTESIAN_POINT('',(14.93212890625,6.893676757812));
#2241 = VECTOR('',#2242,1.);
#2242 = DIRECTION('',(1.,0.));
#2243 = ( GEOMETRIC_REPRESENTATION_CONTEXT(2) 
PARAMETRIC_REPRESENTATION_CONTEXT() REPRESENTATION_CONTEXT('2D SPACE',''
  ) );
#2244 = PCURVE('',#2245,#2250);
#2245 = PLANE('',#2246);
#2246 = AXIS2_PLACEMENT_3D('',#2247,#2248,#2249);
#2247 = CARTESIAN_POINT('',(-65.06787109375,-11.10632324218,2.5));
#2248 = DIRECTION('',(0.,-1.,0.));
#2249 = DIRECTION('',(1.,0.,0.));
#2250 = DEFINITIONAL_REPRESENTATION('',(#2251),#2255);
#2251 = LINE('',#2252,#2253);
#2252 = CARTESIAN_POINT('',(0.,0.));
#2253 = VECTOR('',#2254,1.);
#2254 = DIRECTION('',(1.,0.));
#2255 = ( GEOMETRIC_REPRESENTATION_CONTEXT(2) 
PARAMETRIC_REPRESENTATION_CONTEXT() REPRESENTATION_CONTEXT('2D SPACE',''
  ) );
#2256 = ORIENTED_EDGE('',*,*,#2257,.T.);
#2257 = EDGE_CURVE('',#2230,#2258,#2260,.T.);
#2258 = VERTEX_POINT('',#2259);
#2259 = CARTESIAN_POINT('',(-63.48803710937,-11.48645019531,2.5));
#2260 = SURFACE_CURVE('',#2261,(#2265,#2272),.PCURVE_S1.);
#2261 = LINE('',#2262,#2263);
#2262 = CARTESIAN_POINT('',(-63.48803710937,-11.10632324218,2.5));
#2263 = VECTOR('',#2264,1.);
#2264 = DIRECTION('',(0.,-1.,0.));
#2265 = PCURVE('',#126,#2266);
#2266 = DEFINITIONAL_REPRESENTATION('',(#2267),#2271);
#2267 = LINE('',#2268,#2269);
#2268 = CARTESIAN_POINT('',(16.511962890625,6.893676757812));
#2269 = VECTOR('',#2270,1.);
#2270 = DIRECTION('',(0.,-1.));
#2271 = ( GEOMETRIC_REPRESENTATION_CONTEXT(2) 
PARAMETRIC_REPRESENTATION_CONTEXT() REPRESENTATION_CONTEXT('2D SPACE',''
  ) );
#2272 = PCURVE('',#2273,#2278);
#2273 = PLANE('',#2274);
#2274 = AXIS2_PLACEMENT_3D('',#2275,#2276,#2277);
#2275 = CARTESIAN_POINT('',(-63.48803710937,-11.10632324218,2.5));
#2276 = DIRECTION('',(-1.,0.,0.));
#2277 = DIRECTION('',(0.,-1.,0.));
#2278 = DEFINITIONAL_REPRESENTATION('',(#2279),#2283);
#2279 = LINE('',#2280,#2281);
#2280 = CARTESIAN_POINT('',(0.,0.));
#2281 = VECTOR('',#2282,1.);
#2282 = DIRECTION('',(1.,0.));
#2283 = ( GEOMETRIC_REPRESENTATION_CONTEXT(2) 
PARAMETRIC_REPRESENTATION_CONTEXT() REPRESENTATION_CONTEXT('2D SPACE',''
  ) );
#2284 = ORIENTED_EDGE('',*,*,#2285,.T.);
#2285 = EDGE_CURVE('',#2258,#2286,#2288,.T.);
#2286 = VERTEX_POINT('',#2287);
#2287 = CARTESIAN_POINT('',(-65.6171875,-11.48645019531,2.5));
#2288 = SURFACE_CURVE('',#2289,(#2293,#2300),.PCURVE_S1.);
#2289 = LINE('',#2290,#2291);
#2290 = CARTESIAN_POINT('',(-63.48803710937,-11.48645019531,2.5));
#2291 = VECTOR('',#2292,1.);
#2292 = DIRECTION('',(-1.,0.,0.));
#2293 = PCURVE('',#126,#2294);
#2294 = DEFINITIONAL_REPRESENTATION('',(#2295),#2299);
#2295 = LINE('',#2296,#2297);
#2296 = CARTESIAN_POINT('',(16.511962890625,6.513549804688));
#2297 = VECTOR('',#2298,1.);
#2298 = DIRECTION('',(-1.,0.));
#2299 = ( GEOMETRIC_REPRESENTATION_CONTEXT(2) 
PARAMETRIC_REPRESENTATION_CONTEXT() REPRESENTATION_CONTEXT('2D SPACE',''
  ) );
#2300 = PCURVE('',#2301,#2306);
#2301 = PLANE('',#2302);
#2302 = AXIS2_PLACEMENT_3D('',#2303,#2304,#2305);
#2303 = CARTESIAN_POINT('',(-63.48803710937,-11.48645019531,2.5));
#2304 = DIRECTION('',(0.,1.,0.));
#2305 = DIRECTION('',(-1.,0.,0.));
#2306 = DEFINITIONAL_REPRESENTATION('',(#2307),#2311);
#2307 = LINE('',#2308,#2309);
#2308 = CARTESIAN_POINT('',(0.,0.));
#2309 = VECTOR('',#2310,1.);
#2310 = DIRECTION('',(1.,0.));
#2311 = ( GEOMETRIC_REPRESENTATION_CONTEXT(2) 
PARAMETRIC_REPRESENTATION_CONTEXT() REPRESENTATION_CONTEXT('2D SPACE',''
  ) );
#2312 = ORIENTED_EDGE('',*,*,#2313,.T.);
#2313 = EDGE_CURVE('',#2286,#2314,#2316,.T.);
#2314 = VERTEX_POINT('',#2315);
#2315 = CARTESIAN_POINT('',(-65.57104492187,-11.21179199218,2.5));
#2316 = SURFACE_CURVE('',#2317,(#2321,#2328),.PCURVE_S1.);
#2317 = B_SPLINE_CURVE_WITH_KNOTS('',2,(#2318,#2319,#2320),
  .UNSPECIFIED.,.F.,.F.,(3,3),(0.,1.),.PIECEWISE_BEZIER_KNOTS.);
#2318 = CARTESIAN_POINT('',(-65.6171875,-11.48645019531,2.5));
#2319 = CARTESIAN_POINT('',(-65.62158203125,-11.34362792968,2.5));
#2320 = CARTESIAN_POINT('',(-65.57104492187,-11.21179199218,2.5));
#2321 = PCURVE('',#126,#2322);
#2322 = DEFINITIONAL_REPRESENTATION('',(#2323),#2327);
#2323 = B_SPLINE_CURVE_WITH_KNOTS('',2,(#2324,#2325,#2326),
  .UNSPECIFIED.,.F.,.F.,(3,3),(0.,1.),.PIECEWISE_BEZIER_KNOTS.);
#2324 = CARTESIAN_POINT('',(14.3828125,6.513549804688));
#2325 = CARTESIAN_POINT('',(14.37841796875,6.656372070312));
#2326 = CARTESIAN_POINT('',(14.428955078125,6.788208007812));
#2327 = ( GEOMETRIC_REPRESENTATION_CONTEXT(2) 
PARAMETRIC_REPRESENTATION_CONTEXT() REPRESENTATION_CONTEXT('2D SPACE',''
  ) );
#2328 = PCURVE('',#2329,#2336);
#2329 = SURFACE_OF_LINEAR_EXTRUSION('',#2330,#2334);
#2330 = B_SPLINE_CURVE_WITH_KNOTS('',2,(#2331,#2332,#2333),
  .UNSPECIFIED.,.F.,.F.,(3,3),(0.,1.),.PIECEWISE_BEZIER_KNOTS.);
#2331 = CARTESIAN_POINT('',(-65.6171875,-11.48645019531,2.5));
#2332 = CARTESIAN_POINT('',(-65.62158203125,-11.34362792968,2.5));
#2333 = CARTESIAN_POINT('',(-65.57104492187,-11.21179199218,2.5));
#2334 = VECTOR('',#2335,1.);
#2335 = DIRECTION('',(0.,0.,1.));
#2336 = DEFINITIONAL_REPRESENTATION('',(#2337),#2341);
#2337 = LINE('',#2338,#2339);
#2338 = CARTESIAN_POINT('',(0.,0.));
#2339 = VECTOR('',#2340,1.);
#2340 = DIRECTION('',(1.,0.));
#2341 = ( GEOMETRIC_REPRESENTATION_CONTEXT(2) 
PARAMETRIC_REPRESENTATION_CONTEXT() REPRESENTATION_CONTEXT('2D SPACE',''
  ) );
#2342 = ORIENTED_EDGE('',*,*,#2343,.T.);
#2343 = EDGE_CURVE('',#2314,#2344,#2346,.T.);
#2344 = VERTEX_POINT('',#2345);
#2345 = CARTESIAN_POINT('',(-65.31066894531,-10.78332519531,2.5));
#2346 = SURFACE_CURVE('',#2347,(#2351,#2358),.PCURVE_S1.);
#2347 = B_SPLINE_CURVE_WITH_KNOTS('',2,(#2348,#2349,#2350),
  .UNSPECIFIED.,.F.,.F.,(3,3),(0.,1.),.PIECEWISE_BEZIER_KNOTS.);
#2348 = CARTESIAN_POINT('',(-65.57104492187,-11.21179199218,2.5));
#2349 = CARTESIAN_POINT('',(-65.48974609375,-10.99426269531,2.5));
#2350 = CARTESIAN_POINT('',(-65.31066894531,-10.78332519531,2.5));
#2351 = PCURVE('',#126,#2352);
#2352 = DEFINITIONAL_REPRESENTATION('',(#2353),#2357);
#2353 = B_SPLINE_CURVE_WITH_KNOTS('',2,(#2354,#2355,#2356),
  .UNSPECIFIED.,.F.,.F.,(3,3),(0.,1.),.PIECEWISE_BEZIER_KNOTS.);
#2354 = CARTESIAN_POINT('',(14.428955078125,6.788208007812));
#2355 = CARTESIAN_POINT('',(14.51025390625,7.005737304688));
#2356 = CARTESIAN_POINT('',(14.689331054688,7.216674804688));
#2357 = ( GEOMETRIC_REPRESENTATION_CONTEXT(2) 
PARAMETRIC_REPRESENTATION_CONTEXT() REPRESENTATION_CONTEXT('2D SPACE',''
  ) );
#2358 = PCURVE('',#2359,#2366);
#2359 = SURFACE_OF_LINEAR_EXTRUSION('',#2360,#2364);
#2360 = B_SPLINE_CURVE_WITH_KNOTS('',2,(#2361,#2362,#2363),
  .UNSPECIFIED.,.F.,.F.,(3,3),(0.,1.),.PIECEWISE_BEZIER_KNOTS.);
#2361 = CARTESIAN_POINT('',(-65.57104492187,-11.21179199218,2.5));
#2362 = CARTESIAN_POINT('',(-65.48974609375,-10.99426269531,2.5));
#2363 = CARTESIAN_POINT('',(-65.31066894531,-10.78332519531,2.5));
#2364 = VECTOR('',#2365,1.);
#2365 = DIRECTION('',(0.,0.,1.));
#2366 = DEFINITIONAL_REPRESENTATION('',(#2367),#2371);
#2367 = LINE('',#2368,#2369);
#2368 = CARTESIAN_POINT('',(0.,0.));
#2369 = VECTOR('',#2370,1.);
#2370 = DIRECTION('',(1.,0.));
#2371 = ( GEOMETRIC_REPRESENTATION_CONTEXT(2) 
PARAMETRIC_REPRESENTATION_CONTEXT() REPRESENTATION_CONTEXT('2D SPACE',''
  ) );
#2372 = ORIENTED_EDGE('',*,*,#2373,.T.);
#2373 = EDGE_CURVE('',#2344,#2374,#2376,.T.);
#2374 = VERTEX_POINT('',#2375);
#2375 = CARTESIAN_POINT('',(-64.79321289062,-10.29553222656,2.5));
#2376 = SURFACE_CURVE('',#2377,(#2381,#2388),.PCURVE_S1.);
#2377 = B_SPLINE_CURVE_WITH_KNOTS('',2,(#2378,#2379,#2380),
  .UNSPECIFIED.,.F.,.F.,(3,3),(0.,1.),.PIECEWISE_BEZIER_KNOTS.);
#2378 = CARTESIAN_POINT('',(-65.31066894531,-10.78332519531,2.5));
#2379 = CARTESIAN_POINT('',(-65.13159179687,-10.57238769531,2.5));
#2380 = CARTESIAN_POINT('',(-64.79321289062,-10.29553222656,2.5));
#2381 = PCURVE('',#126,#2382);
#2382 = DEFINITIONAL_REPRESENTATION('',(#2383),#2387);
#2383 = B_SPLINE_CURVE_WITH_KNOTS('',2,(#2384,#2385,#2386),
  .UNSPECIFIED.,.F.,.F.,(3,3),(0.,1.),.PIECEWISE_BEZIER_KNOTS.);
#2384 = CARTESIAN_POINT('',(14.689331054688,7.216674804688));
#2385 = CARTESIAN_POINT('',(14.868408203125,7.427612304688));
#2386 = CARTESIAN_POINT('',(15.206787109375,7.704467773438));
#2387 = ( GEOMETRIC_REPRESENTATION_CONTEXT(2) 
PARAMETRIC_REPRESENTATION_CONTEXT() REPRESENTATION_CONTEXT('2D SPACE',''
  ) );
#2388 = PCURVE('',#2389,#2396);
#2389 = SURFACE_OF_LINEAR_EXTRUSION('',#2390,#2394);
#2390 = B_SPLINE_CURVE_WITH_KNOTS('',2,(#2391,#2392,#2393),
  .UNSPECIFIED.,.F.,.F.,(3,3),(0.,1.),.PIECEWISE_BEZIER_KNOTS.);
#2391 = CARTESIAN_POINT('',(-65.31066894531,-10.78332519531,2.5));
#2392 = CARTESIAN_POINT('',(-65.13159179687,-10.57238769531,2.5));
#2393 = CARTESIAN_POINT('',(-64.79321289062,-10.29553222656,2.5));
#2394 = VECTOR('',#2395,1.);
#2395 = DIRECTION('',(0.,0.,1.));
#2396 = DEFINITIONAL_REPRESENTATION('',(#2397),#2401);
#2397 = LINE('',#2398,#2399);
#2398 = CARTESIAN_POINT('',(0.,0.));
#2399 = VECTOR('',#2400,1.);
#2400 = DIRECTION('',(1.,0.));
#2401 = ( GEOMETRIC_REPRESENTATION_CONTEXT(2) 
PARAMETRIC_REPRESENTATION_CONTEXT() REPRESENTATION_CONTEXT('2D SPACE',''
  ) );
#2402 = ORIENTED_EDGE('',*,*,#2403,.T.);
#2403 = EDGE_CURVE('',#2374,#2404,#2406,.T.);
#2404 = VERTEX_POINT('',#2405);
#2405 = CARTESIAN_POINT('',(-64.08349609375,-9.61328125,2.5));
#2406 = SURFACE_CURVE('',#2407,(#2411,#2418),.PCURVE_S1.);
#2407 = B_SPLINE_CURVE_WITH_KNOTS('',2,(#2408,#2409,#2410),
  .UNSPECIFIED.,.F.,.F.,(3,3),(0.,1.),.PIECEWISE_BEZIER_KNOTS.);
#2408 = CARTESIAN_POINT('',(-64.79321289062,-10.29553222656,2.5));
#2409 = CARTESIAN_POINT('',(-64.26806640625,-9.864868164062,2.5));
#2410 = CARTESIAN_POINT('',(-64.08349609375,-9.61328125,2.5));
#2411 = PCURVE('',#126,#2412);
#2412 = DEFINITIONAL_REPRESENTATION('',(#2413),#2417);
#2413 = B_SPLINE_CURVE_WITH_KNOTS('',2,(#2414,#2415,#2416),
  .UNSPECIFIED.,.F.,.F.,(3,3),(0.,1.),.PIECEWISE_BEZIER_KNOTS.);
#2414 = CARTESIAN_POINT('',(15.206787109375,7.704467773438));
#2415 = CARTESIAN_POINT('',(15.73193359375,8.135131835938));
#2416 = CARTESIAN_POINT('',(15.91650390625,8.38671875));
#2417 = ( GEOMETRIC_REPRESENTATION_CONTEXT(2) 
PARAMETRIC_REPRESENTATION_CONTEXT() REPRESENTATION_CONTEXT('2D SPACE',''
  ) );
#2418 = PCURVE('',#2419,#2426);
#2419 = SURFACE_OF_LINEAR_EXTRUSION('',#2420,#2424);
#2420 = B_SPLINE_CURVE_WITH_KNOTS('',2,(#2421,#2422,#2423),
  .UNSPECIFIED.,.F.,.F.,(3,3),(0.,1.),.PIECEWISE_BEZIER_KNOTS.);
#2421 = CARTESIAN_POINT('',(-64.79321289062,-10.29553222656,2.5));
#2422 = CARTESIAN_POINT('',(-64.26806640625,-9.864868164062,2.5));
#2423 = CARTESIAN_POINT('',(-64.08349609375,-9.61328125,2.5));
#2424 = VECTOR('',#2425,1.);
#2425 = DIRECTION('',(0.,0.,1.));
#2426 = DEFINITIONAL_REPRESENTATION('',(#2427),#2431);
#2427 = LINE('',#2428,#2429);
#2428 = CARTESIAN_POINT('',(0.,0.));
#2429 = VECTOR('',#2430,1.);
#2430 = DIRECTION('',(1.,0.));
#2431 = ( GEOMETRIC_REPRESENTATION_CONTEXT(2) 
PARAMETRIC_REPRESENTATION_CONTEXT() REPRESENTATION_CONTEXT('2D SPACE',''
  ) );
#2432 = ORIENTED_EDGE('',*,*,#2433,.T.);
#2433 = EDGE_CURVE('',#2404,#2434,#2436,.T.);
#2434 = VERTEX_POINT('',#2435);
#2435 = CARTESIAN_POINT('',(-63.89892578125,-9.137573242188,2.5));
#2436 = SURFACE_CURVE('',#2437,(#2441,#2448),.PCURVE_S1.);
#2437 = B_SPLINE_CURVE_WITH_KNOTS('',2,(#2438,#2439,#2440),
  .UNSPECIFIED.,.F.,.F.,(3,3),(0.,1.),.PIECEWISE_BEZIER_KNOTS.);
#2438 = CARTESIAN_POINT('',(-64.08349609375,-9.61328125,2.5));
#2439 = CARTESIAN_POINT('',(-63.89892578125,-9.361694335938,2.5));
#2440 = CARTESIAN_POINT('',(-63.89892578125,-9.137573242188,2.5));
#2441 = PCURVE('',#126,#2442);
#2442 = DEFINITIONAL_REPRESENTATION('',(#2443),#2447);
#2443 = B_SPLINE_CURVE_WITH_KNOTS('',2,(#2444,#2445,#2446),
  .UNSPECIFIED.,.F.,.F.,(3,3),(0.,1.),.PIECEWISE_BEZIER_KNOTS.);
#2444 = CARTESIAN_POINT('',(15.91650390625,8.38671875));
#2445 = CARTESIAN_POINT('',(16.10107421875,8.638305664062));
#2446 = CARTESIAN_POINT('',(16.10107421875,8.862426757812));
#2447 = ( GEOMETRIC_REPRESENTATION_CONTEXT(2) 
PARAMETRIC_REPRESENTATION_CONTEXT() REPRESENTATION_CONTEXT('2D SPACE',''
  ) );
#2448 = PCURVE('',#2449,#2456);
#2449 = SURFACE_OF_LINEAR_EXTRUSION('',#2450,#2454);
#2450 = B_SPLINE_CURVE_WITH_KNOTS('',2,(#2451,#2452,#2453),
  .UNSPECIFIED.,.F.,.F.,(3,3),(0.,1.),.PIECEWISE_BEZIER_KNOTS.);
#2451 = CARTESIAN_POINT('',(-64.08349609375,-9.61328125,2.5));
#2452 = CARTESIAN_POINT('',(-63.89892578125,-9.361694335938,2.5));
#2453 = CARTESIAN_POINT('',(-63.89892578125,-9.137573242188,2.5));
#2454 = VECTOR('',#2455,1.);
#2455 = DIRECTION('',(0.,0.,1.));
#2456 = DEFINITIONAL_REPRESENTATION('',(#2457),#2461);
#2457 = LINE('',#2458,#2459);
#2458 = CARTESIAN_POINT('',(0.,0.));
#2459 = VECTOR('',#2460,1.);
#2460 = DIRECTION('',(1.,0.));
#2461 = ( GEOMETRIC_REPRESENTATION_CONTEXT(2) 
PARAMETRIC_REPRESENTATION_CONTEXT() REPRESENTATION_CONTEXT('2D SPACE',''
  ) );
#2462 = ORIENTED_EDGE('',*,*,#2463,.T.);
#2463 = EDGE_CURVE('',#2434,#2464,#2466,.T.);
#2464 = VERTEX_POINT('',#2465);
#2465 = CARTESIAN_POINT('',(-64.06701660156,-8.740966796875,2.5));
#2466 = SURFACE_CURVE('',#2467,(#2471,#2478),.PCURVE_S1.);
#2467 = B_SPLINE_CURVE_WITH_KNOTS('',2,(#2468,#2469,#2470),
  .UNSPECIFIED.,.F.,.F.,(3,3),(0.,1.),.PIECEWISE_BEZIER_KNOTS.);
#2468 = CARTESIAN_POINT('',(-63.89892578125,-9.137573242188,2.5));
#2469 = CARTESIAN_POINT('',(-63.89892578125,-8.902465820312,2.5));
#2470 = CARTESIAN_POINT('',(-64.06701660156,-8.740966796875,2.5));
#2471 = PCURVE('',#126,#2472);
#2472 = DEFINITIONAL_REPRESENTATION('',(#2473),#2477);
#2473 = B_SPLINE_CURVE_WITH_KNOTS('',2,(#2474,#2475,#2476),
  .UNSPECIFIED.,.F.,.F.,(3,3),(0.,1.),.PIECEWISE_BEZIER_KNOTS.);
#2474 = CARTESIAN_POINT('',(16.10107421875,8.862426757812));
#2475 = CARTESIAN_POINT('',(16.10107421875,9.097534179688));
#2476 = CARTESIAN_POINT('',(15.932983398438,9.259033203125));
#2477 = ( GEOMETRIC_REPRESENTATION_CONTEXT(2) 
PARAMETRIC_REPRESENTATION_CONTEXT() REPRESENTATION_CONTEXT('2D SPACE',''
  ) );
#2478 = PCURVE('',#2479,#2486);
#2479 = SURFACE_OF_LINEAR_EXTRUSION('',#2480,#2484);
#2480 = B_SPLINE_CURVE_WITH_KNOTS('',2,(#2481,#2482,#2483),
  .UNSPECIFIED.,.F.,.F.,(3,3),(0.,1.),.PIECEWISE_BEZIER_KNOTS.);
#2481 = CARTESIAN_POINT('',(-63.89892578125,-9.137573242188,2.5));
#2482 = CARTESIAN_POINT('',(-63.89892578125,-8.902465820312,2.5));
#2483 = CARTESIAN_POINT('',(-64.06701660156,-8.740966796875,2.5));
#2484 = VECTOR('',#2485,1.);
#2485 = DIRECTION('',(0.,0.,1.));
#2486 = DEFINITIONAL_REPRESENTATION('',(#2487),#2491);
#2487 = LINE('',#2488,#2489);
#2488 = CARTESIAN_POINT('',(0.,0.));
#2489 = VECTOR('',#2490,1.);
#2490 = DIRECTION('',(1.,0.));
#2491 = ( GEOMETRIC_REPRESENTATION_CONTEXT(2) 
PARAMETRIC_REPRESENTATION_CONTEXT() REPRESENTATION_CONTEXT('2D SPACE',''
  ) );
#2492 = ORIENTED_EDGE('',*,*,#2493,.T.);
#2493 = EDGE_CURVE('',#2464,#2494,#2496,.T.);
#2494 = VERTEX_POINT('',#2495);
#2495 = CARTESIAN_POINT('',(-64.50537109375,-8.579467773438,2.5));
#2496 = SURFACE_CURVE('',#2497,(#2501,#2508),.PCURVE_S1.);
#2497 = B_SPLINE_CURVE_WITH_KNOTS('',2,(#2498,#2499,#2500),
  .UNSPECIFIED.,.F.,.F.,(3,3),(0.,1.),.PIECEWISE_BEZIER_KNOTS.);
#2498 = CARTESIAN_POINT('',(-64.06701660156,-8.740966796875,2.5));
#2499 = CARTESIAN_POINT('',(-64.23510742187,-8.579467773438,2.5));
#2500 = CARTESIAN_POINT('',(-64.50537109375,-8.579467773438,2.5));
#2501 = PCURVE('',#126,#2502);
#2502 = DEFINITIONAL_REPRESENTATION('',(#2503),#2507);
#2503 = B_SPLINE_CURVE_WITH_KNOTS('',2,(#2504,#2505,#2506),
  .UNSPECIFIED.,.F.,.F.,(3,3),(0.,1.),.PIECEWISE_BEZIER_KNOTS.);
#2504 = CARTESIAN_POINT('',(15.932983398438,9.259033203125));
#2505 = CARTESIAN_POINT('',(15.764892578125,9.420532226562));
#2506 = CARTESIAN_POINT('',(15.49462890625,9.420532226562));
#2507 = ( GEOMETRIC_REPRESENTATION_CONTEXT(2) 
PARAMETRIC_REPRESENTATION_CONTEXT() REPRESENTATION_CONTEXT('2D SPACE',''
  ) );
#2508 = PCURVE('',#2509,#2516);
#2509 = SURFACE_OF_LINEAR_EXTRUSION('',#2510,#2514);
#2510 = B_SPLINE_CURVE_WITH_KNOTS('',2,(#2511,#2512,#2513),
  .UNSPECIFIED.,.F.,.F.,(3,3),(0.,1.),.PIECEWISE_BEZIER_KNOTS.);
#2511 = CARTESIAN_POINT('',(-64.06701660156,-8.740966796875,2.5));
#2512 = CARTESIAN_POINT('',(-64.23510742187,-8.579467773438,2.5));
#2513 = CARTESIAN_POINT('',(-64.50537109375,-8.579467773438,2.5));
#2514 = VECTOR('',#2515,1.);
#2515 = DIRECTION('',(0.,0.,1.));
#2516 = DEFINITIONAL_REPRESENTATION('',(#2517),#2521);
#2517 = LINE('',#2518,#2519);
#2518 = CARTESIAN_POINT('',(0.,0.));
#2519 = VECTOR('',#2520,1.);
#2520 = DIRECTION('',(1.,0.));
#2521 = ( GEOMETRIC_REPRESENTATION_CONTEXT(2) 
PARAMETRIC_REPRESENTATION_CONTEXT() REPRESENTATION_CONTEXT('2D SPACE',''
  ) );
#2522 = ORIENTED_EDGE('',*,*,#2523,.T.);
#2523 = EDGE_CURVE('',#2494,#2524,#2526,.T.);
#2524 = VERTEX_POINT('',#2525);
#2525 = CARTESIAN_POINT('',(-64.96240234375,-8.750854492188,2.5));
#2526 = SURFACE_CURVE('',#2527,(#2531,#2538),.PCURVE_S1.);
#2527 = B_SPLINE_CURVE_WITH_KNOTS('',2,(#2528,#2529,#2530),
  .UNSPECIFIED.,.F.,.F.,(3,3),(0.,1.),.PIECEWISE_BEZIER_KNOTS.);
#2528 = CARTESIAN_POINT('',(-64.50537109375,-8.579467773438,2.5));
#2529 = CARTESIAN_POINT('',(-64.791015625,-8.579467773438,2.5));
#2530 = CARTESIAN_POINT('',(-64.96240234375,-8.750854492188,2.5));
#2531 = PCURVE('',#126,#2532);
#2532 = DEFINITIONAL_REPRESENTATION('',(#2533),#2537);
#2533 = B_SPLINE_CURVE_WITH_KNOTS('',2,(#2534,#2535,#2536),
  .UNSPECIFIED.,.F.,.F.,(3,3),(0.,1.),.PIECEWISE_BEZIER_KNOTS.);
#2534 = CARTESIAN_POINT('',(15.49462890625,9.420532226562));
#2535 = CARTESIAN_POINT('',(15.208984375,9.420532226562));
#2536 = CARTESIAN_POINT('',(15.03759765625,9.249145507812));
#2537 = ( GEOMETRIC_REPRESENTATION_CONTEXT(2) 
PARAMETRIC_REPRESENTATION_CONTEXT() REPRESENTATION_CONTEXT('2D SPACE',''
  ) );
#2538 = PCURVE('',#2539,#2546);
#2539 = SURFACE_OF_LINEAR_EXTRUSION('',#2540,#2544);
#2540 = B_SPLINE_CURVE_WITH_KNOTS('',2,(#2541,#2542,#2543),
  .UNSPECIFIED.,.F.,.F.,(3,3),(0.,1.),.PIECEWISE_BEZIER_KNOTS.);
#2541 = CARTESIAN_POINT('',(-64.50537109375,-8.579467773438,2.5));
#2542 = CARTESIAN_POINT('',(-64.791015625,-8.579467773438,2.5));
#2543 = CARTESIAN_POINT('',(-64.96240234375,-8.750854492188,2.5));
#2544 = VECTOR('',#2545,1.);
#2545 = DIRECTION('',(0.,0.,1.));
#2546 = DEFINITIONAL_REPRESENTATION('',(#2547),#2551);
#2547 = LINE('',#2548,#2549);
#2548 = CARTESIAN_POINT('',(0.,0.));
#2549 = VECTOR('',#2550,1.);
#2550 = DIRECTION('',(1.,0.));
#2551 = ( GEOMETRIC_REPRESENTATION_CONTEXT(2) 
PARAMETRIC_REPRESENTATION_CONTEXT() REPRESENTATION_CONTEXT('2D SPACE',''
  ) );
#2552 = ORIENTED_EDGE('',*,*,#2553,.T.);
#2553 = EDGE_CURVE('',#2524,#2554,#2556,.T.);
#2554 = VERTEX_POINT('',#2555);
#2555 = CARTESIAN_POINT('',(-65.13598632812,-9.225463867188,2.5));
#2556 = SURFACE_CURVE('',#2557,(#2561,#2568),.PCURVE_S1.);
#2557 = B_SPLINE_CURVE_WITH_KNOTS('',2,(#2558,#2559,#2560),
  .UNSPECIFIED.,.F.,.F.,(3,3),(0.,1.),.PIECEWISE_BEZIER_KNOTS.);
#2558 = CARTESIAN_POINT('',(-64.96240234375,-8.750854492188,2.5));
#2559 = CARTESIAN_POINT('',(-65.1337890625,-8.922241210938,2.5));
#2560 = CARTESIAN_POINT('',(-65.13598632812,-9.225463867188,2.5));
#2561 = PCURVE('',#126,#2562);
#2562 = DEFINITIONAL_REPRESENTATION('',(#2563),#2567);
#2563 = B_SPLINE_CURVE_WITH_KNOTS('',2,(#2564,#2565,#2566),
  .UNSPECIFIED.,.F.,.F.,(3,3),(0.,1.),.PIECEWISE_BEZIER_KNOTS.);
#2564 = CARTESIAN_POINT('',(15.03759765625,9.249145507812));
#2565 = CARTESIAN_POINT('',(14.8662109375,9.077758789062));
#2566 = CARTESIAN_POINT('',(14.864013671875,8.774536132812));
#2567 = ( GEOMETRIC_REPRESENTATION_CONTEXT(2) 
PARAMETRIC_REPRESENTATION_CONTEXT() REPRESENTATION_CONTEXT('2D SPACE',''
  ) );
#2568 = PCURVE('',#2569,#2576);
#2569 = SURFACE_OF_LINEAR_EXTRUSION('',#2570,#2574);
#2570 = B_SPLINE_CURVE_WITH_KNOTS('',2,(#2571,#2572,#2573),
  .UNSPECIFIED.,.F.,.F.,(3,3),(0.,1.),.PIECEWISE_BEZIER_KNOTS.);
#2571 = CARTESIAN_POINT('',(-64.96240234375,-8.750854492188,2.5));
#2572 = CARTESIAN_POINT('',(-65.1337890625,-8.922241210938,2.5));
#2573 = CARTESIAN_POINT('',(-65.13598632812,-9.225463867188,2.5));
#2574 = VECTOR('',#2575,1.);
#2575 = DIRECTION('',(0.,0.,1.));
#2576 = DEFINITIONAL_REPRESENTATION('',(#2577),#2581);
#2577 = LINE('',#2578,#2579);
#2578 = CARTESIAN_POINT('',(0.,0.));
#2579 = VECTOR('',#2580,1.);
#2580 = DIRECTION('',(1.,0.));
#2581 = ( GEOMETRIC_REPRESENTATION_CONTEXT(2) 
PARAMETRIC_REPRESENTATION_CONTEXT() REPRESENTATION_CONTEXT('2D SPACE',''
  ) );
#2582 = ORIENTED_EDGE('',*,*,#2583,.T.);
#2583 = EDGE_CURVE('',#2554,#2584,#2586,.T.);
#2584 = VERTEX_POINT('',#2585);
#2585 = CARTESIAN_POINT('',(-65.54248046875,-9.183715820312,2.5));
#2586 = SURFACE_CURVE('',#2587,(#2591,#2598),.PCURVE_S1.);
#2587 = LINE('',#2588,#2589);
#2588 = CARTESIAN_POINT('',(-65.13598632812,-9.225463867188,2.5));
#2589 = VECTOR('',#2590,1.);
#2590 = DIRECTION('',(-0.994767435445,0.102165304181,0.));
#2591 = PCURVE('',#126,#2592);
#2592 = DEFINITIONAL_REPRESENTATION('',(#2593),#2597);
#2593 = LINE('',#2594,#2595);
#2594 = CARTESIAN_POINT('',(14.864013671875,8.774536132812));
#2595 = VECTOR('',#2596,1.);
#2596 = DIRECTION('',(-0.994767435445,0.102165304181));
#2597 = ( GEOMETRIC_REPRESENTATION_CONTEXT(2) 
PARAMETRIC_REPRESENTATION_CONTEXT() REPRESENTATION_CONTEXT('2D SPACE',''
  ) );
#2598 = PCURVE('',#2599,#2604);
#2599 = PLANE('',#2600);
#2600 = AXIS2_PLACEMENT_3D('',#2601,#2602,#2603);
#2601 = CARTESIAN_POINT('',(-65.13598632812,-9.225463867188,2.5));
#2602 = DIRECTION('',(0.102165304181,0.994767435445,0.));
#2603 = DIRECTION('',(-0.994767435445,0.102165304181,0.));
#2604 = DEFINITIONAL_REPRESENTATION('',(#2605),#2609);
#2605 = LINE('',#2606,#2607);
#2606 = CARTESIAN_POINT('',(0.,0.));
#2607 = VECTOR('',#2608,1.);
#2608 = DIRECTION('',(1.,0.));
#2609 = ( GEOMETRIC_REPRESENTATION_CONTEXT(2) 
PARAMETRIC_REPRESENTATION_CONTEXT() REPRESENTATION_CONTEXT('2D SPACE',''
  ) );
#2610 = ORIENTED_EDGE('',*,*,#2611,.T.);
#2611 = EDGE_CURVE('',#2584,#2612,#2614,.T.);
#2612 = VERTEX_POINT('',#2613);
#2613 = CARTESIAN_POINT('',(-65.22827148437,-8.490478515625,2.5));
#2614 = SURFACE_CURVE('',#2615,(#2619,#2626),.PCURVE_S1.);
#2615 = B_SPLINE_CURVE_WITH_KNOTS('',2,(#2616,#2617,#2618),
  .UNSPECIFIED.,.F.,.F.,(3,3),(0.,1.),.PIECEWISE_BEZIER_KNOTS.);
#2616 = CARTESIAN_POINT('',(-65.54248046875,-9.183715820312,2.5));
#2617 = CARTESIAN_POINT('',(-65.50073242187,-8.728881835938,2.5));
#2618 = CARTESIAN_POINT('',(-65.22827148437,-8.490478515625,2.5));
#2619 = PCURVE('',#126,#2620);
#2620 = DEFINITIONAL_REPRESENTATION('',(#2621),#2625);
#2621 = B_SPLINE_CURVE_WITH_KNOTS('',2,(#2622,#2623,#2624),
  .UNSPECIFIED.,.F.,.F.,(3,3),(0.,1.),.PIECEWISE_BEZIER_KNOTS.);
#2622 = CARTESIAN_POINT('',(14.45751953125,8.816284179688));
#2623 = CARTESIAN_POINT('',(14.499267578125,9.271118164062));
#2624 = CARTESIAN_POINT('',(14.771728515625,9.509521484375));
#2625 = ( GEOMETRIC_REPRESENTATION_CONTEXT(2) 
PARAMETRIC_REPRESENTATION_CONTEXT() REPRESENTATION_CONTEXT('2D SPACE',''
  ) );
#2626 = PCURVE('',#2627,#2634);
#2627 = SURFACE_OF_LINEAR_EXTRUSION('',#2628,#2632);
#2628 = B_SPLINE_CURVE_WITH_KNOTS('',2,(#2629,#2630,#2631),
  .UNSPECIFIED.,.F.,.F.,(3,3),(0.,1.),.PIECEWISE_BEZIER_KNOTS.);
#2629 = CARTESIAN_POINT('',(-65.54248046875,-9.183715820312,2.5));
#2630 = CARTESIAN_POINT('',(-65.50073242187,-8.728881835938,2.5));
#2631 = CARTESIAN_POINT('',(-65.22827148437,-8.490478515625,2.5));
#2632 = VECTOR('',#2633,1.);
#2633 = DIRECTION('',(0.,0.,1.));
#2634 = DEFINITIONAL_REPRESENTATION('',(#2635),#2639);
#2635 = LINE('',#2636,#2637);
#2636 = CARTESIAN_POINT('',(0.,0.));
#2637 = VECTOR('',#2638,1.);
#2638 = DIRECTION('',(1.,0.));
#2639 = ( GEOMETRIC_REPRESENTATION_CONTEXT(2) 
PARAMETRIC_REPRESENTATION_CONTEXT() REPRESENTATION_CONTEXT('2D SPACE',''
  ) );
#2640 = ORIENTED_EDGE('',*,*,#2641,.T.);
#2641 = EDGE_CURVE('',#2612,#2642,#2644,.T.);
#2642 = VERTEX_POINT('',#2643);
#2643 = CARTESIAN_POINT('',(-64.49658203125,-8.252075195312,2.5));
#2644 = SURFACE_CURVE('',#2645,(#2649,#2656),.PCURVE_S1.);
#2645 = B_SPLINE_CURVE_WITH_KNOTS('',2,(#2646,#2647,#2648),
  .UNSPECIFIED.,.F.,.F.,(3,3),(0.,1.),.PIECEWISE_BEZIER_KNOTS.);
#2646 = CARTESIAN_POINT('',(-65.22827148437,-8.490478515625,2.5));
#2647 = CARTESIAN_POINT('',(-64.95581054687,-8.252075195312,2.5));
#2648 = CARTESIAN_POINT('',(-64.49658203125,-8.252075195312,2.5));
#2649 = PCURVE('',#126,#2650);
#2650 = DEFINITIONAL_REPRESENTATION('',(#2651),#2655);
#2651 = B_SPLINE_CURVE_WITH_KNOTS('',2,(#2652,#2653,#2654),
  .UNSPECIFIED.,.F.,.F.,(3,3),(0.,1.),.PIECEWISE_BEZIER_KNOTS.);
#2652 = CARTESIAN_POINT('',(14.771728515625,9.509521484375));
#2653 = CARTESIAN_POINT('',(15.044189453125,9.747924804688));
#2654 = CARTESIAN_POINT('',(15.50341796875,9.747924804688));
#2655 = ( GEOMETRIC_REPRESENTATION_CONTEXT(2) 
PARAMETRIC_REPRESENTATION_CONTEXT() REPRESENTATION_CONTEXT('2D SPACE',''
  ) );
#2656 = PCURVE('',#2657,#2664);
#2657 = SURFACE_OF_LINEAR_EXTRUSION('',#2658,#2662);
#2658 = B_SPLINE_CURVE_WITH_KNOTS('',2,(#2659,#2660,#2661),
  .UNSPECIFIED.,.F.,.F.,(3,3),(0.,1.),.PIECEWISE_BEZIER_KNOTS.);
#2659 = CARTESIAN_POINT('',(-65.22827148437,-8.490478515625,2.5));
#2660 = CARTESIAN_POINT('',(-64.95581054687,-8.252075195312,2.5));
#2661 = CARTESIAN_POINT('',(-64.49658203125,-8.252075195312,2.5));
#2662 = VECTOR('',#2663,1.);
#2663 = DIRECTION('',(0.,0.,1.));
#2664 = DEFINITIONAL_REPRESENTATION('',(#2665),#2669);
#2665 = LINE('',#2666,#2667);
#2666 = CARTESIAN_POINT('',(0.,0.));
#2667 = VECTOR('',#2668,1.);
#2668 = DIRECTION('',(1.,0.));
#2669 = ( GEOMETRIC_REPRESENTATION_CONTEXT(2) 
PARAMETRIC_REPRESENTATION_CONTEXT() REPRESENTATION_CONTEXT('2D SPACE',''
  ) );
#2670 = ORIENTED_EDGE('',*,*,#2671,.T.);
#2671 = EDGE_CURVE('',#2642,#2672,#2674,.T.);
#2672 = VERTEX_POINT('',#2673);
#2673 = CARTESIAN_POINT('',(-63.7626953125,-8.509155273438,2.5));
#2674 = SURFACE_CURVE('',#2675,(#2679,#2686),.PCURVE_S1.);
#2675 = B_SPLINE_CURVE_WITH_KNOTS('',2,(#2676,#2677,#2678),
  .UNSPECIFIED.,.F.,.F.,(3,3),(0.,1.),.PIECEWISE_BEZIER_KNOTS.);
#2676 = CARTESIAN_POINT('',(-64.49658203125,-8.252075195312,2.5));
#2677 = CARTESIAN_POINT('',(-64.03295898437,-8.252075195312,2.5));
#2678 = CARTESIAN_POINT('',(-63.7626953125,-8.509155273438,2.5));
#2679 = PCURVE('',#126,#2680);
#2680 = DEFINITIONAL_REPRESENTATION('',(#2681),#2685);
#2681 = B_SPLINE_CURVE_WITH_KNOTS('',2,(#2682,#2683,#2684),
  .UNSPECIFIED.,.F.,.F.,(3,3),(0.,1.),.PIECEWISE_BEZIER_KNOTS.);
#2682 = CARTESIAN_POINT('',(15.50341796875,9.747924804688));
#2683 = CARTESIAN_POINT('',(15.967041015625,9.747924804688));
#2684 = CARTESIAN_POINT('',(16.2373046875,9.490844726562));
#2685 = ( GEOMETRIC_REPRESENTATION_CONTEXT(2) 
PARAMETRIC_REPRESENTATION_CONTEXT() REPRESENTATION_CONTEXT('2D SPACE',''
  ) );
#2686 = PCURVE('',#2687,#2694);
#2687 = SURFACE_OF_LINEAR_EXTRUSION('',#2688,#2692);
#2688 = B_SPLINE_CURVE_WITH_KNOTS('',2,(#2689,#2690,#2691),
  .UNSPECIFIED.,.F.,.F.,(3,3),(0.,1.),.PIECEWISE_BEZIER_KNOTS.);
#2689 = CARTESIAN_POINT('',(-64.49658203125,-8.252075195312,2.5));
#2690 = CARTESIAN_POINT('',(-64.03295898437,-8.252075195312,2.5));
#2691 = CARTESIAN_POINT('',(-63.7626953125,-8.509155273438,2.5));
#2692 = VECTOR('',#2693,1.);
#2693 = DIRECTION('',(0.,0.,1.));
#2694 = DEFINITIONAL_REPRESENTATION('',(#2695),#2699);
#2695 = LINE('',#2696,#2697);
#2696 = CARTESIAN_POINT('',(0.,0.));
#2697 = VECTOR('',#2698,1.);
#2698 = DIRECTION('',(1.,0.));
#2699 = ( GEOMETRIC_REPRESENTATION_CONTEXT(2) 
PARAMETRIC_REPRESENTATION_CONTEXT() REPRESENTATION_CONTEXT('2D SPACE',''
  ) );
#2700 = ORIENTED_EDGE('',*,*,#2701,.T.);
#2701 = EDGE_CURVE('',#2672,#2702,#2704,.T.);
#2702 = VERTEX_POINT('',#2703);
#2703 = CARTESIAN_POINT('',(-63.49243164062,-9.146362304688,2.5));
#2704 = SURFACE_CURVE('',#2705,(#2709,#2716),.PCURVE_S1.);
#2705 = B_SPLINE_CURVE_WITH_KNOTS('',2,(#2706,#2707,#2708),
  .UNSPECIFIED.,.F.,.F.,(3,3),(0.,1.),.PIECEWISE_BEZIER_KNOTS.);
#2706 = CARTESIAN_POINT('',(-63.7626953125,-8.509155273438,2.5));
#2707 = CARTESIAN_POINT('',(-63.49243164062,-8.766235351562,2.5));
#2708 = CARTESIAN_POINT('',(-63.49243164062,-9.146362304688,2.5));
#2709 = PCURVE('',#126,#2710);
#2710 = DEFINITIONAL_REPRESENTATION('',(#2711),#2715);
#2711 = B_SPLINE_CURVE_WITH_KNOTS('',2,(#2712,#2713,#2714),
  .UNSPECIFIED.,.F.,.F.,(3,3),(0.,1.),.PIECEWISE_BEZIER_KNOTS.);
#2712 = CARTESIAN_POINT('',(16.2373046875,9.490844726562));
#2713 = CARTESIAN_POINT('',(16.507568359375,9.233764648438));
#2714 = CARTESIAN_POINT('',(16.507568359375,8.853637695312));
#2715 = ( GEOMETRIC_REPRESENTATION_CONTEXT(2) 
PARAMETRIC_REPRESENTATION_CONTEXT() REPRESENTATION_CONTEXT('2D SPACE',''
  ) );
#2716 = PCURVE('',#2717,#2724);
#2717 = SURFACE_OF_LINEAR_EXTRUSION('',#2718,#2722);
#2718 = B_SPLINE_CURVE_WITH_KNOTS('',2,(#2719,#2720,#2721),
  .UNSPECIFIED.,.F.,.F.,(3,3),(0.,1.),.PIECEWISE_BEZIER_KNOTS.);
#2719 = CARTESIAN_POINT('',(-63.7626953125,-8.509155273438,2.5));
#2720 = CARTESIAN_POINT('',(-63.49243164062,-8.766235351562,2.5));
#2721 = CARTESIAN_POINT('',(-63.49243164062,-9.146362304688,2.5));
#2722 = VECTOR('',#2723,1.);
#2723 = DIRECTION('',(0.,0.,1.));
#2724 = DEFINITIONAL_REPRESENTATION('',(#2725),#2729);
#2725 = LINE('',#2726,#2727);
#2726 = CARTESIAN_POINT('',(0.,0.));
#2727 = VECTOR('',#2728,1.);
#2728 = DIRECTION('',(1.,0.));
#2729 = ( GEOMETRIC_REPRESENTATION_CONTEXT(2) 
PARAMETRIC_REPRESENTATION_CONTEXT() REPRESENTATION_CONTEXT('2D SPACE',''
  ) );
#2730 = ORIENTED_EDGE('',*,*,#2731,.T.);
#2731 = EDGE_CURVE('',#2702,#2732,#2734,.T.);
#2732 = VERTEX_POINT('',#2733);
#2733 = CARTESIAN_POINT('',(-63.57153320312,-9.526489257812,2.5));
#2734 = SURFACE_CURVE('',#2735,(#2739,#2746),.PCURVE_S1.);
#2735 = B_SPLINE_CURVE_WITH_KNOTS('',2,(#2736,#2737,#2738),
  .UNSPECIFIED.,.F.,.F.,(3,3),(0.,1.),.PIECEWISE_BEZIER_KNOTS.);
#2736 = CARTESIAN_POINT('',(-63.49243164062,-9.146362304688,2.5));
#2737 = CARTESIAN_POINT('',(-63.49243164062,-9.339721679688,2.5));
#2738 = CARTESIAN_POINT('',(-63.57153320312,-9.526489257812,2.5));
#2739 = PCURVE('',#126,#2740);
#2740 = DEFINITIONAL_REPRESENTATION('',(#2741),#2745);
#2741 = B_SPLINE_CURVE_WITH_KNOTS('',2,(#2742,#2743,#2744),
  .UNSPECIFIED.,.F.,.F.,(3,3),(0.,1.),.PIECEWISE_BEZIER_KNOTS.);
#2742 = CARTESIAN_POINT('',(16.507568359375,8.853637695312));
#2743 = CARTESIAN_POINT('',(16.507568359375,8.660278320312));
#2744 = CARTESIAN_POINT('',(16.428466796875,8.473510742188));
#2745 = ( GEOMETRIC_REPRESENTATION_CONTEXT(2) 
PARAMETRIC_REPRESENTATION_CONTEXT() REPRESENTATION_CONTEXT('2D SPACE',''
  ) );
#2746 = PCURVE('',#2747,#2754);
#2747 = SURFACE_OF_LINEAR_EXTRUSION('',#2748,#2752);
#2748 = B_SPLINE_CURVE_WITH_KNOTS('',2,(#2749,#2750,#2751),
  .UNSPECIFIED.,.F.,.F.,(3,3),(0.,1.),.PIECEWISE_BEZIER_KNOTS.);
#2749 = CARTESIAN_POINT('',(-63.49243164062,-9.146362304688,2.5));
#2750 = CARTESIAN_POINT('',(-63.49243164062,-9.339721679688,2.5));
#2751 = CARTESIAN_POINT('',(-63.57153320312,-9.526489257812,2.5));
#2752 = VECTOR('',#2753,1.);
#2753 = DIRECTION('',(0.,0.,1.));
#2754 = DEFINITIONAL_REPRESENTATION('',(#2755),#2759);
#2755 = LINE('',#2756,#2757);
#2756 = CARTESIAN_POINT('',(0.,0.));
#2757 = VECTOR('',#2758,1.);
#2758 = DIRECTION('',(1.,0.));
#2759 = ( GEOMETRIC_REPRESENTATION_CONTEXT(2) 
PARAMETRIC_REPRESENTATION_CONTEXT() REPRESENTATION_CONTEXT('2D SPACE',''
  ) );
#2760 = ORIENTED_EDGE('',*,*,#2761,.T.);
#2761 = EDGE_CURVE('',#2732,#2762,#2764,.T.);
#2762 = VERTEX_POINT('',#2763);
#2763 = CARTESIAN_POINT('',(-63.83410644531,-9.919799804688,2.5));
#2764 = SURFACE_CURVE('',#2765,(#2769,#2776),.PCURVE_S1.);
#2765 = B_SPLINE_CURVE_WITH_KNOTS('',2,(#2766,#2767,#2768),
  .UNSPECIFIED.,.F.,.F.,(3,3),(0.,1.),.PIECEWISE_BEZIER_KNOTS.);
#2766 = CARTESIAN_POINT('',(-63.57153320312,-9.526489257812,2.5));
#2767 = CARTESIAN_POINT('',(-63.65063476562,-9.713256835938,2.5));
#2768 = CARTESIAN_POINT('',(-63.83410644531,-9.919799804688,2.5));
#2769 = PCURVE('',#126,#2770);
#2770 = DEFINITIONAL_REPRESENTATION('',(#2771),#2775);
#2771 = B_SPLINE_CURVE_WITH_KNOTS('',2,(#2772,#2773,#2774),
  .UNSPECIFIED.,.F.,.F.,(3,3),(0.,1.),.PIECEWISE_BEZIER_KNOTS.);
#2772 = CARTESIAN_POINT('',(16.428466796875,8.473510742188));
#2773 = CARTESIAN_POINT('',(16.349365234375,8.286743164062));
#2774 = CARTESIAN_POINT('',(16.165893554688,8.080200195312));
#2775 = ( GEOMETRIC_REPRESENTATION_CONTEXT(2) 
PARAMETRIC_REPRESENTATION_CONTEXT() REPRESENTATION_CONTEXT('2D SPACE',''
  ) );
#2776 = PCURVE('',#2777,#2784);
#2777 = SURFACE_OF_LINEAR_EXTRUSION('',#2778,#2782);
#2778 = B_SPLINE_CURVE_WITH_KNOTS('',2,(#2779,#2780,#2781),
  .UNSPECIFIED.,.F.,.F.,(3,3),(0.,1.),.PIECEWISE_BEZIER_KNOTS.);
#2779 = CARTESIAN_POINT('',(-63.57153320312,-9.526489257812,2.5));
#2780 = CARTESIAN_POINT('',(-63.65063476562,-9.713256835938,2.5));
#2781 = CARTESIAN_POINT('',(-63.83410644531,-9.919799804688,2.5));
#2782 = VECTOR('',#2783,1.);
#2783 = DIRECTION('',(0.,0.,1.));
#2784 = DEFINITIONAL_REPRESENTATION('',(#2785),#2789);
#2785 = LINE('',#2786,#2787);
#2786 = CARTESIAN_POINT('',(0.,0.));
#2787 = VECTOR('',#2788,1.);
#2788 = DIRECTION('',(1.,0.));
#2789 = ( GEOMETRIC_REPRESENTATION_CONTEXT(2) 
PARAMETRIC_REPRESENTATION_CONTEXT() REPRESENTATION_CONTEXT('2D SPACE',''
  ) );
#2790 = ORIENTED_EDGE('',*,*,#2791,.T.);
#2791 = EDGE_CURVE('',#2762,#2792,#2794,.T.);
#2792 = VERTEX_POINT('',#2793);
#2793 = CARTESIAN_POINT('',(-64.44384765625,-10.48669433593,2.5));
#2794 = SURFACE_CURVE('',#2795,(#2799,#2806),.PCURVE_S1.);
#2795 = B_SPLINE_CURVE_WITH_KNOTS('',2,(#2796,#2797,#2798),
  .UNSPECIFIED.,.F.,.F.,(3,3),(0.,1.),.PIECEWISE_BEZIER_KNOTS.);
#2796 = CARTESIAN_POINT('',(-63.83410644531,-9.919799804688,2.5));
#2797 = CARTESIAN_POINT('',(-64.017578125,-10.12634277343,2.5));
#2798 = CARTESIAN_POINT('',(-64.44384765625,-10.48669433593,2.5));
#2799 = PCURVE('',#126,#2800);
#2800 = DEFINITIONAL_REPRESENTATION('',(#2801),#2805);
#2801 = B_SPLINE_CURVE_WITH_KNOTS('',2,(#2802,#2803,#2804),
  .UNSPECIFIED.,.F.,.F.,(3,3),(0.,1.),.PIECEWISE_BEZIER_KNOTS.);
#2802 = CARTESIAN_POINT('',(16.165893554688,8.080200195312));
#2803 = CARTESIAN_POINT('',(15.982421875,7.873657226562));
#2804 = CARTESIAN_POINT('',(15.55615234375,7.513305664062));
#2805 = ( GEOMETRIC_REPRESENTATION_CONTEXT(2) 
PARAMETRIC_REPRESENTATION_CONTEXT() REPRESENTATION_CONTEXT('2D SPACE',''
  ) );
#2806 = PCURVE('',#2807,#2814);
#2807 = SURFACE_OF_LINEAR_EXTRUSION('',#2808,#2812);
#2808 = B_SPLINE_CURVE_WITH_KNOTS('',2,(#2809,#2810,#2811),
  .UNSPECIFIED.,.F.,.F.,(3,3),(0.,1.),.PIECEWISE_BEZIER_KNOTS.);
#2809 = CARTESIAN_POINT('',(-63.83410644531,-9.919799804688,2.5));
#2810 = CARTESIAN_POINT('',(-64.017578125,-10.12634277343,2.5));
#2811 = CARTESIAN_POINT('',(-64.44384765625,-10.48669433593,2.5));
#2812 = VECTOR('',#2813,1.);
#2813 = DIRECTION('',(0.,0.,1.));
#2814 = DEFINITIONAL_REPRESENTATION('',(#2815),#2819);
#2815 = LINE('',#2816,#2817);
#2816 = CARTESIAN_POINT('',(0.,0.));
#2817 = VECTOR('',#2818,1.);
#2818 = DIRECTION('',(1.,0.));
#2819 = ( GEOMETRIC_REPRESENTATION_CONTEXT(2) 
PARAMETRIC_REPRESENTATION_CONTEXT() REPRESENTATION_CONTEXT('2D SPACE',''
  ) );
#2820 = ORIENTED_EDGE('',*,*,#2821,.T.);
#2821 = EDGE_CURVE('',#2792,#2198,#2822,.T.);
#2822 = SURFACE_CURVE('',#2823,(#2827,#2834),.PCURVE_S1.);
#2823 = B_SPLINE_CURVE_WITH_KNOTS('',2,(#2824,#2825,#2826),
  .UNSPECIFIED.,.F.,.F.,(3,3),(0.,1.),.PIECEWISE_BEZIER_KNOTS.);
#2824 = CARTESIAN_POINT('',(-64.44384765625,-10.48669433593,2.5));
#2825 = CARTESIAN_POINT('',(-64.7998046875,-10.78552246093,2.5));
#2826 = CARTESIAN_POINT('',(-64.90087890625,-10.89208984375,2.5));
#2827 = PCURVE('',#126,#2828);
#2828 = DEFINITIONAL_REPRESENTATION('',(#2829),#2833);
#2829 = B_SPLINE_CURVE_WITH_KNOTS('',2,(#2830,#2831,#2832),
  .UNSPECIFIED.,.F.,.F.,(3,3),(0.,1.),.PIECEWISE_BEZIER_KNOTS.);
#2830 = CARTESIAN_POINT('',(15.55615234375,7.513305664062));
#2831 = CARTESIAN_POINT('',(15.2001953125,7.214477539062));
#2832 = CARTESIAN_POINT('',(15.09912109375,7.10791015625));
#2833 = ( GEOMETRIC_REPRESENTATION_CONTEXT(2) 
PARAMETRIC_REPRESENTATION_CONTEXT() REPRESENTATION_CONTEXT('2D SPACE',''
  ) );
#2834 = PCURVE('',#2835,#2842);
#2835 = SURFACE_OF_LINEAR_EXTRUSION('',#2836,#2840);
#2836 = B_SPLINE_CURVE_WITH_KNOTS('',2,(#2837,#2838,#2839),
  .UNSPECIFIED.,.F.,.F.,(3,3),(0.,1.),.PIECEWISE_BEZIER_KNOTS.);
#2837 = CARTESIAN_POINT('',(-64.44384765625,-10.48669433593,2.5));
#2838 = CARTESIAN_POINT('',(-64.7998046875,-10.78552246093,2.5));
#2839 = CARTESIAN_POINT('',(-64.90087890625,-10.89208984375,2.5));
#2840 = VECTOR('',#2841,1.);
#2841 = DIRECTION('',(0.,0.,1.));
#2842 = DEFINITIONAL_REPRESENTATION('',(#2843),#2847);
#2843 = LINE('',#2844,#2845);
#2844 = CARTESIAN_POINT('',(0.,0.));
#2845 = VECTOR('',#2846,1.);
#2846 = DIRECTION('',(1.,0.));
#2847 = ( GEOMETRIC_REPRESENTATION_CONTEXT(2) 
PARAMETRIC_REPRESENTATION_CONTEXT() REPRESENTATION_CONTEXT('2D SPACE',''
  ) );
#2848 = FACE_BOUND('',#2849,.T.);
#2849 = EDGE_LOOP('',(#2850,#2882,#2912,#2942,#2972,#3002,#3032,#3062,
    #3092,#3122,#3152,#3182));
#2850 = ORIENTED_EDGE('',*,*,#2851,.T.);
#2851 = EDGE_CURVE('',#2852,#2854,#2856,.T.);
#2852 = VERTEX_POINT('',#2853);
#2853 = CARTESIAN_POINT('',(-62.74536132812,-11.20739746093,2.5));
#2854 = VERTEX_POINT('',#2855);
#2855 = CARTESIAN_POINT('',(-63.06396484375,-9.897827148438,2.5));
#2856 = SURFACE_CURVE('',#2857,(#2861,#2868),.PCURVE_S1.);
#2857 = B_SPLINE_CURVE_WITH_KNOTS('',2,(#2858,#2859,#2860),
  .UNSPECIFIED.,.F.,.F.,(3,3),(0.,1.),.PIECEWISE_BEZIER_KNOTS.);
#2858 = CARTESIAN_POINT('',(-62.74536132812,-11.20739746093,2.5));
#2859 = CARTESIAN_POINT('',(-63.06396484375,-10.80529785156,2.5));
#2860 = CARTESIAN_POINT('',(-63.06396484375,-9.897827148438,2.5));
#2861 = PCURVE('',#126,#2862);
#2862 = DEFINITIONAL_REPRESENTATION('',(#2863),#2867);
#2863 = B_SPLINE_CURVE_WITH_KNOTS('',2,(#2864,#2865,#2866),
  .UNSPECIFIED.,.F.,.F.,(3,3),(0.,1.),.PIECEWISE_BEZIER_KNOTS.);
#2864 = CARTESIAN_POINT('',(17.254638671875,6.792602539062));
#2865 = CARTESIAN_POINT('',(16.93603515625,7.194702148438));
#2866 = CARTESIAN_POINT('',(16.93603515625,8.102172851562));
#2867 = ( GEOMETRIC_REPRESENTATION_CONTEXT(2) 
PARAMETRIC_REPRESENTATION_CONTEXT() REPRESENTATION_CONTEXT('2D SPACE',''
  ) );
#2868 = PCURVE('',#2869,#2876);
#2869 = SURFACE_OF_LINEAR_EXTRUSION('',#2870,#2874);
#2870 = B_SPLINE_CURVE_WITH_KNOTS('',2,(#2871,#2872,#2873),
  .UNSPECIFIED.,.F.,.F.,(3,3),(0.,1.),.PIECEWISE_BEZIER_KNOTS.);
#2871 = CARTESIAN_POINT('',(-62.74536132812,-11.20739746093,2.5));
#2872 = CARTESIAN_POINT('',(-63.06396484375,-10.80529785156,2.5));
#2873 = CARTESIAN_POINT('',(-63.06396484375,-9.897827148438,2.5));
#2874 = VECTOR('',#2875,1.);
#2875 = DIRECTION('',(0.,0.,1.));
#2876 = DEFINITIONAL_REPRESENTATION('',(#2877),#2881);
#2877 = LINE('',#2878,#2879);
#2878 = CARTESIAN_POINT('',(0.,0.));
#2879 = VECTOR('',#2880,1.);
#2880 = DIRECTION('',(1.,0.));
#2881 = ( GEOMETRIC_REPRESENTATION_CONTEXT(2) 
PARAMETRIC_REPRESENTATION_CONTEXT() REPRESENTATION_CONTEXT('2D SPACE',''
  ) );
#2882 = ORIENTED_EDGE('',*,*,#2883,.T.);
#2883 = EDGE_CURVE('',#2854,#2884,#2886,.T.);
#2884 = VERTEX_POINT('',#2885);
#2885 = CARTESIAN_POINT('',(-62.94641113281,-8.978271484375,2.5));
#2886 = SURFACE_CURVE('',#2887,(#2891,#2898),.PCURVE_S1.);
#2887 = B_SPLINE_CURVE_WITH_KNOTS('',2,(#2888,#2889,#2890),
  .UNSPECIFIED.,.F.,.F.,(3,3),(0.,1.),.PIECEWISE_BEZIER_KNOTS.);
#2888 = CARTESIAN_POINT('',(-63.06396484375,-9.897827148438,2.5));
#2889 = CARTESIAN_POINT('',(-63.06396484375,-9.326538085938,2.5));
#2890 = CARTESIAN_POINT('',(-62.94641113281,-8.978271484375,2.5));
#2891 = PCURVE('',#126,#2892);
#2892 = DEFINITIONAL_REPRESENTATION('',(#2893),#2897);
#2893 = B_SPLINE_CURVE_WITH_KNOTS('',2,(#2894,#2895,#2896),
  .UNSPECIFIED.,.F.,.F.,(3,3),(0.,1.),.PIECEWISE_BEZIER_KNOTS.);
#2894 = CARTESIAN_POINT('',(16.93603515625,8.102172851562));
#2895 = CARTESIAN_POINT('',(16.93603515625,8.673461914062));
#2896 = CARTESIAN_POINT('',(17.053588867188,9.021728515625));
#2897 = ( GEOMETRIC_REPRESENTATION_CONTEXT(2) 
PARAMETRIC_REPRESENTATION_CONTEXT() REPRESENTATION_CONTEXT('2D SPACE',''
  ) );
#2898 = PCURVE('',#2899,#2906);
#2899 = SURFACE_OF_LINEAR_EXTRUSION('',#2900,#2904);
#2900 = B_SPLINE_CURVE_WITH_KNOTS('',2,(#2901,#2902,#2903),
  .UNSPECIFIED.,.F.,.F.,(3,3),(0.,1.),.PIECEWISE_BEZIER_KNOTS.);
#2901 = CARTESIAN_POINT('',(-63.06396484375,-9.897827148438,2.5));
#2902 = CARTESIAN_POINT('',(-63.06396484375,-9.326538085938,2.5));
#2903 = CARTESIAN_POINT('',(-62.94641113281,-8.978271484375,2.5));
#2904 = VECTOR('',#2905,1.);
#2905 = DIRECTION('',(0.,0.,1.));
#2906 = DEFINITIONAL_REPRESENTATION('',(#2907),#2911);
#2907 = LINE('',#2908,#2909);
#2908 = CARTESIAN_POINT('',(0.,0.));
#2909 = VECTOR('',#2910,1.);
#2910 = DIRECTION('',(1.,0.));
#2911 = ( GEOMETRIC_REPRESENTATION_CONTEXT(2) 
PARAMETRIC_REPRESENTATION_CONTEXT() REPRESENTATION_CONTEXT('2D SPACE',''
  ) );
#2912 = ORIENTED_EDGE('',*,*,#2913,.T.);
#2913 = EDGE_CURVE('',#2884,#2914,#2916,.T.);
#2914 = VERTEX_POINT('',#2915);
#2915 = CARTESIAN_POINT('',(-62.59704589843,-8.441040039062,2.5));
#2916 = SURFACE_CURVE('',#2917,(#2921,#2928),.PCURVE_S1.);
#2917 = B_SPLINE_CURVE_WITH_KNOTS('',2,(#2918,#2919,#2920),
  .UNSPECIFIED.,.F.,.F.,(3,3),(0.,1.),.PIECEWISE_BEZIER_KNOTS.);
#2918 = CARTESIAN_POINT('',(-62.94641113281,-8.978271484375,2.5));
#2919 = CARTESIAN_POINT('',(-62.82885742187,-8.630004882812,2.5));
#2920 = CARTESIAN_POINT('',(-62.59704589843,-8.441040039062,2.5));
#2921 = PCURVE('',#126,#2922);
#2922 = DEFINITIONAL_REPRESENTATION('',(#2923),#2927);
#2923 = B_SPLINE_CURVE_WITH_KNOTS('',2,(#2924,#2925,#2926),
  .UNSPECIFIED.,.F.,.F.,(3,3),(0.,1.),.PIECEWISE_BEZIER_KNOTS.);
#2924 = CARTESIAN_POINT('',(17.053588867188,9.021728515625));
#2925 = CARTESIAN_POINT('',(17.171142578125,9.369995117188));
#2926 = CARTESIAN_POINT('',(17.402954101562,9.558959960938));
#2927 = ( GEOMETRIC_REPRESENTATION_CONTEXT(2) 
PARAMETRIC_REPRESENTATION_CONTEXT() REPRESENTATION_CONTEXT('2D SPACE',''
  ) );
#2928 = PCURVE('',#2929,#2936);
#2929 = SURFACE_OF_LINEAR_EXTRUSION('',#2930,#2934);
#2930 = B_SPLINE_CURVE_WITH_KNOTS('',2,(#2931,#2932,#2933),
  .UNSPECIFIED.,.F.,.F.,(3,3),(0.,1.),.PIECEWISE_BEZIER_KNOTS.);
#2931 = CARTESIAN_POINT('',(-62.94641113281,-8.978271484375,2.5));
#2932 = CARTESIAN_POINT('',(-62.82885742187,-8.630004882812,2.5));
#2933 = CARTESIAN_POINT('',(-62.59704589843,-8.441040039062,2.5));
#2934 = VECTOR('',#2935,1.);
#2935 = DIRECTION('',(0.,0.,1.));
#2936 = DEFINITIONAL_REPRESENTATION('',(#2937),#2941);
#2937 = LINE('',#2938,#2939);
#2938 = CARTESIAN_POINT('',(0.,0.));
#2939 = VECTOR('',#2940,1.);
#2940 = DIRECTION('',(1.,0.));
#2941 = ( GEOMETRIC_REPRESENTATION_CONTEXT(2) 
PARAMETRIC_REPRESENTATION_CONTEXT() REPRESENTATION_CONTEXT('2D SPACE',''
  ) );
#2942 = ORIENTED_EDGE('',*,*,#2943,.T.);
#2943 = EDGE_CURVE('',#2914,#2944,#2946,.T.);
#2944 = VERTEX_POINT('',#2945);
#2945 = CARTESIAN_POINT('',(-62.013671875,-8.252075195312,2.5));
#2946 = SURFACE_CURVE('',#2947,(#2951,#2958),.PCURVE_S1.);
#2947 = B_SPLINE_CURVE_WITH_KNOTS('',2,(#2948,#2949,#2950),
  .UNSPECIFIED.,.F.,.F.,(3,3),(0.,1.),.PIECEWISE_BEZIER_KNOTS.);
#2948 = CARTESIAN_POINT('',(-62.59704589843,-8.441040039062,2.5));
#2949 = CARTESIAN_POINT('',(-62.365234375,-8.252075195312,2.5));
#2950 = CARTESIAN_POINT('',(-62.013671875,-8.252075195312,2.5));
#2951 = PCURVE('',#126,#2952);
#2952 = DEFINITIONAL_REPRESENTATION('',(#2953),#2957);
#2953 = B_SPLINE_CURVE_WITH_KNOTS('',2,(#2954,#2955,#2956),
  .UNSPECIFIED.,.F.,.F.,(3,3),(0.,1.),.PIECEWISE_BEZIER_KNOTS.);
#2954 = CARTESIAN_POINT('',(17.402954101562,9.558959960938));
#2955 = CARTESIAN_POINT('',(17.634765625,9.747924804688));
#2956 = CARTESIAN_POINT('',(17.986328125,9.747924804688));
#2957 = ( GEOMETRIC_REPRESENTATION_CONTEXT(2) 
PARAMETRIC_REPRESENTATION_CONTEXT() REPRESENTATION_CONTEXT('2D SPACE',''
  ) );
#2958 = PCURVE('',#2959,#2966);
#2959 = SURFACE_OF_LINEAR_EXTRUSION('',#2960,#2964);
#2960 = B_SPLINE_CURVE_WITH_KNOTS('',2,(#2961,#2962,#2963),
  .UNSPECIFIED.,.F.,.F.,(3,3),(0.,1.),.PIECEWISE_BEZIER_KNOTS.);
#2961 = CARTESIAN_POINT('',(-62.59704589843,-8.441040039062,2.5));
#2962 = CARTESIAN_POINT('',(-62.365234375,-8.252075195312,2.5));
#2963 = CARTESIAN_POINT('',(-62.013671875,-8.252075195312,2.5));
#2964 = VECTOR('',#2965,1.);
#2965 = DIRECTION('',(0.,0.,1.));
#2966 = DEFINITIONAL_REPRESENTATION('',(#2967),#2971);
#2967 = LINE('',#2968,#2969);
#2968 = CARTESIAN_POINT('',(0.,0.));
#2969 = VECTOR('',#2970,1.);
#2970 = DIRECTION('',(1.,0.));
#2971 = ( GEOMETRIC_REPRESENTATION_CONTEXT(2) 
PARAMETRIC_REPRESENTATION_CONTEXT() REPRESENTATION_CONTEXT('2D SPACE',''
  ) );
#2972 = ORIENTED_EDGE('',*,*,#2973,.T.);
#2973 = EDGE_CURVE('',#2944,#2974,#2976,.T.);
#2974 = VERTEX_POINT('',#2975);
#2975 = CARTESIAN_POINT('',(-61.55883789062,-8.3564453125,2.5));
#2976 = SURFACE_CURVE('',#2977,(#2981,#2988),.PCURVE_S1.);
#2977 = B_SPLINE_CURVE_WITH_KNOTS('',2,(#2978,#2979,#2980),
  .UNSPECIFIED.,.F.,.F.,(3,3),(0.,1.),.PIECEWISE_BEZIER_KNOTS.);
#2978 = CARTESIAN_POINT('',(-62.013671875,-8.252075195312,2.5));
#2979 = CARTESIAN_POINT('',(-61.75439453125,-8.252075195312,2.5));
#2980 = CARTESIAN_POINT('',(-61.55883789062,-8.3564453125,2.5));
#2981 = PCURVE('',#126,#2982);
#2982 = DEFINITIONAL_REPRESENTATION('',(#2983),#2987);
#2983 = B_SPLINE_CURVE_WITH_KNOTS('',2,(#2984,#2985,#2986),
  .UNSPECIFIED.,.F.,.F.,(3,3),(0.,1.),.PIECEWISE_BEZIER_KNOTS.);
#2984 = CARTESIAN_POINT('',(17.986328125,9.747924804688));
#2985 = CARTESIAN_POINT('',(18.24560546875,9.747924804688));
#2986 = CARTESIAN_POINT('',(18.441162109375,9.6435546875));
#2987 = ( GEOMETRIC_REPRESENTATION_CONTEXT(2) 
PARAMETRIC_REPRESENTATION_CONTEXT() REPRESENTATION_CONTEXT('2D SPACE',''
  ) );
#2988 = PCURVE('',#2989,#2996);
#2989 = SURFACE_OF_LINEAR_EXTRUSION('',#2990,#2994);
#2990 = B_SPLINE_CURVE_WITH_KNOTS('',2,(#2991,#2992,#2993),
  .UNSPECIFIED.,.F.,.F.,(3,3),(0.,1.),.PIECEWISE_BEZIER_KNOTS.);
#2991 = CARTESIAN_POINT('',(-62.013671875,-8.252075195312,2.5));
#2992 = CARTESIAN_POINT('',(-61.75439453125,-8.252075195312,2.5));
#2993 = CARTESIAN_POINT('',(-61.55883789062,-8.3564453125,2.5));
#2994 = VECTOR('',#2995,1.);
#2995 = DIRECTION('',(0.,0.,1.));
#2996 = DEFINITIONAL_REPRESENTATION('',(#2997),#3001);
#2997 = LINE('',#2998,#2999);
#2998 = CARTESIAN_POINT('',(0.,0.));
#2999 = VECTOR('',#3000,1.);
#3000 = DIRECTION('',(1.,0.));
#3001 = ( GEOMETRIC_REPRESENTATION_CONTEXT(2) 
PARAMETRIC_REPRESENTATION_CONTEXT() REPRESENTATION_CONTEXT('2D SPACE',''
  ) );
#3002 = ORIENTED_EDGE('',*,*,#3003,.T.);
#3003 = EDGE_CURVE('',#2974,#3004,#3006,.T.);
#3004 = VERTEX_POINT('',#3005);
#3005 = CARTESIAN_POINT('',(-61.23583984375,-8.657470703125,2.5));
#3006 = SURFACE_CURVE('',#3007,(#3011,#3018),.PCURVE_S1.);
#3007 = B_SPLINE_CURVE_WITH_KNOTS('',2,(#3008,#3009,#3010),
  .UNSPECIFIED.,.F.,.F.,(3,3),(0.,1.),.PIECEWISE_BEZIER_KNOTS.);
#3008 = CARTESIAN_POINT('',(-61.55883789062,-8.3564453125,2.5));
#3009 = CARTESIAN_POINT('',(-61.36328125,-8.460815429688,2.5));
#3010 = CARTESIAN_POINT('',(-61.23583984375,-8.657470703125,2.5));
#3011 = PCURVE('',#126,#3012);
#3012 = DEFINITIONAL_REPRESENTATION('',(#3013),#3017);
#3013 = B_SPLINE_CURVE_WITH_KNOTS('',2,(#3014,#3015,#3016),
  .UNSPECIFIED.,.F.,.F.,(3,3),(0.,1.),.PIECEWISE_BEZIER_KNOTS.);
#3014 = CARTESIAN_POINT('',(18.441162109375,9.6435546875));
#3015 = CARTESIAN_POINT('',(18.63671875,9.539184570312));
#3016 = CARTESIAN_POINT('',(18.76416015625,9.342529296875));
#3017 = ( GEOMETRIC_REPRESENTATION_CONTEXT(2) 
PARAMETRIC_REPRESENTATION_CONTEXT() REPRESENTATION_CONTEXT('2D SPACE',''
  ) );
#3018 = PCURVE('',#3019,#3026);
#3019 = SURFACE_OF_LINEAR_EXTRUSION('',#3020,#3024);
#3020 = B_SPLINE_CURVE_WITH_KNOTS('',2,(#3021,#3022,#3023),
  .UNSPECIFIED.,.F.,.F.,(3,3),(0.,1.),.PIECEWISE_BEZIER_KNOTS.);
#3021 = CARTESIAN_POINT('',(-61.55883789062,-8.3564453125,2.5));
#3022 = CARTESIAN_POINT('',(-61.36328125,-8.460815429688,2.5));
#3023 = CARTESIAN_POINT('',(-61.23583984375,-8.657470703125,2.5));
#3024 = VECTOR('',#3025,1.);
#3025 = DIRECTION('',(0.,0.,1.));
#3026 = DEFINITIONAL_REPRESENTATION('',(#3027),#3031);
#3027 = LINE('',#3028,#3029);
#3028 = CARTESIAN_POINT('',(0.,0.));
#3029 = VECTOR('',#3030,1.);
#3030 = DIRECTION('',(1.,0.));
#3031 = ( GEOMETRIC_REPRESENTATION_CONTEXT(2) 
PARAMETRIC_REPRESENTATION_CONTEXT() REPRESENTATION_CONTEXT('2D SPACE',''
  ) );
#3032 = ORIENTED_EDGE('',*,*,#3033,.T.);
#3033 = EDGE_CURVE('',#3004,#3034,#3036,.T.);
#3034 = VERTEX_POINT('',#3035);
#3035 = CARTESIAN_POINT('',(-61.03588867187,-9.136474609375,2.5));
#3036 = SURFACE_CURVE('',#3037,(#3041,#3048),.PCURVE_S1.);
#3037 = B_SPLINE_CURVE_WITH_KNOTS('',2,(#3038,#3039,#3040),
  .UNSPECIFIED.,.F.,.F.,(3,3),(0.,1.),.PIECEWISE_BEZIER_KNOTS.);
#3038 = CARTESIAN_POINT('',(-61.23583984375,-8.657470703125,2.5));
#3039 = CARTESIAN_POINT('',(-61.1083984375,-8.854125976562,2.5));
#3040 = CARTESIAN_POINT('',(-61.03588867187,-9.136474609375,2.5));
#3041 = PCURVE('',#126,#3042);
#3042 = DEFINITIONAL_REPRESENTATION('',(#3043),#3047);
#3043 = B_SPLINE_CURVE_WITH_KNOTS('',2,(#3044,#3045,#3046),
  .UNSPECIFIED.,.F.,.F.,(3,3),(0.,1.),.PIECEWISE_BEZIER_KNOTS.);
#3044 = CARTESIAN_POINT('',(18.76416015625,9.342529296875));
#3045 = CARTESIAN_POINT('',(18.8916015625,9.145874023438));
#3046 = CARTESIAN_POINT('',(18.964111328125,8.863525390625));
#3047 = ( GEOMETRIC_REPRESENTATION_CONTEXT(2) 
PARAMETRIC_REPRESENTATION_CONTEXT() REPRESENTATION_CONTEXT('2D SPACE',''
  ) );
#3048 = PCURVE('',#3049,#3056);
#3049 = SURFACE_OF_LINEAR_EXTRUSION('',#3050,#3054);
#3050 = B_SPLINE_CURVE_WITH_KNOTS('',2,(#3051,#3052,#3053),
  .UNSPECIFIED.,.F.,.F.,(3,3),(0.,1.),.PIECEWISE_BEZIER_KNOTS.);
#3051 = CARTESIAN_POINT('',(-61.23583984375,-8.657470703125,2.5));
#3052 = CARTESIAN_POINT('',(-61.1083984375,-8.854125976562,2.5));
#3053 = CARTESIAN_POINT('',(-61.03588867187,-9.136474609375,2.5));
#3054 = VECTOR('',#3055,1.);
#3055 = DIRECTION('',(0.,0.,1.));
#3056 = DEFINITIONAL_REPRESENTATION('',(#3057),#3061);
#3057 = LINE('',#3058,#3059);
#3058 = CARTESIAN_POINT('',(0.,0.));
#3059 = VECTOR('',#3060,1.);
#3060 = DIRECTION('',(1.,0.));
#3061 = ( GEOMETRIC_REPRESENTATION_CONTEXT(2) 
PARAMETRIC_REPRESENTATION_CONTEXT() REPRESENTATION_CONTEXT('2D SPACE',''
  ) );
#3062 = ORIENTED_EDGE('',*,*,#3063,.T.);
#3063 = EDGE_CURVE('',#3034,#3064,#3066,.T.);
#3064 = VERTEX_POINT('',#3065);
#3065 = CARTESIAN_POINT('',(-60.96337890625,-9.897827148438,2.5));
#3066 = SURFACE_CURVE('',#3067,(#3071,#3078),.PCURVE_S1.);
#3067 = B_SPLINE_CURVE_WITH_KNOTS('',2,(#3068,#3069,#3070),
  .UNSPECIFIED.,.F.,.F.,(3,3),(0.,1.),.PIECEWISE_BEZIER_KNOTS.);
#3068 = CARTESIAN_POINT('',(-61.03588867187,-9.136474609375,2.5));
#3069 = CARTESIAN_POINT('',(-60.96337890625,-9.418823242188,2.5));
#3070 = CARTESIAN_POINT('',(-60.96337890625,-9.897827148438,2.5));
#3071 = PCURVE('',#126,#3072);
#3072 = DEFINITIONAL_REPRESENTATION('',(#3073),#3077);
#3073 = B_SPLINE_CURVE_WITH_KNOTS('',2,(#3074,#3075,#3076),
  .UNSPECIFIED.,.F.,.F.,(3,3),(0.,1.),.PIECEWISE_BEZIER_KNOTS.);
#3074 = CARTESIAN_POINT('',(18.964111328125,8.863525390625));
#3075 = CARTESIAN_POINT('',(19.03662109375,8.581176757812));
#3076 = CARTESIAN_POINT('',(19.03662109375,8.102172851562));
#3077 = ( GEOMETRIC_REPRESENTATION_CONTEXT(2) 
PARAMETRIC_REPRESENTATION_CONTEXT() REPRESENTATION_CONTEXT('2D SPACE',''
  ) );
#3078 = PCURVE('',#3079,#3086);
#3079 = SURFACE_OF_LINEAR_EXTRUSION('',#3080,#3084);
#3080 = B_SPLINE_CURVE_WITH_KNOTS('',2,(#3081,#3082,#3083),
  .UNSPECIFIED.,.F.,.F.,(3,3),(0.,1.),.PIECEWISE_BEZIER_KNOTS.);
#3081 = CARTESIAN_POINT('',(-61.03588867187,-9.136474609375,2.5));
#3082 = CARTESIAN_POINT('',(-60.96337890625,-9.418823242188,2.5));
#3083 = CARTESIAN_POINT('',(-60.96337890625,-9.897827148438,2.5));
#3084 = VECTOR('',#3085,1.);
#3085 = DIRECTION('',(0.,0.,1.));
#3086 = DEFINITIONAL_REPRESENTATION('',(#3087),#3091);
#3087 = LINE('',#3088,#3089);
#3088 = CARTESIAN_POINT('',(0.,0.));
#3089 = VECTOR('',#3090,1.);
#3090 = DIRECTION('',(1.,0.));
#3091 = ( GEOMETRIC_REPRESENTATION_CONTEXT(2) 
PARAMETRIC_REPRESENTATION_CONTEXT() REPRESENTATION_CONTEXT('2D SPACE',''
  ) );
#3092 = ORIENTED_EDGE('',*,*,#3093,.T.);
#3093 = EDGE_CURVE('',#3064,#3094,#3096,.T.);
#3094 = VERTEX_POINT('',#3095);
#3095 = CARTESIAN_POINT('',(-61.07983398437,-10.81298828125,2.5));
#3096 = SURFACE_CURVE('',#3097,(#3101,#3108),.PCURVE_S1.);
#3097 = B_SPLINE_CURVE_WITH_KNOTS('',2,(#3098,#3099,#3100),
  .UNSPECIFIED.,.F.,.F.,(3,3),(0.,1.),.PIECEWISE_BEZIER_KNOTS.);
#3098 = CARTESIAN_POINT('',(-60.96337890625,-9.897827148438,2.5));
#3099 = CARTESIAN_POINT('',(-60.96337890625,-10.46472167968,2.5));
#3100 = CARTESIAN_POINT('',(-61.07983398437,-10.81298828125,2.5));
#3101 = PCURVE('',#126,#3102);
#3102 = DEFINITIONAL_REPRESENTATION('',(#3103),#3107);
#3103 = B_SPLINE_CURVE_WITH_KNOTS('',2,(#3104,#3105,#3106),
  .UNSPECIFIED.,.F.,.F.,(3,3),(0.,1.),.PIECEWISE_BEZIER_KNOTS.);
#3104 = CARTESIAN_POINT('',(19.03662109375,8.102172851562));
#3105 = CARTESIAN_POINT('',(19.03662109375,7.535278320312));
#3106 = CARTESIAN_POINT('',(18.920166015625,7.18701171875));
#3107 = ( GEOMETRIC_REPRESENTATION_CONTEXT(2) 
PARAMETRIC_REPRESENTATION_CONTEXT() REPRESENTATION_CONTEXT('2D SPACE',''
  ) );
#3108 = PCURVE('',#3109,#3116);
#3109 = SURFACE_OF_LINEAR_EXTRUSION('',#3110,#3114);
#3110 = B_SPLINE_CURVE_WITH_KNOTS('',2,(#3111,#3112,#3113),
  .UNSPECIFIED.,.F.,.F.,(3,3),(0.,1.),.PIECEWISE_BEZIER_KNOTS.);
#3111 = CARTESIAN_POINT('',(-60.96337890625,-9.897827148438,2.5));
#3112 = CARTESIAN_POINT('',(-60.96337890625,-10.46472167968,2.5));
#3113 = CARTESIAN_POINT('',(-61.07983398437,-10.81298828125,2.5));
#3114 = VECTOR('',#3115,1.);
#3115 = DIRECTION('',(0.,0.,1.));
#3116 = DEFINITIONAL_REPRESENTATION('',(#3117),#3121);
#3117 = LINE('',#3118,#3119);
#3118 = CARTESIAN_POINT('',(0.,0.));
#3119 = VECTOR('',#3120,1.);
#3120 = DIRECTION('',(1.,0.));
#3121 = ( GEOMETRIC_REPRESENTATION_CONTEXT(2) 
PARAMETRIC_REPRESENTATION_CONTEXT() REPRESENTATION_CONTEXT('2D SPACE',''
  ) );
#3122 = ORIENTED_EDGE('',*,*,#3123,.T.);
#3123 = EDGE_CURVE('',#3094,#3124,#3126,.T.);
#3124 = VERTEX_POINT('',#3125);
#3125 = CARTESIAN_POINT('',(-61.42810058593,-11.35131835937,2.5));
#3126 = SURFACE_CURVE('',#3127,(#3131,#3138),.PCURVE_S1.);
#3127 = B_SPLINE_CURVE_WITH_KNOTS('',2,(#3128,#3129,#3130),
  .UNSPECIFIED.,.F.,.F.,(3,3),(0.,1.),.PIECEWISE_BEZIER_KNOTS.);
#3128 = CARTESIAN_POINT('',(-61.07983398437,-10.81298828125,2.5));
#3129 = CARTESIAN_POINT('',(-61.1962890625,-11.16125488281,2.5));
#3130 = CARTESIAN_POINT('',(-61.42810058593,-11.35131835937,2.5));
#3131 = PCURVE('',#126,#3132);
#3132 = DEFINITIONAL_REPRESENTATION('',(#3133),#3137);
#3133 = B_SPLINE_CURVE_WITH_KNOTS('',2,(#3134,#3135,#3136),
  .UNSPECIFIED.,.F.,.F.,(3,3),(0.,1.),.PIECEWISE_BEZIER_KNOTS.);
#3134 = CARTESIAN_POINT('',(18.920166015625,7.18701171875));
#3135 = CARTESIAN_POINT('',(18.8037109375,6.838745117188));
#3136 = CARTESIAN_POINT('',(18.571899414062,6.648681640625));
#3137 = ( GEOMETRIC_REPRESENTATION_CONTEXT(2) 
PARAMETRIC_REPRESENTATION_CONTEXT() REPRESENTATION_CONTEXT('2D SPACE',''
  ) );
#3138 = PCURVE('',#3139,#3146);
#3139 = SURFACE_OF_LINEAR_EXTRUSION('',#3140,#3144);
#3140 = B_SPLINE_CURVE_WITH_KNOTS('',2,(#3141,#3142,#3143),
  .UNSPECIFIED.,.F.,.F.,(3,3),(0.,1.),.PIECEWISE_BEZIER_KNOTS.);
#3141 = CARTESIAN_POINT('',(-61.07983398437,-10.81298828125,2.5));
#3142 = CARTESIAN_POINT('',(-61.1962890625,-11.16125488281,2.5));
#3143 = CARTESIAN_POINT('',(-61.42810058593,-11.35131835937,2.5));
#3144 = VECTOR('',#3145,1.);
#3145 = DIRECTION('',(0.,0.,1.));
#3146 = DEFINITIONAL_REPRESENTATION('',(#3147),#3151);
#3147 = LINE('',#3148,#3149);
#3148 = CARTESIAN_POINT('',(0.,0.));
#3149 = VECTOR('',#3150,1.);
#3150 = DIRECTION('',(1.,0.));
#3151 = ( GEOMETRIC_REPRESENTATION_CONTEXT(2) 
PARAMETRIC_REPRESENTATION_CONTEXT() REPRESENTATION_CONTEXT('2D SPACE',''
  ) );
#3152 = ORIENTED_EDGE('',*,*,#3153,.T.);
#3153 = EDGE_CURVE('',#3124,#3154,#3156,.T.);
#3154 = VERTEX_POINT('',#3155);
#3155 = CARTESIAN_POINT('',(-62.013671875,-11.54138183593,2.5));
#3156 = SURFACE_CURVE('',#3157,(#3161,#3168),.PCURVE_S1.);
#3157 = B_SPLINE_CURVE_WITH_KNOTS('',2,(#3158,#3159,#3160),
  .UNSPECIFIED.,.F.,.F.,(3,3),(0.,1.),.PIECEWISE_BEZIER_KNOTS.);
#3158 = CARTESIAN_POINT('',(-61.42810058593,-11.35131835937,2.5));
#3159 = CARTESIAN_POINT('',(-61.65991210937,-11.54138183593,2.5));
#3160 = CARTESIAN_POINT('',(-62.013671875,-11.54138183593,2.5));
#3161 = PCURVE('',#126,#3162);
#3162 = DEFINITIONAL_REPRESENTATION('',(#3163),#3167);
#3163 = B_SPLINE_CURVE_WITH_KNOTS('',2,(#3164,#3165,#3166),
  .UNSPECIFIED.,.F.,.F.,(3,3),(0.,1.),.PIECEWISE_BEZIER_KNOTS.);
#3164 = CARTESIAN_POINT('',(18.571899414062,6.648681640625));
#3165 = CARTESIAN_POINT('',(18.340087890625,6.458618164062));
#3166 = CARTESIAN_POINT('',(17.986328125,6.458618164062));
#3167 = ( GEOMETRIC_REPRESENTATION_CONTEXT(2) 
PARAMETRIC_REPRESENTATION_CONTEXT() REPRESENTATION_CONTEXT('2D SPACE',''
  ) );
#3168 = PCURVE('',#3169,#3176);
#3169 = SURFACE_OF_LINEAR_EXTRUSION('',#3170,#3174);
#3170 = B_SPLINE_CURVE_WITH_KNOTS('',2,(#3171,#3172,#3173),
  .UNSPECIFIED.,.F.,.F.,(3,3),(0.,1.),.PIECEWISE_BEZIER_KNOTS.);
#3171 = CARTESIAN_POINT('',(-61.42810058593,-11.35131835937,2.5));
#3172 = CARTESIAN_POINT('',(-61.65991210937,-11.54138183593,2.5));
#3173 = CARTESIAN_POINT('',(-62.013671875,-11.54138183593,2.5));
#3174 = VECTOR('',#3175,1.);
#3175 = DIRECTION('',(0.,0.,1.));
#3176 = DEFINITIONAL_REPRESENTATION('',(#3177),#3181);
#3177 = LINE('',#3178,#3179);
#3178 = CARTESIAN_POINT('',(0.,0.));
#3179 = VECTOR('',#3180,1.);
#3180 = DIRECTION('',(1.,0.));
#3181 = ( GEOMETRIC_REPRESENTATION_CONTEXT(2) 
PARAMETRIC_REPRESENTATION_CONTEXT() REPRESENTATION_CONTEXT('2D SPACE',''
  ) );
#3182 = ORIENTED_EDGE('',*,*,#3183,.T.);
#3183 = EDGE_CURVE('',#3154,#2852,#3184,.T.);
#3184 = SURFACE_CURVE('',#3185,(#3189,#3196),.PCURVE_S1.);
#3185 = B_SPLINE_CURVE_WITH_KNOTS('',2,(#3186,#3187,#3188),
  .UNSPECIFIED.,.F.,.F.,(3,3),(0.,1.),.PIECEWISE_BEZIER_KNOTS.);
#3186 = CARTESIAN_POINT('',(-62.013671875,-11.54138183593,2.5));
#3187 = CARTESIAN_POINT('',(-62.4794921875,-11.54138183593,2.5));
#3188 = CARTESIAN_POINT('',(-62.74536132812,-11.20739746093,2.5));
#3189 = PCURVE('',#126,#3190);
#3190 = DEFINITIONAL_REPRESENTATION('',(#3191),#3195);
#3191 = B_SPLINE_CURVE_WITH_KNOTS('',2,(#3192,#3193,#3194),
  .UNSPECIFIED.,.F.,.F.,(3,3),(0.,1.),.PIECEWISE_BEZIER_KNOTS.);
#3192 = CARTESIAN_POINT('',(17.986328125,6.458618164062));
#3193 = CARTESIAN_POINT('',(17.5205078125,6.458618164062));
#3194 = CARTESIAN_POINT('',(17.254638671875,6.792602539062));
#3195 = ( GEOMETRIC_REPRESENTATION_CONTEXT(2) 
PARAMETRIC_REPRESENTATION_CONTEXT() REPRESENTATION_CONTEXT('2D SPACE',''
  ) );
#3196 = PCURVE('',#3197,#3204);
#3197 = SURFACE_OF_LINEAR_EXTRUSION('',#3198,#3202);
#3198 = B_SPLINE_CURVE_WITH_KNOTS('',2,(#3199,#3200,#3201),
  .UNSPECIFIED.,.F.,.F.,(3,3),(0.,1.),.PIECEWISE_BEZIER_KNOTS.);
#3199 = CARTESIAN_POINT('',(-62.013671875,-11.54138183593,2.5));
#3200 = CARTESIAN_POINT('',(-62.4794921875,-11.54138183593,2.5));
#3201 = CARTESIAN_POINT('',(-62.74536132812,-11.20739746093,2.5));
#3202 = VECTOR('',#3203,1.);
#3203 = DIRECTION('',(0.,0.,1.));
#3204 = DEFINITIONAL_REPRESENTATION('',(#3205),#3209);
#3205 = LINE('',#3206,#3207);
#3206 = CARTESIAN_POINT('',(0.,0.));
#3207 = VECTOR('',#3208,1.);
#3208 = DIRECTION('',(1.,0.));
#3209 = ( GEOMETRIC_REPRESENTATION_CONTEXT(2) 
PARAMETRIC_REPRESENTATION_CONTEXT() REPRESENTATION_CONTEXT('2D SPACE',''
  ) );
#3210 = FACE_BOUND('',#3211,.T.);
#3211 = EDGE_LOOP('',(#3212,#3242,#3270,#3298,#3326,#3356,#3386,#3414,
    #3444));
#3212 = ORIENTED_EDGE('',*,*,#3213,.T.);
#3213 = EDGE_CURVE('',#3214,#3216,#3218,.T.);
#3214 = VERTEX_POINT('',#3215);
#3215 = CARTESIAN_POINT('',(-32.33178710937,-8.252075195312,2.5));
#3216 = VERTEX_POINT('',#3217);
#3217 = CARTESIAN_POINT('',(-32.07690429687,-8.252075195312,2.5));
#3218 = SURFACE_CURVE('',#3219,(#3223,#3230),.PCURVE_S1.);
#3219 = LINE('',#3220,#3221);
#3220 = CARTESIAN_POINT('',(-32.33178710937,-8.252075195312,2.5));
#3221 = VECTOR('',#3222,1.);
#3222 = DIRECTION('',(1.,0.,0.));
#3223 = PCURVE('',#126,#3224);
#3224 = DEFINITIONAL_REPRESENTATION('',(#3225),#3229);
#3225 = LINE('',#3226,#3227);
#3226 = CARTESIAN_POINT('',(47.668212890625,9.747924804688));
#3227 = VECTOR('',#3228,1.);
#3228 = DIRECTION('',(1.,0.));
#3229 = ( GEOMETRIC_REPRESENTATION_CONTEXT(2) 
PARAMETRIC_REPRESENTATION_CONTEXT() REPRESENTATION_CONTEXT('2D SPACE',''
  ) );
#3230 = PCURVE('',#3231,#3236);
#3231 = PLANE('',#3232);
#3232 = AXIS2_PLACEMENT_3D('',#3233,#3234,#3235);
#3233 = CARTESIAN_POINT('',(-32.33178710937,-8.252075195312,2.5));
#3234 = DIRECTION('',(0.,-1.,0.));
#3235 = DIRECTION('',(1.,0.,0.));
#3236 = DEFINITIONAL_REPRESENTATION('',(#3237),#3241);
#3237 = LINE('',#3238,#3239);
#3238 = CARTESIAN_POINT('',(0.,0.));
#3239 = VECTOR('',#3240,1.);
#3240 = DIRECTION('',(1.,0.));
#3241 = ( GEOMETRIC_REPRESENTATION_CONTEXT(2) 
PARAMETRIC_REPRESENTATION_CONTEXT() REPRESENTATION_CONTEXT('2D SPACE',''
  ) );
#3242 = ORIENTED_EDGE('',*,*,#3243,.T.);
#3243 = EDGE_CURVE('',#3216,#3244,#3246,.T.);
#3244 = VERTEX_POINT('',#3245);
#3245 = CARTESIAN_POINT('',(-32.07690429687,-11.48645019531,2.5));
#3246 = SURFACE_CURVE('',#3247,(#3251,#3258),.PCURVE_S1.);
#3247 = LINE('',#3248,#3249);
#3248 = CARTESIAN_POINT('',(-32.07690429687,-8.252075195312,2.5));
#3249 = VECTOR('',#3250,1.);
#3250 = DIRECTION('',(0.,-1.,0.));
#3251 = PCURVE('',#126,#3252);
#3252 = DEFINITIONAL_REPRESENTATION('',(#3253),#3257);
#3253 = LINE('',#3254,#3255);
#3254 = CARTESIAN_POINT('',(47.923095703125,9.747924804688));
#3255 = VECTOR('',#3256,1.);
#3256 = DIRECTION('',(0.,-1.));
#3257 = ( GEOMETRIC_REPRESENTATION_CONTEXT(2) 
PARAMETRIC_REPRESENTATION_CONTEXT() REPRESENTATION_CONTEXT('2D SPACE',''
  ) );
#3258 = PCURVE('',#3259,#3264);
#3259 = PLANE('',#3260);
#3260 = AXIS2_PLACEMENT_3D('',#3261,#3262,#3263);
#3261 = CARTESIAN_POINT('',(-32.07690429687,-8.252075195312,2.5));
#3262 = DIRECTION('',(-1.,0.,0.));
#3263 = DIRECTION('',(0.,-1.,0.));
#3264 = DEFINITIONAL_REPRESENTATION('',(#3265),#3269);
#3265 = LINE('',#3266,#3267);
#3266 = CARTESIAN_POINT('',(0.,0.));
#3267 = VECTOR('',#3268,1.);
#3268 = DIRECTION('',(1.,0.));
#3269 = ( GEOMETRIC_REPRESENTATION_CONTEXT(2) 
PARAMETRIC_REPRESENTATION_CONTEXT() REPRESENTATION_CONTEXT('2D SPACE',''
  ) );
#3270 = ORIENTED_EDGE('',*,*,#3271,.T.);
#3271 = EDGE_CURVE('',#3244,#3272,#3274,.T.);
#3272 = VERTEX_POINT('',#3273);
#3273 = CARTESIAN_POINT('',(-32.47241210937,-11.48645019531,2.5));
#3274 = SURFACE_CURVE('',#3275,(#3279,#3286),.PCURVE_S1.);
#3275 = LINE('',#3276,#3277);
#3276 = CARTESIAN_POINT('',(-32.07690429687,-11.48645019531,2.5));
#3277 = VECTOR('',#3278,1.);
#3278 = DIRECTION('',(-1.,0.,0.));
#3279 = PCURVE('',#126,#3280);
#3280 = DEFINITIONAL_REPRESENTATION('',(#3281),#3285);
#3281 = LINE('',#3282,#3283);
#3282 = CARTESIAN_POINT('',(47.923095703125,6.513549804688));
#3283 = VECTOR('',#3284,1.);
#3284 = DIRECTION('',(-1.,0.));
#3285 = ( GEOMETRIC_REPRESENTATION_CONTEXT(2) 
PARAMETRIC_REPRESENTATION_CONTEXT() REPRESENTATION_CONTEXT('2D SPACE',''
  ) );
#3286 = PCURVE('',#3287,#3292);
#3287 = PLANE('',#3288);
#3288 = AXIS2_PLACEMENT_3D('',#3289,#3290,#3291);
#3289 = CARTESIAN_POINT('',(-32.07690429687,-11.48645019531,2.5));
#3290 = DIRECTION('',(0.,1.,0.));
#3291 = DIRECTION('',(-1.,0.,0.));
#3292 = DEFINITIONAL_REPRESENTATION('',(#3293),#3297);
#3293 = LINE('',#3294,#3295);
#3294 = CARTESIAN_POINT('',(0.,0.));
#3295 = VECTOR('',#3296,1.);
#3296 = DIRECTION('',(1.,0.));
#3297 = ( GEOMETRIC_REPRESENTATION_CONTEXT(2) 
PARAMETRIC_REPRESENTATION_CONTEXT() REPRESENTATION_CONTEXT('2D SPACE',''
  ) );
#3298 = ORIENTED_EDGE('',*,*,#3299,.T.);
#3299 = EDGE_CURVE('',#3272,#3300,#3302,.T.);
#3300 = VERTEX_POINT('',#3301);
#3301 = CARTESIAN_POINT('',(-32.47241210937,-8.966186523438,2.5));
#3302 = SURFACE_CURVE('',#3303,(#3307,#3314),.PCURVE_S1.);
#3303 = LINE('',#3304,#3305);
#3304 = CARTESIAN_POINT('',(-32.47241210937,-11.48645019531,2.5));
#3305 = VECTOR('',#3306,1.);
#3306 = DIRECTION('',(0.,1.,0.));
#3307 = PCURVE('',#126,#3308);
#3308 = DEFINITIONAL_REPRESENTATION('',(#3309),#3313);
#3309 = LINE('',#3310,#3311);
#3310 = CARTESIAN_POINT('',(47.527587890625,6.513549804688));
#3311 = VECTOR('',#3312,1.);
#3312 = DIRECTION('',(0.,1.));
#3313 = ( GEOMETRIC_REPRESENTATION_CONTEXT(2) 
PARAMETRIC_REPRESENTATION_CONTEXT() REPRESENTATION_CONTEXT('2D SPACE',''
  ) );
#3314 = PCURVE('',#3315,#3320);
#3315 = PLANE('',#3316);
#3316 = AXIS2_PLACEMENT_3D('',#3317,#3318,#3319);
#3317 = CARTESIAN_POINT('',(-32.47241210937,-11.48645019531,2.5));
#3318 = DIRECTION('',(1.,0.,0.));
#3319 = DIRECTION('',(0.,1.,0.));
#3320 = DEFINITIONAL_REPRESENTATION('',(#3321),#3325);
#3321 = LINE('',#3322,#3323);
#3322 = CARTESIAN_POINT('',(0.,0.));
#3323 = VECTOR('',#3324,1.);
#3324 = DIRECTION('',(1.,0.));
#3325 = ( GEOMETRIC_REPRESENTATION_CONTEXT(2) 
PARAMETRIC_REPRESENTATION_CONTEXT() REPRESENTATION_CONTEXT('2D SPACE',''
  ) );
#3326 = ORIENTED_EDGE('',*,*,#3327,.T.);
#3327 = EDGE_CURVE('',#3300,#3328,#3330,.T.);
#3328 = VERTEX_POINT('',#3329);
#3329 = CARTESIAN_POINT('',(-32.84704589843,-9.238647460938,2.5));
#3330 = SURFACE_CURVE('',#3331,(#3335,#3342),.PCURVE_S1.);
#3331 = B_SPLINE_CURVE_WITH_KNOTS('',2,(#3332,#3333,#3334),
  .UNSPECIFIED.,.F.,.F.,(3,3),(0.,1.),.PIECEWISE_BEZIER_KNOTS.);
#3332 = CARTESIAN_POINT('',(-32.47241210937,-8.966186523438,2.5));
#3333 = CARTESIAN_POINT('',(-32.615234375,-9.102416992188,2.5));
#3334 = CARTESIAN_POINT('',(-32.84704589843,-9.238647460938,2.5));
#3335 = PCURVE('',#126,#3336);
#3336 = DEFINITIONAL_REPRESENTATION('',(#3337),#3341);
#3337 = B_SPLINE_CURVE_WITH_KNOTS('',2,(#3338,#3339,#3340),
  .UNSPECIFIED.,.F.,.F.,(3,3),(0.,1.),.PIECEWISE_BEZIER_KNOTS.);
#3338 = CARTESIAN_POINT('',(47.527587890625,9.033813476562));
#3339 = CARTESIAN_POINT('',(47.384765625,8.897583007812));
#3340 = CARTESIAN_POINT('',(47.152954101562,8.761352539062));
#3341 = ( GEOMETRIC_REPRESENTATION_CONTEXT(2) 
PARAMETRIC_REPRESENTATION_CONTEXT() REPRESENTATION_CONTEXT('2D SPACE',''
  ) );
#3342 = PCURVE('',#3343,#3350);
#3343 = SURFACE_OF_LINEAR_EXTRUSION('',#3344,#3348);
#3344 = B_SPLINE_CURVE_WITH_KNOTS('',2,(#3345,#3346,#3347),
  .UNSPECIFIED.,.F.,.F.,(3,3),(0.,1.),.PIECEWISE_BEZIER_KNOTS.);
#3345 = CARTESIAN_POINT('',(-32.47241210937,-8.966186523438,2.5));
#3346 = CARTESIAN_POINT('',(-32.615234375,-9.102416992188,2.5));
#3347 = CARTESIAN_POINT('',(-32.84704589843,-9.238647460938,2.5));
#3348 = VECTOR('',#3349,1.);
#3349 = DIRECTION('',(0.,0.,1.));
#3350 = DEFINITIONAL_REPRESENTATION('',(#3351),#3355);
#3351 = LINE('',#3352,#3353);
#3352 = CARTESIAN_POINT('',(0.,0.));
#3353 = VECTOR('',#3354,1.);
#3354 = DIRECTION('',(1.,0.));
#3355 = ( GEOMETRIC_REPRESENTATION_CONTEXT(2) 
PARAMETRIC_REPRESENTATION_CONTEXT() REPRESENTATION_CONTEXT('2D SPACE',''
  ) );
#3356 = ORIENTED_EDGE('',*,*,#3357,.T.);
#3357 = EDGE_CURVE('',#3328,#3358,#3360,.T.);
#3358 = VERTEX_POINT('',#3359);
#3359 = CARTESIAN_POINT('',(-33.26342773437,-9.442993164062,2.5));
#3360 = SURFACE_CURVE('',#3361,(#3365,#3372),.PCURVE_S1.);
#3361 = B_SPLINE_CURVE_WITH_KNOTS('',2,(#3362,#3363,#3364),
  .UNSPECIFIED.,.F.,.F.,(3,3),(0.,1.),.PIECEWISE_BEZIER_KNOTS.);
#3362 = CARTESIAN_POINT('',(-32.84704589843,-9.238647460938,2.5));
#3363 = CARTESIAN_POINT('',(-33.07885742187,-9.374877929688,2.5));
#3364 = CARTESIAN_POINT('',(-33.26342773437,-9.442993164062,2.5));
#3365 = PCURVE('',#126,#3366);
#3366 = DEFINITIONAL_REPRESENTATION('',(#3367),#3371);
#3367 = B_SPLINE_CURVE_WITH_KNOTS('',2,(#3368,#3369,#3370),
  .UNSPECIFIED.,.F.,.F.,(3,3),(0.,1.),.PIECEWISE_BEZIER_KNOTS.);
#3368 = CARTESIAN_POINT('',(47.152954101562,8.761352539062));
#3369 = CARTESIAN_POINT('',(46.921142578125,8.625122070312));
#3370 = CARTESIAN_POINT('',(46.736572265625,8.557006835938));
#3371 = ( GEOMETRIC_REPRESENTATION_CONTEXT(2) 
PARAMETRIC_REPRESENTATION_CONTEXT() REPRESENTATION_CONTEXT('2D SPACE',''
  ) );
#3372 = PCURVE('',#3373,#3380);
#3373 = SURFACE_OF_LINEAR_EXTRUSION('',#3374,#3378);
#3374 = B_SPLINE_CURVE_WITH_KNOTS('',2,(#3375,#3376,#3377),
  .UNSPECIFIED.,.F.,.F.,(3,3),(0.,1.),.PIECEWISE_BEZIER_KNOTS.);
#3375 = CARTESIAN_POINT('',(-32.84704589843,-9.238647460938,2.5));
#3376 = CARTESIAN_POINT('',(-33.07885742187,-9.374877929688,2.5));
#3377 = CARTESIAN_POINT('',(-33.26342773437,-9.442993164062,2.5));
#3378 = VECTOR('',#3379,1.);
#3379 = DIRECTION('',(0.,0.,1.));
#3380 = DEFINITIONAL_REPRESENTATION('',(#3381),#3385);
#3381 = LINE('',#3382,#3383);
#3382 = CARTESIAN_POINT('',(0.,0.));
#3383 = VECTOR('',#3384,1.);
#3384 = DIRECTION('',(1.,0.));
#3385 = ( GEOMETRIC_REPRESENTATION_CONTEXT(2) 
PARAMETRIC_REPRESENTATION_CONTEXT() REPRESENTATION_CONTEXT('2D SPACE',''
  ) );
#3386 = ORIENTED_EDGE('',*,*,#3387,.T.);
#3387 = EDGE_CURVE('',#3358,#3388,#3390,.T.);
#3388 = VERTEX_POINT('',#3389);
#3389 = CARTESIAN_POINT('',(-33.26342773437,-9.060668945312,2.5));
#3390 = SURFACE_CURVE('',#3391,(#3395,#3402),.PCURVE_S1.);
#3391 = LINE('',#3392,#3393);
#3392 = CARTESIAN_POINT('',(-33.26342773437,-9.442993164062,2.5));
#3393 = VECTOR('',#3394,1.);
#3394 = DIRECTION('',(0.,1.,0.));
#3395 = PCURVE('',#126,#3396);
#3396 = DEFINITIONAL_REPRESENTATION('',(#3397),#3401);
#3397 = LINE('',#3398,#3399);
#3398 = CARTESIAN_POINT('',(46.736572265625,8.557006835938));
#3399 = VECTOR('',#3400,1.);
#3400 = DIRECTION('',(0.,1.));
#3401 = ( GEOMETRIC_REPRESENTATION_CONTEXT(2) 
PARAMETRIC_REPRESENTATION_CONTEXT() REPRESENTATION_CONTEXT('2D SPACE',''
  ) );
#3402 = PCURVE('',#3403,#3408);
#3403 = PLANE('',#3404);
#3404 = AXIS2_PLACEMENT_3D('',#3405,#3406,#3407);
#3405 = CARTESIAN_POINT('',(-33.26342773437,-9.442993164062,2.5));
#3406 = DIRECTION('',(1.,0.,0.));
#3407 = DIRECTION('',(0.,1.,0.));
#3408 = DEFINITIONAL_REPRESENTATION('',(#3409),#3413);
#3409 = LINE('',#3410,#3411);
#3410 = CARTESIAN_POINT('',(0.,0.));
#3411 = VECTOR('',#3412,1.);
#3412 = DIRECTION('',(1.,0.));
#3413 = ( GEOMETRIC_REPRESENTATION_CONTEXT(2) 
PARAMETRIC_REPRESENTATION_CONTEXT() REPRESENTATION_CONTEXT('2D SPACE',''
  ) );
#3414 = ORIENTED_EDGE('',*,*,#3415,.T.);
#3415 = EDGE_CURVE('',#3388,#3416,#3418,.T.);
#3416 = VERTEX_POINT('',#3417);
#3417 = CARTESIAN_POINT('',(-32.68334960937,-8.682739257812,2.5));
#3418 = SURFACE_CURVE('',#3419,(#3423,#3430),.PCURVE_S1.);
#3419 = B_SPLINE_CURVE_WITH_KNOTS('',2,(#3420,#3421,#3422),
  .UNSPECIFIED.,.F.,.F.,(3,3),(0.,1.),.PIECEWISE_BEZIER_KNOTS.);
#3420 = CARTESIAN_POINT('',(-33.26342773437,-9.060668945312,2.5));
#3421 = CARTESIAN_POINT('',(-32.931640625,-8.904663085938,2.5));
#3422 = CARTESIAN_POINT('',(-32.68334960937,-8.682739257812,2.5));
#3423 = PCURVE('',#126,#3424);
#3424 = DEFINITIONAL_REPRESENTATION('',(#3425),#3429);
#3425 = B_SPLINE_CURVE_WITH_KNOTS('',2,(#3426,#3427,#3428),
  .UNSPECIFIED.,.F.,.F.,(3,3),(0.,1.),.PIECEWISE_BEZIER_KNOTS.);
#3426 = CARTESIAN_POINT('',(46.736572265625,8.939331054688));
#3427 = CARTESIAN_POINT('',(47.068359375,9.095336914062));
#3428 = CARTESIAN_POINT('',(47.316650390625,9.317260742188));
#3429 = ( GEOMETRIC_REPRESENTATION_CONTEXT(2) 
PARAMETRIC_REPRESENTATION_CONTEXT() REPRESENTATION_CONTEXT('2D SPACE',''
  ) );
#3430 = PCURVE('',#3431,#3438);
#3431 = SURFACE_OF_LINEAR_EXTRUSION('',#3432,#3436);
#3432 = B_SPLINE_CURVE_WITH_KNOTS('',2,(#3433,#3434,#3435),
  .UNSPECIFIED.,.F.,.F.,(3,3),(0.,1.),.PIECEWISE_BEZIER_KNOTS.);
#3433 = CARTESIAN_POINT('',(-33.26342773437,-9.060668945312,2.5));
#3434 = CARTESIAN_POINT('',(-32.931640625,-8.904663085938,2.5));
#3435 = CARTESIAN_POINT('',(-32.68334960937,-8.682739257812,2.5));
#3436 = VECTOR('',#3437,1.);
#3437 = DIRECTION('',(0.,0.,1.));
#3438 = DEFINITIONAL_REPRESENTATION('',(#3439),#3443);
#3439 = LINE('',#3440,#3441);
#3440 = CARTESIAN_POINT('',(0.,0.));
#3441 = VECTOR('',#3442,1.);
#3442 = DIRECTION('',(1.,0.));
#3443 = ( GEOMETRIC_REPRESENTATION_CONTEXT(2) 
PARAMETRIC_REPRESENTATION_CONTEXT() REPRESENTATION_CONTEXT('2D SPACE',''
  ) );
#3444 = ORIENTED_EDGE('',*,*,#3445,.T.);
#3445 = EDGE_CURVE('',#3416,#3214,#3446,.T.);
#3446 = SURFACE_CURVE('',#3447,(#3451,#3458),.PCURVE_S1.);
#3447 = B_SPLINE_CURVE_WITH_KNOTS('',2,(#3448,#3449,#3450),
  .UNSPECIFIED.,.F.,.F.,(3,3),(0.,1.),.PIECEWISE_BEZIER_KNOTS.);
#3448 = CARTESIAN_POINT('',(-32.68334960937,-8.682739257812,2.5));
#3449 = CARTESIAN_POINT('',(-32.43505859375,-8.460815429688,2.5));
#3450 = CARTESIAN_POINT('',(-32.33178710937,-8.252075195312,2.5));
#3451 = PCURVE('',#126,#3452);
#3452 = DEFINITIONAL_REPRESENTATION('',(#3453),#3457);
#3453 = B_SPLINE_CURVE_WITH_KNOTS('',2,(#3454,#3455,#3456),
  .UNSPECIFIED.,.F.,.F.,(3,3),(0.,1.),.PIECEWISE_BEZIER_KNOTS.);
#3454 = CARTESIAN_POINT('',(47.316650390625,9.317260742188));
#3455 = CARTESIAN_POINT('',(47.56494140625,9.539184570312));
#3456 = CARTESIAN_POINT('',(47.668212890625,9.747924804688));
#3457 = ( GEOMETRIC_REPRESENTATION_CONTEXT(2) 
PARAMETRIC_REPRESENTATION_CONTEXT() REPRESENTATION_CONTEXT('2D SPACE',''
  ) );
#3458 = PCURVE('',#3459,#3466);
#3459 = SURFACE_OF_LINEAR_EXTRUSION('',#3460,#3464);
#3460 = B_SPLINE_CURVE_WITH_KNOTS('',2,(#3461,#3462,#3463),
  .UNSPECIFIED.,.F.,.F.,(3,3),(0.,1.),.PIECEWISE_BEZIER_KNOTS.);
#3461 = CARTESIAN_POINT('',(-32.68334960937,-8.682739257812,2.5));
#3462 = CARTESIAN_POINT('',(-32.43505859375,-8.460815429688,2.5));
#3463 = CARTESIAN_POINT('',(-32.33178710937,-8.252075195312,2.5));
#3464 = VECTOR('',#3465,1.);
#3465 = DIRECTION('',(0.,0.,1.));
#3466 = DEFINITIONAL_REPRESENTATION('',(#3467),#3471);
#3467 = LINE('',#3468,#3469);
#3468 = CARTESIAN_POINT('',(0.,0.));
#3469 = VECTOR('',#3470,1.);
#3470 = DIRECTION('',(1.,0.));
#3471 = ( GEOMETRIC_REPRESENTATION_CONTEXT(2) 
PARAMETRIC_REPRESENTATION_CONTEXT() REPRESENTATION_CONTEXT('2D SPACE',''
  ) );
#3472 = FACE_BOUND('',#3473,.T.);
#3473 = EDGE_LOOP('',(#3474,#3506,#3536,#3566,#3596,#3626,#3656,#3686,
    #3716,#3746,#3776,#3806));
#3474 = ORIENTED_EDGE('',*,*,#3475,.T.);
#3475 = EDGE_CURVE('',#3476,#3478,#3480,.T.);
#3476 = VERTEX_POINT('',#3477);
#3477 = CARTESIAN_POINT('',(-30.74536132812,-11.20739746093,2.5));
#3478 = VERTEX_POINT('',#3479);
#3479 = CARTESIAN_POINT('',(-31.06396484375,-9.897827148438,2.5));
#3480 = SURFACE_CURVE('',#3481,(#3485,#3492),.PCURVE_S1.);
#3481 = B_SPLINE_CURVE_WITH_KNOTS('',2,(#3482,#3483,#3484),
  .UNSPECIFIED.,.F.,.F.,(3,3),(0.,1.),.PIECEWISE_BEZIER_KNOTS.);
#3482 = CARTESIAN_POINT('',(-30.74536132812,-11.20739746093,2.5));
#3483 = CARTESIAN_POINT('',(-31.06396484375,-10.80529785156,2.5));
#3484 = CARTESIAN_POINT('',(-31.06396484375,-9.897827148438,2.5));
#3485 = PCURVE('',#126,#3486);
#3486 = DEFINITIONAL_REPRESENTATION('',(#3487),#3491);
#3487 = B_SPLINE_CURVE_WITH_KNOTS('',2,(#3488,#3489,#3490),
  .UNSPECIFIED.,.F.,.F.,(3,3),(0.,1.),.PIECEWISE_BEZIER_KNOTS.);
#3488 = CARTESIAN_POINT('',(49.254638671875,6.792602539062));
#3489 = CARTESIAN_POINT('',(48.93603515625,7.194702148438));
#3490 = CARTESIAN_POINT('',(48.93603515625,8.102172851562));
#3491 = ( GEOMETRIC_REPRESENTATION_CONTEXT(2) 
PARAMETRIC_REPRESENTATION_CONTEXT() REPRESENTATION_CONTEXT('2D SPACE',''
  ) );
#3492 = PCURVE('',#3493,#3500);
#3493 = SURFACE_OF_LINEAR_EXTRUSION('',#3494,#3498);
#3494 = B_SPLINE_CURVE_WITH_KNOTS('',2,(#3495,#3496,#3497),
  .UNSPECIFIED.,.F.,.F.,(3,3),(0.,1.),.PIECEWISE_BEZIER_KNOTS.);
#3495 = CARTESIAN_POINT('',(-30.74536132812,-11.20739746093,2.5));
#3496 = CARTESIAN_POINT('',(-31.06396484375,-10.80529785156,2.5));
#3497 = CARTESIAN_POINT('',(-31.06396484375,-9.897827148438,2.5));
#3498 = VECTOR('',#3499,1.);
#3499 = DIRECTION('',(0.,0.,1.));
#3500 = DEFINITIONAL_REPRESENTATION('',(#3501),#3505);
#3501 = LINE('',#3502,#3503);
#3502 = CARTESIAN_POINT('',(0.,0.));
#3503 = VECTOR('',#3504,1.);
#3504 = DIRECTION('',(1.,0.));
#3505 = ( GEOMETRIC_REPRESENTATION_CONTEXT(2) 
PARAMETRIC_REPRESENTATION_CONTEXT() REPRESENTATION_CONTEXT('2D SPACE',''
  ) );
#3506 = ORIENTED_EDGE('',*,*,#3507,.T.);
#3507 = EDGE_CURVE('',#3478,#3508,#3510,.T.);
#3508 = VERTEX_POINT('',#3509);
#3509 = CARTESIAN_POINT('',(-30.94641113281,-8.978271484375,2.5));
#3510 = SURFACE_CURVE('',#3511,(#3515,#3522),.PCURVE_S1.);
#3511 = B_SPLINE_CURVE_WITH_KNOTS('',2,(#3512,#3513,#3514),
  .UNSPECIFIED.,.F.,.F.,(3,3),(0.,1.),.PIECEWISE_BEZIER_KNOTS.);
#3512 = CARTESIAN_POINT('',(-31.06396484375,-9.897827148438,2.5));
#3513 = CARTESIAN_POINT('',(-31.06396484375,-9.326538085938,2.5));
#3514 = CARTESIAN_POINT('',(-30.94641113281,-8.978271484375,2.5));
#3515 = PCURVE('',#126,#3516);
#3516 = DEFINITIONAL_REPRESENTATION('',(#3517),#3521);
#3517 = B_SPLINE_CURVE_WITH_KNOTS('',2,(#3518,#3519,#3520),
  .UNSPECIFIED.,.F.,.F.,(3,3),(0.,1.),.PIECEWISE_BEZIER_KNOTS.);
#3518 = CARTESIAN_POINT('',(48.93603515625,8.102172851562));
#3519 = CARTESIAN_POINT('',(48.93603515625,8.673461914062));
#3520 = CARTESIAN_POINT('',(49.053588867188,9.021728515625));
#3521 = ( GEOMETRIC_REPRESENTATION_CONTEXT(2) 
PARAMETRIC_REPRESENTATION_CONTEXT() REPRESENTATION_CONTEXT('2D SPACE',''
  ) );
#3522 = PCURVE('',#3523,#3530);
#3523 = SURFACE_OF_LINEAR_EXTRUSION('',#3524,#3528);
#3524 = B_SPLINE_CURVE_WITH_KNOTS('',2,(#3525,#3526,#3527),
  .UNSPECIFIED.,.F.,.F.,(3,3),(0.,1.),.PIECEWISE_BEZIER_KNOTS.);
#3525 = CARTESIAN_POINT('',(-31.06396484375,-9.897827148438,2.5));
#3526 = CARTESIAN_POINT('',(-31.06396484375,-9.326538085938,2.5));
#3527 = CARTESIAN_POINT('',(-30.94641113281,-8.978271484375,2.5));
#3528 = VECTOR('',#3529,1.);
#3529 = DIRECTION('',(0.,0.,1.));
#3530 = DEFINITIONAL_REPRESENTATION('',(#3531),#3535);
#3531 = LINE('',#3532,#3533);
#3532 = CARTESIAN_POINT('',(0.,0.));
#3533 = VECTOR('',#3534,1.);
#3534 = DIRECTION('',(1.,0.));
#3535 = ( GEOMETRIC_REPRESENTATION_CONTEXT(2) 
PARAMETRIC_REPRESENTATION_CONTEXT() REPRESENTATION_CONTEXT('2D SPACE',''
  ) );
#3536 = ORIENTED_EDGE('',*,*,#3537,.T.);
#3537 = EDGE_CURVE('',#3508,#3538,#3540,.T.);
#3538 = VERTEX_POINT('',#3539);
#3539 = CARTESIAN_POINT('',(-30.59704589843,-8.441040039062,2.5));
#3540 = SURFACE_CURVE('',#3541,(#3545,#3552),.PCURVE_S1.);
#3541 = B_SPLINE_CURVE_WITH_KNOTS('',2,(#3542,#3543,#3544),
  .UNSPECIFIED.,.F.,.F.,(3,3),(0.,1.),.PIECEWISE_BEZIER_KNOTS.);
#3542 = CARTESIAN_POINT('',(-30.94641113281,-8.978271484375,2.5));
#3543 = CARTESIAN_POINT('',(-30.82885742187,-8.630004882812,2.5));
#3544 = CARTESIAN_POINT('',(-30.59704589843,-8.441040039062,2.5));
#3545 = PCURVE('',#126,#3546);
#3546 = DEFINITIONAL_REPRESENTATION('',(#3547),#3551);
#3547 = B_SPLINE_CURVE_WITH_KNOTS('',2,(#3548,#3549,#3550),
  .UNSPECIFIED.,.F.,.F.,(3,3),(0.,1.),.PIECEWISE_BEZIER_KNOTS.);
#3548 = CARTESIAN_POINT('',(49.053588867188,9.021728515625));
#3549 = CARTESIAN_POINT('',(49.171142578125,9.369995117188));
#3550 = CARTESIAN_POINT('',(49.402954101562,9.558959960938));
#3551 = ( GEOMETRIC_REPRESENTATION_CONTEXT(2) 
PARAMETRIC_REPRESENTATION_CONTEXT() REPRESENTATION_CONTEXT('2D SPACE',''
  ) );
#3552 = PCURVE('',#3553,#3560);
#3553 = SURFACE_OF_LINEAR_EXTRUSION('',#3554,#3558);
#3554 = B_SPLINE_CURVE_WITH_KNOTS('',2,(#3555,#3556,#3557),
  .UNSPECIFIED.,.F.,.F.,(3,3),(0.,1.),.PIECEWISE_BEZIER_KNOTS.);
#3555 = CARTESIAN_POINT('',(-30.94641113281,-8.978271484375,2.5));
#3556 = CARTESIAN_POINT('',(-30.82885742187,-8.630004882812,2.5));
#3557 = CARTESIAN_POINT('',(-30.59704589843,-8.441040039062,2.5));
#3558 = VECTOR('',#3559,1.);
#3559 = DIRECTION('',(0.,0.,1.));
#3560 = DEFINITIONAL_REPRESENTATION('',(#3561),#3565);
#3561 = LINE('',#3562,#3563);
#3562 = CARTESIAN_POINT('',(0.,0.));
#3563 = VECTOR('',#3564,1.);
#3564 = DIRECTION('',(1.,0.));
#3565 = ( GEOMETRIC_REPRESENTATION_CONTEXT(2) 
PARAMETRIC_REPRESENTATION_CONTEXT() REPRESENTATION_CONTEXT('2D SPACE',''
  ) );
#3566 = ORIENTED_EDGE('',*,*,#3567,.T.);
#3567 = EDGE_CURVE('',#3538,#3568,#3570,.T.);
#3568 = VERTEX_POINT('',#3569);
#3569 = CARTESIAN_POINT('',(-30.013671875,-8.252075195312,2.5));
#3570 = SURFACE_CURVE('',#3571,(#3575,#3582),.PCURVE_S1.);
#3571 = B_SPLINE_CURVE_WITH_KNOTS('',2,(#3572,#3573,#3574),
  .UNSPECIFIED.,.F.,.F.,(3,3),(0.,1.),.PIECEWISE_BEZIER_KNOTS.);
#3572 = CARTESIAN_POINT('',(-30.59704589843,-8.441040039062,2.5));
#3573 = CARTESIAN_POINT('',(-30.365234375,-8.252075195312,2.5));
#3574 = CARTESIAN_POINT('',(-30.013671875,-8.252075195312,2.5));
#3575 = PCURVE('',#126,#3576);
#3576 = DEFINITIONAL_REPRESENTATION('',(#3577),#3581);
#3577 = B_SPLINE_CURVE_WITH_KNOTS('',2,(#3578,#3579,#3580),
  .UNSPECIFIED.,.F.,.F.,(3,3),(0.,1.),.PIECEWISE_BEZIER_KNOTS.);
#3578 = CARTESIAN_POINT('',(49.402954101562,9.558959960938));
#3579 = CARTESIAN_POINT('',(49.634765625,9.747924804688));
#3580 = CARTESIAN_POINT('',(49.986328125,9.747924804688));
#3581 = ( GEOMETRIC_REPRESENTATION_CONTEXT(2) 
PARAMETRIC_REPRESENTATION_CONTEXT() REPRESENTATION_CONTEXT('2D SPACE',''
  ) );
#3582 = PCURVE('',#3583,#3590);
#3583 = SURFACE_OF_LINEAR_EXTRUSION('',#3584,#3588);
#3584 = B_SPLINE_CURVE_WITH_KNOTS('',2,(#3585,#3586,#3587),
  .UNSPECIFIED.,.F.,.F.,(3,3),(0.,1.),.PIECEWISE_BEZIER_KNOTS.);
#3585 = CARTESIAN_POINT('',(-30.59704589843,-8.441040039062,2.5));
#3586 = CARTESIAN_POINT('',(-30.365234375,-8.252075195312,2.5));
#3587 = CARTESIAN_POINT('',(-30.013671875,-8.252075195312,2.5));
#3588 = VECTOR('',#3589,1.);
#3589 = DIRECTION('',(0.,0.,1.));
#3590 = DEFINITIONAL_REPRESENTATION('',(#3591),#3595);
#3591 = LINE('',#3592,#3593);
#3592 = CARTESIAN_POINT('',(0.,0.));
#3593 = VECTOR('',#3594,1.);
#3594 = DIRECTION('',(1.,0.));
#3595 = ( GEOMETRIC_REPRESENTATION_CONTEXT(2) 
PARAMETRIC_REPRESENTATION_CONTEXT() REPRESENTATION_CONTEXT('2D SPACE',''
  ) );
#3596 = ORIENTED_EDGE('',*,*,#3597,.T.);
#3597 = EDGE_CURVE('',#3568,#3598,#3600,.T.);
#3598 = VERTEX_POINT('',#3599);
#3599 = CARTESIAN_POINT('',(-29.55883789062,-8.3564453125,2.5));
#3600 = SURFACE_CURVE('',#3601,(#3605,#3612),.PCURVE_S1.);
#3601 = B_SPLINE_CURVE_WITH_KNOTS('',2,(#3602,#3603,#3604),
  .UNSPECIFIED.,.F.,.F.,(3,3),(0.,1.),.PIECEWISE_BEZIER_KNOTS.);
#3602 = CARTESIAN_POINT('',(-30.013671875,-8.252075195312,2.5));
#3603 = CARTESIAN_POINT('',(-29.75439453125,-8.252075195312,2.5));
#3604 = CARTESIAN_POINT('',(-29.55883789062,-8.3564453125,2.5));
#3605 = PCURVE('',#126,#3606);
#3606 = DEFINITIONAL_REPRESENTATION('',(#3607),#3611);
#3607 = B_SPLINE_CURVE_WITH_KNOTS('',2,(#3608,#3609,#3610),
  .UNSPECIFIED.,.F.,.F.,(3,3),(0.,1.),.PIECEWISE_BEZIER_KNOTS.);
#3608 = CARTESIAN_POINT('',(49.986328125,9.747924804688));
#3609 = CARTESIAN_POINT('',(50.24560546875,9.747924804688));
#3610 = CARTESIAN_POINT('',(50.441162109375,9.6435546875));
#3611 = ( GEOMETRIC_REPRESENTATION_CONTEXT(2) 
PARAMETRIC_REPRESENTATION_CONTEXT() REPRESENTATION_CONTEXT('2D SPACE',''
  ) );
#3612 = PCURVE('',#3613,#3620);
#3613 = SURFACE_OF_LINEAR_EXTRUSION('',#3614,#3618);
#3614 = B_SPLINE_CURVE_WITH_KNOTS('',2,(#3615,#3616,#3617),
  .UNSPECIFIED.,.F.,.F.,(3,3),(0.,1.),.PIECEWISE_BEZIER_KNOTS.);
#3615 = CARTESIAN_POINT('',(-30.013671875,-8.252075195312,2.5));
#3616 = CARTESIAN_POINT('',(-29.75439453125,-8.252075195312,2.5));
#3617 = CARTESIAN_POINT('',(-29.55883789062,-8.3564453125,2.5));
#3618 = VECTOR('',#3619,1.);
#3619 = DIRECTION('',(0.,0.,1.));
#3620 = DEFINITIONAL_REPRESENTATION('',(#3621),#3625);
#3621 = LINE('',#3622,#3623);
#3622 = CARTESIAN_POINT('',(0.,0.));
#3623 = VECTOR('',#3624,1.);
#3624 = DIRECTION('',(1.,0.));
#3625 = ( GEOMETRIC_REPRESENTATION_CONTEXT(2) 
PARAMETRIC_REPRESENTATION_CONTEXT() REPRESENTATION_CONTEXT('2D SPACE',''
  ) );
#3626 = ORIENTED_EDGE('',*,*,#3627,.T.);
#3627 = EDGE_CURVE('',#3598,#3628,#3630,.T.);
#3628 = VERTEX_POINT('',#3629);
#3629 = CARTESIAN_POINT('',(-29.23583984375,-8.657470703125,2.5));
#3630 = SURFACE_CURVE('',#3631,(#3635,#3642),.PCURVE_S1.);
#3631 = B_SPLINE_CURVE_WITH_KNOTS('',2,(#3632,#3633,#3634),
  .UNSPECIFIED.,.F.,.F.,(3,3),(0.,1.),.PIECEWISE_BEZIER_KNOTS.);
#3632 = CARTESIAN_POINT('',(-29.55883789062,-8.3564453125,2.5));
#3633 = CARTESIAN_POINT('',(-29.36328125,-8.460815429688,2.5));
#3634 = CARTESIAN_POINT('',(-29.23583984375,-8.657470703125,2.5));
#3635 = PCURVE('',#126,#3636);
#3636 = DEFINITIONAL_REPRESENTATION('',(#3637),#3641);
#3637 = B_SPLINE_CURVE_WITH_KNOTS('',2,(#3638,#3639,#3640),
  .UNSPECIFIED.,.F.,.F.,(3,3),(0.,1.),.PIECEWISE_BEZIER_KNOTS.);
#3638 = CARTESIAN_POINT('',(50.441162109375,9.6435546875));
#3639 = CARTESIAN_POINT('',(50.63671875,9.539184570312));
#3640 = CARTESIAN_POINT('',(50.76416015625,9.342529296875));
#3641 = ( GEOMETRIC_REPRESENTATION_CONTEXT(2) 
PARAMETRIC_REPRESENTATION_CONTEXT() REPRESENTATION_CONTEXT('2D SPACE',''
  ) );
#3642 = PCURVE('',#3643,#3650);
#3643 = SURFACE_OF_LINEAR_EXTRUSION('',#3644,#3648);
#3644 = B_SPLINE_CURVE_WITH_KNOTS('',2,(#3645,#3646,#3647),
  .UNSPECIFIED.,.F.,.F.,(3,3),(0.,1.),.PIECEWISE_BEZIER_KNOTS.);
#3645 = CARTESIAN_POINT('',(-29.55883789062,-8.3564453125,2.5));
#3646 = CARTESIAN_POINT('',(-29.36328125,-8.460815429688,2.5));
#3647 = CARTESIAN_POINT('',(-29.23583984375,-8.657470703125,2.5));
#3648 = VECTOR('',#3649,1.);
#3649 = DIRECTION('',(0.,0.,1.));
#3650 = DEFINITIONAL_REPRESENTATION('',(#3651),#3655);
#3651 = LINE('',#3652,#3653);
#3652 = CARTESIAN_POINT('',(0.,0.));
#3653 = VECTOR('',#3654,1.);
#3654 = DIRECTION('',(1.,0.));
#3655 = ( GEOMETRIC_REPRESENTATION_CONTEXT(2) 
PARAMETRIC_REPRESENTATION_CONTEXT() REPRESENTATION_CONTEXT('2D SPACE',''
  ) );
#3656 = ORIENTED_EDGE('',*,*,#3657,.T.);
#3657 = EDGE_CURVE('',#3628,#3658,#3660,.T.);
#3658 = VERTEX_POINT('',#3659);
#3659 = CARTESIAN_POINT('',(-29.03588867187,-9.136474609375,2.5));
#3660 = SURFACE_CURVE('',#3661,(#3665,#3672),.PCURVE_S1.);
#3661 = B_SPLINE_CURVE_WITH_KNOTS('',2,(#3662,#3663,#3664),
  .UNSPECIFIED.,.F.,.F.,(3,3),(0.,1.),.PIECEWISE_BEZIER_KNOTS.);
#3662 = CARTESIAN_POINT('',(-29.23583984375,-8.657470703125,2.5));
#3663 = CARTESIAN_POINT('',(-29.1083984375,-8.854125976562,2.5));
#3664 = CARTESIAN_POINT('',(-29.03588867187,-9.136474609375,2.5));
#3665 = PCURVE('',#126,#3666);
#3666 = DEFINITIONAL_REPRESENTATION('',(#3667),#3671);
#3667 = B_SPLINE_CURVE_WITH_KNOTS('',2,(#3668,#3669,#3670),
  .UNSPECIFIED.,.F.,.F.,(3,3),(0.,1.),.PIECEWISE_BEZIER_KNOTS.);
#3668 = CARTESIAN_POINT('',(50.76416015625,9.342529296875));
#3669 = CARTESIAN_POINT('',(50.8916015625,9.145874023438));
#3670 = CARTESIAN_POINT('',(50.964111328125,8.863525390625));
#3671 = ( GEOMETRIC_REPRESENTATION_CONTEXT(2) 
PARAMETRIC_REPRESENTATION_CONTEXT() REPRESENTATION_CONTEXT('2D SPACE',''
  ) );
#3672 = PCURVE('',#3673,#3680);
#3673 = SURFACE_OF_LINEAR_EXTRUSION('',#3674,#3678);
#3674 = B_SPLINE_CURVE_WITH_KNOTS('',2,(#3675,#3676,#3677),
  .UNSPECIFIED.,.F.,.F.,(3,3),(0.,1.),.PIECEWISE_BEZIER_KNOTS.);
#3675 = CARTESIAN_POINT('',(-29.23583984375,-8.657470703125,2.5));
#3676 = CARTESIAN_POINT('',(-29.1083984375,-8.854125976562,2.5));
#3677 = CARTESIAN_POINT('',(-29.03588867187,-9.136474609375,2.5));
#3678 = VECTOR('',#3679,1.);
#3679 = DIRECTION('',(0.,0.,1.));
#3680 = DEFINITIONAL_REPRESENTATION('',(#3681),#3685);
#3681 = LINE('',#3682,#3683);
#3682 = CARTESIAN_POINT('',(0.,0.));
#3683 = VECTOR('',#3684,1.);
#3684 = DIRECTION('',(1.,0.));
#3685 = ( GEOMETRIC_REPRESENTATION_CONTEXT(2) 
PARAMETRIC_REPRESENTATION_CONTEXT() REPRESENTATION_CONTEXT('2D SPACE',''
  ) );
#3686 = ORIENTED_EDGE('',*,*,#3687,.T.);
#3687 = EDGE_CURVE('',#3658,#3688,#3690,.T.);
#3688 = VERTEX_POINT('',#3689);
#3689 = CARTESIAN_POINT('',(-28.96337890625,-9.897827148438,2.5));
#3690 = SURFACE_CURVE('',#3691,(#3695,#3702),.PCURVE_S1.);
#3691 = B_SPLINE_CURVE_WITH_KNOTS('',2,(#3692,#3693,#3694),
  .UNSPECIFIED.,.F.,.F.,(3,3),(0.,1.),.PIECEWISE_BEZIER_KNOTS.);
#3692 = CARTESIAN_POINT('',(-29.03588867187,-9.136474609375,2.5));
#3693 = CARTESIAN_POINT('',(-28.96337890625,-9.418823242188,2.5));
#3694 = CARTESIAN_POINT('',(-28.96337890625,-9.897827148438,2.5));
#3695 = PCURVE('',#126,#3696);
#3696 = DEFINITIONAL_REPRESENTATION('',(#3697),#3701);
#3697 = B_SPLINE_CURVE_WITH_KNOTS('',2,(#3698,#3699,#3700),
  .UNSPECIFIED.,.F.,.F.,(3,3),(0.,1.),.PIECEWISE_BEZIER_KNOTS.);
#3698 = CARTESIAN_POINT('',(50.964111328125,8.863525390625));
#3699 = CARTESIAN_POINT('',(51.03662109375,8.581176757812));
#3700 = CARTESIAN_POINT('',(51.03662109375,8.102172851562));
#3701 = ( GEOMETRIC_REPRESENTATION_CONTEXT(2) 
PARAMETRIC_REPRESENTATION_CONTEXT() REPRESENTATION_CONTEXT('2D SPACE',''
  ) );
#3702 = PCURVE('',#3703,#3710);
#3703 = SURFACE_OF_LINEAR_EXTRUSION('',#3704,#3708);
#3704 = B_SPLINE_CURVE_WITH_KNOTS('',2,(#3705,#3706,#3707),
  .UNSPECIFIED.,.F.,.F.,(3,3),(0.,1.),.PIECEWISE_BEZIER_KNOTS.);
#3705 = CARTESIAN_POINT('',(-29.03588867187,-9.136474609375,2.5));
#3706 = CARTESIAN_POINT('',(-28.96337890625,-9.418823242188,2.5));
#3707 = CARTESIAN_POINT('',(-28.96337890625,-9.897827148438,2.5));
#3708 = VECTOR('',#3709,1.);
#3709 = DIRECTION('',(0.,0.,1.));
#3710 = DEFINITIONAL_REPRESENTATION('',(#3711),#3715);
#3711 = LINE('',#3712,#3713);
#3712 = CARTESIAN_POINT('',(0.,0.));
#3713 = VECTOR('',#3714,1.);
#3714 = DIRECTION('',(1.,0.));
#3715 = ( GEOMETRIC_REPRESENTATION_CONTEXT(2) 
PARAMETRIC_REPRESENTATION_CONTEXT() REPRESENTATION_CONTEXT('2D SPACE',''
  ) );
#3716 = ORIENTED_EDGE('',*,*,#3717,.T.);
#3717 = EDGE_CURVE('',#3688,#3718,#3720,.T.);
#3718 = VERTEX_POINT('',#3719);
#3719 = CARTESIAN_POINT('',(-29.07983398437,-10.81298828125,2.5));
#3720 = SURFACE_CURVE('',#3721,(#3725,#3732),.PCURVE_S1.);
#3721 = B_SPLINE_CURVE_WITH_KNOTS('',2,(#3722,#3723,#3724),
  .UNSPECIFIED.,.F.,.F.,(3,3),(0.,1.),.PIECEWISE_BEZIER_KNOTS.);
#3722 = CARTESIAN_POINT('',(-28.96337890625,-9.897827148438,2.5));
#3723 = CARTESIAN_POINT('',(-28.96337890625,-10.46472167968,2.5));
#3724 = CARTESIAN_POINT('',(-29.07983398437,-10.81298828125,2.5));
#3725 = PCURVE('',#126,#3726);
#3726 = DEFINITIONAL_REPRESENTATION('',(#3727),#3731);
#3727 = B_SPLINE_CURVE_WITH_KNOTS('',2,(#3728,#3729,#3730),
  .UNSPECIFIED.,.F.,.F.,(3,3),(0.,1.),.PIECEWISE_BEZIER_KNOTS.);
#3728 = CARTESIAN_POINT('',(51.03662109375,8.102172851562));
#3729 = CARTESIAN_POINT('',(51.03662109375,7.535278320312));
#3730 = CARTESIAN_POINT('',(50.920166015625,7.18701171875));
#3731 = ( GEOMETRIC_REPRESENTATION_CONTEXT(2) 
PARAMETRIC_REPRESENTATION_CONTEXT() REPRESENTATION_CONTEXT('2D SPACE',''
  ) );
#3732 = PCURVE('',#3733,#3740);
#3733 = SURFACE_OF_LINEAR_EXTRUSION('',#3734,#3738);
#3734 = B_SPLINE_CURVE_WITH_KNOTS('',2,(#3735,#3736,#3737),
  .UNSPECIFIED.,.F.,.F.,(3,3),(0.,1.),.PIECEWISE_BEZIER_KNOTS.);
#3735 = CARTESIAN_POINT('',(-28.96337890625,-9.897827148438,2.5));
#3736 = CARTESIAN_POINT('',(-28.96337890625,-10.46472167968,2.5));
#3737 = CARTESIAN_POINT('',(-29.07983398437,-10.81298828125,2.5));
#3738 = VECTOR('',#3739,1.);
#3739 = DIRECTION('',(0.,0.,1.));
#3740 = DEFINITIONAL_REPRESENTATION('',(#3741),#3745);
#3741 = LINE('',#3742,#3743);
#3742 = CARTESIAN_POINT('',(0.,0.));
#3743 = VECTOR('',#3744,1.);
#3744 = DIRECTION('',(1.,0.));
#3745 = ( GEOMETRIC_REPRESENTATION_CONTEXT(2) 
PARAMETRIC_REPRESENTATION_CONTEXT() REPRESENTATION_CONTEXT('2D SPACE',''
  ) );
#3746 = ORIENTED_EDGE('',*,*,#3747,.T.);
#3747 = EDGE_CURVE('',#3718,#3748,#3750,.T.);
#3748 = VERTEX_POINT('',#3749);
#3749 = CARTESIAN_POINT('',(-29.42810058593,-11.35131835937,2.5));
#3750 = SURFACE_CURVE('',#3751,(#3755,#3762),.PCURVE_S1.);
#3751 = B_SPLINE_CURVE_WITH_KNOTS('',2,(#3752,#3753,#3754),
  .UNSPECIFIED.,.F.,.F.,(3,3),(0.,1.),.PIECEWISE_BEZIER_KNOTS.);
#3752 = CARTESIAN_POINT('',(-29.07983398437,-10.81298828125,2.5));
#3753 = CARTESIAN_POINT('',(-29.1962890625,-11.16125488281,2.5));
#3754 = CARTESIAN_POINT('',(-29.42810058593,-11.35131835937,2.5));
#3755 = PCURVE('',#126,#3756);
#3756 = DEFINITIONAL_REPRESENTATION('',(#3757),#3761);
#3757 = B_SPLINE_CURVE_WITH_KNOTS('',2,(#3758,#3759,#3760),
  .UNSPECIFIED.,.F.,.F.,(3,3),(0.,1.),.PIECEWISE_BEZIER_KNOTS.);
#3758 = CARTESIAN_POINT('',(50.920166015625,7.18701171875));
#3759 = CARTESIAN_POINT('',(50.8037109375,6.838745117188));
#3760 = CARTESIAN_POINT('',(50.571899414062,6.648681640625));
#3761 = ( GEOMETRIC_REPRESENTATION_CONTEXT(2) 
PARAMETRIC_REPRESENTATION_CONTEXT() REPRESENTATION_CONTEXT('2D SPACE',''
  ) );
#3762 = PCURVE('',#3763,#3770);
#3763 = SURFACE_OF_LINEAR_EXTRUSION('',#3764,#3768);
#3764 = B_SPLINE_CURVE_WITH_KNOTS('',2,(#3765,#3766,#3767),
  .UNSPECIFIED.,.F.,.F.,(3,3),(0.,1.),.PIECEWISE_BEZIER_KNOTS.);
#3765 = CARTESIAN_POINT('',(-29.07983398437,-10.81298828125,2.5));
#3766 = CARTESIAN_POINT('',(-29.1962890625,-11.16125488281,2.5));
#3767 = CARTESIAN_POINT('',(-29.42810058593,-11.35131835937,2.5));
#3768 = VECTOR('',#3769,1.);
#3769 = DIRECTION('',(0.,0.,1.));
#3770 = DEFINITIONAL_REPRESENTATION('',(#3771),#3775);
#3771 = LINE('',#3772,#3773);
#3772 = CARTESIAN_POINT('',(0.,0.));
#3773 = VECTOR('',#3774,1.);
#3774 = DIRECTION('',(1.,0.));
#3775 = ( GEOMETRIC_REPRESENTATION_CONTEXT(2) 
PARAMETRIC_REPRESENTATION_CONTEXT() REPRESENTATION_CONTEXT('2D SPACE',''
  ) );
#3776 = ORIENTED_EDGE('',*,*,#3777,.T.);
#3777 = EDGE_CURVE('',#3748,#3778,#3780,.T.);
#3778 = VERTEX_POINT('',#3779);
#3779 = CARTESIAN_POINT('',(-30.013671875,-11.54138183593,2.5));
#3780 = SURFACE_CURVE('',#3781,(#3785,#3792),.PCURVE_S1.);
#3781 = B_SPLINE_CURVE_WITH_KNOTS('',2,(#3782,#3783,#3784),
  .UNSPECIFIED.,.F.,.F.,(3,3),(0.,1.),.PIECEWISE_BEZIER_KNOTS.);
#3782 = CARTESIAN_POINT('',(-29.42810058593,-11.35131835937,2.5));
#3783 = CARTESIAN_POINT('',(-29.65991210937,-11.54138183593,2.5));
#3784 = CARTESIAN_POINT('',(-30.013671875,-11.54138183593,2.5));
#3785 = PCURVE('',#126,#3786);
#3786 = DEFINITIONAL_REPRESENTATION('',(#3787),#3791);
#3787 = B_SPLINE_CURVE_WITH_KNOTS('',2,(#3788,#3789,#3790),
  .UNSPECIFIED.,.F.,.F.,(3,3),(0.,1.),.PIECEWISE_BEZIER_KNOTS.);
#3788 = CARTESIAN_POINT('',(50.571899414062,6.648681640625));
#3789 = CARTESIAN_POINT('',(50.340087890625,6.458618164062));
#3790 = CARTESIAN_POINT('',(49.986328125,6.458618164062));
#3791 = ( GEOMETRIC_REPRESENTATION_CONTEXT(2) 
PARAMETRIC_REPRESENTATION_CONTEXT() REPRESENTATION_CONTEXT('2D SPACE',''
  ) );
#3792 = PCURVE('',#3793,#3800);
#3793 = SURFACE_OF_LINEAR_EXTRUSION('',#3794,#3798);
#3794 = B_SPLINE_CURVE_WITH_KNOTS('',2,(#3795,#3796,#3797),
  .UNSPECIFIED.,.F.,.F.,(3,3),(0.,1.),.PIECEWISE_BEZIER_KNOTS.);
#3795 = CARTESIAN_POINT('',(-29.42810058593,-11.35131835937,2.5));
#3796 = CARTESIAN_POINT('',(-29.65991210937,-11.54138183593,2.5));
#3797 = CARTESIAN_POINT('',(-30.013671875,-11.54138183593,2.5));
#3798 = VECTOR('',#3799,1.);
#3799 = DIRECTION('',(0.,0.,1.));
#3800 = DEFINITIONAL_REPRESENTATION('',(#3801),#3805);
#3801 = LINE('',#3802,#3803);
#3802 = CARTESIAN_POINT('',(0.,0.));
#3803 = VECTOR('',#3804,1.);
#3804 = DIRECTION('',(1.,0.));
#3805 = ( GEOMETRIC_REPRESENTATION_CONTEXT(2) 
PARAMETRIC_REPRESENTATION_CONTEXT() REPRESENTATION_CONTEXT('2D SPACE',''
  ) );
#3806 = ORIENTED_EDGE('',*,*,#3807,.T.);
#3807 = EDGE_CURVE('',#3778,#3476,#3808,.T.);
#3808 = SURFACE_CURVE('',#3809,(#3813,#3820),.PCURVE_S1.);
#3809 = B_SPLINE_CURVE_WITH_KNOTS('',2,(#3810,#3811,#3812),
  .UNSPECIFIED.,.F.,.F.,(3,3),(0.,1.),.PIECEWISE_BEZIER_KNOTS.);
#3810 = CARTESIAN_POINT('',(-30.013671875,-11.54138183593,2.5));
#3811 = CARTESIAN_POINT('',(-30.4794921875,-11.54138183593,2.5));
#3812 = CARTESIAN_POINT('',(-30.74536132812,-11.20739746093,2.5));
#3813 = PCURVE('',#126,#3814);
#3814 = DEFINITIONAL_REPRESENTATION('',(#3815),#3819);
#3815 = B_SPLINE_CURVE_WITH_KNOTS('',2,(#3816,#3817,#3818),
  .UNSPECIFIED.,.F.,.F.,(3,3),(0.,1.),.PIECEWISE_BEZIER_KNOTS.);
#3816 = CARTESIAN_POINT('',(49.986328125,6.458618164062));
#3817 = CARTESIAN_POINT('',(49.5205078125,6.458618164062));
#3818 = CARTESIAN_POINT('',(49.254638671875,6.792602539062));
#3819 = ( GEOMETRIC_REPRESENTATION_CONTEXT(2) 
PARAMETRIC_REPRESENTATION_CONTEXT() REPRESENTATION_CONTEXT('2D SPACE',''
  ) );
#3820 = PCURVE('',#3821,#3828);
#3821 = SURFACE_OF_LINEAR_EXTRUSION('',#3822,#3826);
#3822 = B_SPLINE_CURVE_WITH_KNOTS('',2,(#3823,#3824,#3825),
  .UNSPECIFIED.,.F.,.F.,(3,3),(0.,1.),.PIECEWISE_BEZIER_KNOTS.);
#3823 = CARTESIAN_POINT('',(-30.013671875,-11.54138183593,2.5));
#3824 = CARTESIAN_POINT('',(-30.4794921875,-11.54138183593,2.5));
#3825 = CARTESIAN_POINT('',(-30.74536132812,-11.20739746093,2.5));
#3826 = VECTOR('',#3827,1.);
#3827 = DIRECTION('',(0.,0.,1.));
#3828 = DEFINITIONAL_REPRESENTATION('',(#3829),#3833);
#3829 = LINE('',#3830,#3831);
#3830 = CARTESIAN_POINT('',(0.,0.));
#3831 = VECTOR('',#3832,1.);
#3832 = DIRECTION('',(1.,0.));
#3833 = ( GEOMETRIC_REPRESENTATION_CONTEXT(2) 
PARAMETRIC_REPRESENTATION_CONTEXT() REPRESENTATION_CONTEXT('2D SPACE',''
  ) );
#3834 = FACE_BOUND('',#3835,.T.);
#3835 = EDGE_LOOP('',(#3836,#3868,#3898,#3928,#3958,#3988,#4018,#4048,
    #4078,#4108,#4138,#4168));
#3836 = ORIENTED_EDGE('',*,*,#3837,.T.);
#3837 = EDGE_CURVE('',#3838,#3840,#3842,.T.);
#3838 = VERTEX_POINT('',#3839);
#3839 = CARTESIAN_POINT('',(-0.745971679688,-11.20739746093,2.5));
#3840 = VERTEX_POINT('',#3841);
#3841 = CARTESIAN_POINT('',(-1.064575195312,-9.897827148438,2.5));
#3842 = SURFACE_CURVE('',#3843,(#3847,#3854),.PCURVE_S1.);
#3843 = B_SPLINE_CURVE_WITH_KNOTS('',2,(#3844,#3845,#3846),
  .UNSPECIFIED.,.F.,.F.,(3,3),(0.,1.),.PIECEWISE_BEZIER_KNOTS.);
#3844 = CARTESIAN_POINT('',(-0.745971679688,-11.20739746093,2.5));
#3845 = CARTESIAN_POINT('',(-1.064575195312,-10.80529785156,2.5));
#3846 = CARTESIAN_POINT('',(-1.064575195312,-9.897827148438,2.5));
#3847 = PCURVE('',#126,#3848);
#3848 = DEFINITIONAL_REPRESENTATION('',(#3849),#3853);
#3849 = B_SPLINE_CURVE_WITH_KNOTS('',2,(#3850,#3851,#3852),
  .UNSPECIFIED.,.F.,.F.,(3,3),(0.,1.),.PIECEWISE_BEZIER_KNOTS.);
#3850 = CARTESIAN_POINT('',(79.254028320312,6.792602539062));
#3851 = CARTESIAN_POINT('',(78.935424804688,7.194702148438));
#3852 = CARTESIAN_POINT('',(78.935424804688,8.102172851562));
#3853 = ( GEOMETRIC_REPRESENTATION_CONTEXT(2) 
PARAMETRIC_REPRESENTATION_CONTEXT() REPRESENTATION_CONTEXT('2D SPACE',''
  ) );
#3854 = PCURVE('',#3855,#3862);
#3855 = SURFACE_OF_LINEAR_EXTRUSION('',#3856,#3860);
#3856 = B_SPLINE_CURVE_WITH_KNOTS('',2,(#3857,#3858,#3859),
  .UNSPECIFIED.,.F.,.F.,(3,3),(0.,1.),.PIECEWISE_BEZIER_KNOTS.);
#3857 = CARTESIAN_POINT('',(-0.745971679688,-11.20739746093,2.5));
#3858 = CARTESIAN_POINT('',(-1.064575195312,-10.80529785156,2.5));
#3859 = CARTESIAN_POINT('',(-1.064575195312,-9.897827148438,2.5));
#3860 = VECTOR('',#3861,1.);
#3861 = DIRECTION('',(0.,0.,1.));
#3862 = DEFINITIONAL_REPRESENTATION('',(#3863),#3867);
#3863 = LINE('',#3864,#3865);
#3864 = CARTESIAN_POINT('',(0.,0.));
#3865 = VECTOR('',#3866,1.);
#3866 = DIRECTION('',(1.,0.));
#3867 = ( GEOMETRIC_REPRESENTATION_CONTEXT(2) 
PARAMETRIC_REPRESENTATION_CONTEXT() REPRESENTATION_CONTEXT('2D SPACE',''
  ) );
#3868 = ORIENTED_EDGE('',*,*,#3869,.T.);
#3869 = EDGE_CURVE('',#3840,#3870,#3872,.T.);
#3870 = VERTEX_POINT('',#3871);
#3871 = CARTESIAN_POINT('',(-0.947021484375,-8.978271484375,2.5));
#3872 = SURFACE_CURVE('',#3873,(#3877,#3884),.PCURVE_S1.);
#3873 = B_SPLINE_CURVE_WITH_KNOTS('',2,(#3874,#3875,#3876),
  .UNSPECIFIED.,.F.,.F.,(3,3),(0.,1.),.PIECEWISE_BEZIER_KNOTS.);
#3874 = CARTESIAN_POINT('',(-1.064575195312,-9.897827148438,2.5));
#3875 = CARTESIAN_POINT('',(-1.064575195312,-9.326538085938,2.5));
#3876 = CARTESIAN_POINT('',(-0.947021484375,-8.978271484375,2.5));
#3877 = PCURVE('',#126,#3878);
#3878 = DEFINITIONAL_REPRESENTATION('',(#3879),#3883);
#3879 = B_SPLINE_CURVE_WITH_KNOTS('',2,(#3880,#3881,#3882),
  .UNSPECIFIED.,.F.,.F.,(3,3),(0.,1.),.PIECEWISE_BEZIER_KNOTS.);
#3880 = CARTESIAN_POINT('',(78.935424804688,8.102172851562));
#3881 = CARTESIAN_POINT('',(78.935424804688,8.673461914062));
#3882 = CARTESIAN_POINT('',(79.052978515625,9.021728515625));
#3883 = ( GEOMETRIC_REPRESENTATION_CONTEXT(2) 
PARAMETRIC_REPRESENTATION_CONTEXT() REPRESENTATION_CONTEXT('2D SPACE',''
  ) );
#3884 = PCURVE('',#3885,#3892);
#3885 = SURFACE_OF_LINEAR_EXTRUSION('',#3886,#3890);
#3886 = B_SPLINE_CURVE_WITH_KNOTS('',2,(#3887,#3888,#3889),
  .UNSPECIFIED.,.F.,.F.,(3,3),(0.,1.),.PIECEWISE_BEZIER_KNOTS.);
#3887 = CARTESIAN_POINT('',(-1.064575195312,-9.897827148438,2.5));
#3888 = CARTESIAN_POINT('',(-1.064575195312,-9.326538085938,2.5));
#3889 = CARTESIAN_POINT('',(-0.947021484375,-8.978271484375,2.5));
#3890 = VECTOR('',#3891,1.);
#3891 = DIRECTION('',(0.,0.,1.));
#3892 = DEFINITIONAL_REPRESENTATION('',(#3893),#3897);
#3893 = LINE('',#3894,#3895);
#3894 = CARTESIAN_POINT('',(0.,0.));
#3895 = VECTOR('',#3896,1.);
#3896 = DIRECTION('',(1.,0.));
#3897 = ( GEOMETRIC_REPRESENTATION_CONTEXT(2) 
PARAMETRIC_REPRESENTATION_CONTEXT() REPRESENTATION_CONTEXT('2D SPACE',''
  ) );
#3898 = ORIENTED_EDGE('',*,*,#3899,.T.);
#3899 = EDGE_CURVE('',#3870,#3900,#3902,.T.);
#3900 = VERTEX_POINT('',#3901);
#3901 = CARTESIAN_POINT('',(-0.59765625,-8.441040039062,2.5));
#3902 = SURFACE_CURVE('',#3903,(#3907,#3914),.PCURVE_S1.);
#3903 = B_SPLINE_CURVE_WITH_KNOTS('',2,(#3904,#3905,#3906),
  .UNSPECIFIED.,.F.,.F.,(3,3),(0.,1.),.PIECEWISE_BEZIER_KNOTS.);
#3904 = CARTESIAN_POINT('',(-0.947021484375,-8.978271484375,2.5));
#3905 = CARTESIAN_POINT('',(-0.829467773438,-8.630004882812,2.5));
#3906 = CARTESIAN_POINT('',(-0.59765625,-8.441040039062,2.5));
#3907 = PCURVE('',#126,#3908);
#3908 = DEFINITIONAL_REPRESENTATION('',(#3909),#3913);
#3909 = B_SPLINE_CURVE_WITH_KNOTS('',2,(#3910,#3911,#3912),
  .UNSPECIFIED.,.F.,.F.,(3,3),(0.,1.),.PIECEWISE_BEZIER_KNOTS.);
#3910 = CARTESIAN_POINT('',(79.052978515625,9.021728515625));
#3911 = CARTESIAN_POINT('',(79.170532226562,9.369995117188));
#3912 = CARTESIAN_POINT('',(79.40234375,9.558959960938));
#3913 = ( GEOMETRIC_REPRESENTATION_CONTEXT(2) 
PARAMETRIC_REPRESENTATION_CONTEXT() REPRESENTATION_CONTEXT('2D SPACE',''
  ) );
#3914 = PCURVE('',#3915,#3922);
#3915 = SURFACE_OF_LINEAR_EXTRUSION('',#3916,#3920);
#3916 = B_SPLINE_CURVE_WITH_KNOTS('',2,(#3917,#3918,#3919),
  .UNSPECIFIED.,.F.,.F.,(3,3),(0.,1.),.PIECEWISE_BEZIER_KNOTS.);
#3917 = CARTESIAN_POINT('',(-0.947021484375,-8.978271484375,2.5));
#3918 = CARTESIAN_POINT('',(-0.829467773438,-8.630004882812,2.5));
#3919 = CARTESIAN_POINT('',(-0.59765625,-8.441040039062,2.5));
#3920 = VECTOR('',#3921,1.);
#3921 = DIRECTION('',(0.,0.,1.));
#3922 = DEFINITIONAL_REPRESENTATION('',(#3923),#3927);
#3923 = LINE('',#3924,#3925);
#3924 = CARTESIAN_POINT('',(0.,0.));
#3925 = VECTOR('',#3926,1.);
#3926 = DIRECTION('',(1.,0.));
#3927 = ( GEOMETRIC_REPRESENTATION_CONTEXT(2) 
PARAMETRIC_REPRESENTATION_CONTEXT() REPRESENTATION_CONTEXT('2D SPACE',''
  ) );
#3928 = ORIENTED_EDGE('',*,*,#3929,.T.);
#3929 = EDGE_CURVE('',#3900,#3930,#3932,.T.);
#3930 = VERTEX_POINT('',#3931);
#3931 = CARTESIAN_POINT('',(-1.42822265625E-02,-8.252075195312,2.5));
#3932 = SURFACE_CURVE('',#3933,(#3937,#3944),.PCURVE_S1.);
#3933 = B_SPLINE_CURVE_WITH_KNOTS('',2,(#3934,#3935,#3936),
  .UNSPECIFIED.,.F.,.F.,(3,3),(0.,1.),.PIECEWISE_BEZIER_KNOTS.);
#3934 = CARTESIAN_POINT('',(-0.59765625,-8.441040039062,2.5));
#3935 = CARTESIAN_POINT('',(-0.365844726562,-8.252075195312,2.5));
#3936 = CARTESIAN_POINT('',(-1.42822265625E-02,-8.252075195312,2.5));
#3937 = PCURVE('',#126,#3938);
#3938 = DEFINITIONAL_REPRESENTATION('',(#3939),#3943);
#3939 = B_SPLINE_CURVE_WITH_KNOTS('',2,(#3940,#3941,#3942),
  .UNSPECIFIED.,.F.,.F.,(3,3),(0.,1.),.PIECEWISE_BEZIER_KNOTS.);
#3940 = CARTESIAN_POINT('',(79.40234375,9.558959960938));
#3941 = CARTESIAN_POINT('',(79.634155273438,9.747924804688));
#3942 = CARTESIAN_POINT('',(79.985717773438,9.747924804688));
#3943 = ( GEOMETRIC_REPRESENTATION_CONTEXT(2) 
PARAMETRIC_REPRESENTATION_CONTEXT() REPRESENTATION_CONTEXT('2D SPACE',''
  ) );
#3944 = PCURVE('',#3945,#3952);
#3945 = SURFACE_OF_LINEAR_EXTRUSION('',#3946,#3950);
#3946 = B_SPLINE_CURVE_WITH_KNOTS('',2,(#3947,#3948,#3949),
  .UNSPECIFIED.,.F.,.F.,(3,3),(0.,1.),.PIECEWISE_BEZIER_KNOTS.);
#3947 = CARTESIAN_POINT('',(-0.59765625,-8.441040039062,2.5));
#3948 = CARTESIAN_POINT('',(-0.365844726562,-8.252075195312,2.5));
#3949 = CARTESIAN_POINT('',(-1.42822265625E-02,-8.252075195312,2.5));
#3950 = VECTOR('',#3951,1.);
#3951 = DIRECTION('',(0.,0.,1.));
#3952 = DEFINITIONAL_REPRESENTATION('',(#3953),#3957);
#3953 = LINE('',#3954,#3955);
#3954 = CARTESIAN_POINT('',(0.,0.));
#3955 = VECTOR('',#3956,1.);
#3956 = DIRECTION('',(1.,0.));
#3957 = ( GEOMETRIC_REPRESENTATION_CONTEXT(2) 
PARAMETRIC_REPRESENTATION_CONTEXT() REPRESENTATION_CONTEXT('2D SPACE',''
  ) );
#3958 = ORIENTED_EDGE('',*,*,#3959,.T.);
#3959 = EDGE_CURVE('',#3930,#3960,#3962,.T.);
#3960 = VERTEX_POINT('',#3961);
#3961 = CARTESIAN_POINT('',(0.440551757812,-8.3564453125,2.5));
#3962 = SURFACE_CURVE('',#3963,(#3967,#3974),.PCURVE_S1.);
#3963 = B_SPLINE_CURVE_WITH_KNOTS('',2,(#3964,#3965,#3966),
  .UNSPECIFIED.,.F.,.F.,(3,3),(0.,1.),.PIECEWISE_BEZIER_KNOTS.);
#3964 = CARTESIAN_POINT('',(-1.42822265625E-02,-8.252075195312,2.5));
#3965 = CARTESIAN_POINT('',(0.244995117188,-8.252075195312,2.5));
#3966 = CARTESIAN_POINT('',(0.440551757812,-8.3564453125,2.5));
#3967 = PCURVE('',#126,#3968);
#3968 = DEFINITIONAL_REPRESENTATION('',(#3969),#3973);
#3969 = B_SPLINE_CURVE_WITH_KNOTS('',2,(#3970,#3971,#3972),
  .UNSPECIFIED.,.F.,.F.,(3,3),(0.,1.),.PIECEWISE_BEZIER_KNOTS.);
#3970 = CARTESIAN_POINT('',(79.985717773438,9.747924804688));
#3971 = CARTESIAN_POINT('',(80.244995117188,9.747924804688));
#3972 = CARTESIAN_POINT('',(80.440551757812,9.6435546875));
#3973 = ( GEOMETRIC_REPRESENTATION_CONTEXT(2) 
PARAMETRIC_REPRESENTATION_CONTEXT() REPRESENTATION_CONTEXT('2D SPACE',''
  ) );
#3974 = PCURVE('',#3975,#3982);
#3975 = SURFACE_OF_LINEAR_EXTRUSION('',#3976,#3980);
#3976 = B_SPLINE_CURVE_WITH_KNOTS('',2,(#3977,#3978,#3979),
  .UNSPECIFIED.,.F.,.F.,(3,3),(0.,1.),.PIECEWISE_BEZIER_KNOTS.);
#3977 = CARTESIAN_POINT('',(-1.42822265625E-02,-8.252075195312,2.5));
#3978 = CARTESIAN_POINT('',(0.244995117188,-8.252075195312,2.5));
#3979 = CARTESIAN_POINT('',(0.440551757812,-8.3564453125,2.5));
#3980 = VECTOR('',#3981,1.);
#3981 = DIRECTION('',(0.,0.,1.));
#3982 = DEFINITIONAL_REPRESENTATION('',(#3983),#3987);
#3983 = LINE('',#3984,#3985);
#3984 = CARTESIAN_POINT('',(0.,0.));
#3985 = VECTOR('',#3986,1.);
#3986 = DIRECTION('',(1.,0.));
#3987 = ( GEOMETRIC_REPRESENTATION_CONTEXT(2) 
PARAMETRIC_REPRESENTATION_CONTEXT() REPRESENTATION_CONTEXT('2D SPACE',''
  ) );
#3988 = ORIENTED_EDGE('',*,*,#3989,.T.);
#3989 = EDGE_CURVE('',#3960,#3990,#3992,.T.);
#3990 = VERTEX_POINT('',#3991);
#3991 = CARTESIAN_POINT('',(0.763549804688,-8.657470703125,2.5));
#3992 = SURFACE_CURVE('',#3993,(#3997,#4004),.PCURVE_S1.);
#3993 = B_SPLINE_CURVE_WITH_KNOTS('',2,(#3994,#3995,#3996),
  .UNSPECIFIED.,.F.,.F.,(3,3),(0.,1.),.PIECEWISE_BEZIER_KNOTS.);
#3994 = CARTESIAN_POINT('',(0.440551757812,-8.3564453125,2.5));
#3995 = CARTESIAN_POINT('',(0.636108398438,-8.460815429688,2.5));
#3996 = CARTESIAN_POINT('',(0.763549804688,-8.657470703125,2.5));
#3997 = PCURVE('',#126,#3998);
#3998 = DEFINITIONAL_REPRESENTATION('',(#3999),#4003);
#3999 = B_SPLINE_CURVE_WITH_KNOTS('',2,(#4000,#4001,#4002),
  .UNSPECIFIED.,.F.,.F.,(3,3),(0.,1.),.PIECEWISE_BEZIER_KNOTS.);
#4000 = CARTESIAN_POINT('',(80.440551757812,9.6435546875));
#4001 = CARTESIAN_POINT('',(80.636108398438,9.539184570312));
#4002 = CARTESIAN_POINT('',(80.763549804688,9.342529296875));
#4003 = ( GEOMETRIC_REPRESENTATION_CONTEXT(2) 
PARAMETRIC_REPRESENTATION_CONTEXT() REPRESENTATION_CONTEXT('2D SPACE',''
  ) );
#4004 = PCURVE('',#4005,#4012);
#4005 = SURFACE_OF_LINEAR_EXTRUSION('',#4006,#4010);
#4006 = B_SPLINE_CURVE_WITH_KNOTS('',2,(#4007,#4008,#4009),
  .UNSPECIFIED.,.F.,.F.,(3,3),(0.,1.),.PIECEWISE_BEZIER_KNOTS.);
#4007 = CARTESIAN_POINT('',(0.440551757812,-8.3564453125,2.5));
#4008 = CARTESIAN_POINT('',(0.636108398438,-8.460815429688,2.5));
#4009 = CARTESIAN_POINT('',(0.763549804688,-8.657470703125,2.5));
#4010 = VECTOR('',#4011,1.);
#4011 = DIRECTION('',(0.,0.,1.));
#4012 = DEFINITIONAL_REPRESENTATION('',(#4013),#4017);
#4013 = LINE('',#4014,#4015);
#4014 = CARTESIAN_POINT('',(0.,0.));
#4015 = VECTOR('',#4016,1.);
#4016 = DIRECTION('',(1.,0.));
#4017 = ( GEOMETRIC_REPRESENTATION_CONTEXT(2) 
PARAMETRIC_REPRESENTATION_CONTEXT() REPRESENTATION_CONTEXT('2D SPACE',''
  ) );
#4018 = ORIENTED_EDGE('',*,*,#4019,.T.);
#4019 = EDGE_CURVE('',#3990,#4020,#4022,.T.);
#4020 = VERTEX_POINT('',#4021);
#4021 = CARTESIAN_POINT('',(0.963500976562,-9.136474609375,2.5));
#4022 = SURFACE_CURVE('',#4023,(#4027,#4034),.PCURVE_S1.);
#4023 = B_SPLINE_CURVE_WITH_KNOTS('',2,(#4024,#4025,#4026),
  .UNSPECIFIED.,.F.,.F.,(3,3),(0.,1.),.PIECEWISE_BEZIER_KNOTS.);
#4024 = CARTESIAN_POINT('',(0.763549804688,-8.657470703125,2.5));
#4025 = CARTESIAN_POINT('',(0.890991210938,-8.854125976562,2.5));
#4026 = CARTESIAN_POINT('',(0.963500976562,-9.136474609375,2.5));
#4027 = PCURVE('',#126,#4028);
#4028 = DEFINITIONAL_REPRESENTATION('',(#4029),#4033);
#4029 = B_SPLINE_CURVE_WITH_KNOTS('',2,(#4030,#4031,#4032),
  .UNSPECIFIED.,.F.,.F.,(3,3),(0.,1.),.PIECEWISE_BEZIER_KNOTS.);
#4030 = CARTESIAN_POINT('',(80.763549804688,9.342529296875));
#4031 = CARTESIAN_POINT('',(80.890991210938,9.145874023438));
#4032 = CARTESIAN_POINT('',(80.963500976562,8.863525390625));
#4033 = ( GEOMETRIC_REPRESENTATION_CONTEXT(2) 
PARAMETRIC_REPRESENTATION_CONTEXT() REPRESENTATION_CONTEXT('2D SPACE',''
  ) );
#4034 = PCURVE('',#4035,#4042);
#4035 = SURFACE_OF_LINEAR_EXTRUSION('',#4036,#4040);
#4036 = B_SPLINE_CURVE_WITH_KNOTS('',2,(#4037,#4038,#4039),
  .UNSPECIFIED.,.F.,.F.,(3,3),(0.,1.),.PIECEWISE_BEZIER_KNOTS.);
#4037 = CARTESIAN_POINT('',(0.763549804688,-8.657470703125,2.5));
#4038 = CARTESIAN_POINT('',(0.890991210938,-8.854125976562,2.5));
#4039 = CARTESIAN_POINT('',(0.963500976562,-9.136474609375,2.5));
#4040 = VECTOR('',#4041,1.);
#4041 = DIRECTION('',(0.,0.,1.));
#4042 = DEFINITIONAL_REPRESENTATION('',(#4043),#4047);
#4043 = LINE('',#4044,#4045);
#4044 = CARTESIAN_POINT('',(0.,0.));
#4045 = VECTOR('',#4046,1.);
#4046 = DIRECTION('',(1.,0.));
#4047 = ( GEOMETRIC_REPRESENTATION_CONTEXT(2) 
PARAMETRIC_REPRESENTATION_CONTEXT() REPRESENTATION_CONTEXT('2D SPACE',''
  ) );
#4048 = ORIENTED_EDGE('',*,*,#4049,.T.);
#4049 = EDGE_CURVE('',#4020,#4050,#4052,.T.);
#4050 = VERTEX_POINT('',#4051);
#4051 = CARTESIAN_POINT('',(1.036010742188,-9.897827148438,2.5));
#4052 = SURFACE_CURVE('',#4053,(#4057,#4064),.PCURVE_S1.);
#4053 = B_SPLINE_CURVE_WITH_KNOTS('',2,(#4054,#4055,#4056),
  .UNSPECIFIED.,.F.,.F.,(3,3),(0.,1.),.PIECEWISE_BEZIER_KNOTS.);
#4054 = CARTESIAN_POINT('',(0.963500976562,-9.136474609375,2.5));
#4055 = CARTESIAN_POINT('',(1.036010742188,-9.418823242188,2.5));
#4056 = CARTESIAN_POINT('',(1.036010742188,-9.897827148438,2.5));
#4057 = PCURVE('',#126,#4058);
#4058 = DEFINITIONAL_REPRESENTATION('',(#4059),#4063);
#4059 = B_SPLINE_CURVE_WITH_KNOTS('',2,(#4060,#4061,#4062),
  .UNSPECIFIED.,.F.,.F.,(3,3),(0.,1.),.PIECEWISE_BEZIER_KNOTS.);
#4060 = CARTESIAN_POINT('',(80.963500976562,8.863525390625));
#4061 = CARTESIAN_POINT('',(81.036010742188,8.581176757812));
#4062 = CARTESIAN_POINT('',(81.036010742188,8.102172851562));
#4063 = ( GEOMETRIC_REPRESENTATION_CONTEXT(2) 
PARAMETRIC_REPRESENTATION_CONTEXT() REPRESENTATION_CONTEXT('2D SPACE',''
  ) );
#4064 = PCURVE('',#4065,#4072);
#4065 = SURFACE_OF_LINEAR_EXTRUSION('',#4066,#4070);
#4066 = B_SPLINE_CURVE_WITH_KNOTS('',2,(#4067,#4068,#4069),
  .UNSPECIFIED.,.F.,.F.,(3,3),(0.,1.),.PIECEWISE_BEZIER_KNOTS.);
#4067 = CARTESIAN_POINT('',(0.963500976562,-9.136474609375,2.5));
#4068 = CARTESIAN_POINT('',(1.036010742188,-9.418823242188,2.5));
#4069 = CARTESIAN_POINT('',(1.036010742188,-9.897827148438,2.5));
#4070 = VECTOR('',#4071,1.);
#4071 = DIRECTION('',(0.,0.,1.));
#4072 = DEFINITIONAL_REPRESENTATION('',(#4073),#4077);
#4073 = LINE('',#4074,#4075);
#4074 = CARTESIAN_POINT('',(0.,0.));
#4075 = VECTOR('',#4076,1.);
#4076 = DIRECTION('',(1.,0.));
#4077 = ( GEOMETRIC_REPRESENTATION_CONTEXT(2) 
PARAMETRIC_REPRESENTATION_CONTEXT() REPRESENTATION_CONTEXT('2D SPACE',''
  ) );
#4078 = ORIENTED_EDGE('',*,*,#4079,.T.);
#4079 = EDGE_CURVE('',#4050,#4080,#4082,.T.);
#4080 = VERTEX_POINT('',#4081);
#4081 = CARTESIAN_POINT('',(0.919555664062,-10.81298828125,2.5));
#4082 = SURFACE_CURVE('',#4083,(#4087,#4094),.PCURVE_S1.);
#4083 = B_SPLINE_CURVE_WITH_KNOTS('',2,(#4084,#4085,#4086),
  .UNSPECIFIED.,.F.,.F.,(3,3),(0.,1.),.PIECEWISE_BEZIER_KNOTS.);
#4084 = CARTESIAN_POINT('',(1.036010742188,-9.897827148438,2.5));
#4085 = CARTESIAN_POINT('',(1.036010742188,-10.46472167968,2.5));
#4086 = CARTESIAN_POINT('',(0.919555664062,-10.81298828125,2.5));
#4087 = PCURVE('',#126,#4088);
#4088 = DEFINITIONAL_REPRESENTATION('',(#4089),#4093);
#4089 = B_SPLINE_CURVE_WITH_KNOTS('',2,(#4090,#4091,#4092),
  .UNSPECIFIED.,.F.,.F.,(3,3),(0.,1.),.PIECEWISE_BEZIER_KNOTS.);
#4090 = CARTESIAN_POINT('',(81.036010742188,8.102172851562));
#4091 = CARTESIAN_POINT('',(81.036010742188,7.535278320312));
#4092 = CARTESIAN_POINT('',(80.919555664062,7.18701171875));
#4093 = ( GEOMETRIC_REPRESENTATION_CONTEXT(2) 
PARAMETRIC_REPRESENTATION_CONTEXT() REPRESENTATION_CONTEXT('2D SPACE',''
  ) );
#4094 = PCURVE('',#4095,#4102);
#4095 = SURFACE_OF_LINEAR_EXTRUSION('',#4096,#4100);
#4096 = B_SPLINE_CURVE_WITH_KNOTS('',2,(#4097,#4098,#4099),
  .UNSPECIFIED.,.F.,.F.,(3,3),(0.,1.),.PIECEWISE_BEZIER_KNOTS.);
#4097 = CARTESIAN_POINT('',(1.036010742188,-9.897827148438,2.5));
#4098 = CARTESIAN_POINT('',(1.036010742188,-10.46472167968,2.5));
#4099 = CARTESIAN_POINT('',(0.919555664062,-10.81298828125,2.5));
#4100 = VECTOR('',#4101,1.);
#4101 = DIRECTION('',(0.,0.,1.));
#4102 = DEFINITIONAL_REPRESENTATION('',(#4103),#4107);
#4103 = LINE('',#4104,#4105);
#4104 = CARTESIAN_POINT('',(0.,0.));
#4105 = VECTOR('',#4106,1.);
#4106 = DIRECTION('',(1.,0.));
#4107 = ( GEOMETRIC_REPRESENTATION_CONTEXT(2) 
PARAMETRIC_REPRESENTATION_CONTEXT() REPRESENTATION_CONTEXT('2D SPACE',''
  ) );
#4108 = ORIENTED_EDGE('',*,*,#4109,.T.);
#4109 = EDGE_CURVE('',#4080,#4110,#4112,.T.);
#4110 = VERTEX_POINT('',#4111);
#4111 = CARTESIAN_POINT('',(0.5712890625,-11.35131835937,2.5));
#4112 = SURFACE_CURVE('',#4113,(#4117,#4124),.PCURVE_S1.);
#4113 = B_SPLINE_CURVE_WITH_KNOTS('',2,(#4114,#4115,#4116),
  .UNSPECIFIED.,.F.,.F.,(3,3),(0.,1.),.PIECEWISE_BEZIER_KNOTS.);
#4114 = CARTESIAN_POINT('',(0.919555664062,-10.81298828125,2.5));
#4115 = CARTESIAN_POINT('',(0.803100585938,-11.16125488281,2.5));
#4116 = CARTESIAN_POINT('',(0.5712890625,-11.35131835937,2.5));
#4117 = PCURVE('',#126,#4118);
#4118 = DEFINITIONAL_REPRESENTATION('',(#4119),#4123);
#4119 = B_SPLINE_CURVE_WITH_KNOTS('',2,(#4120,#4121,#4122),
  .UNSPECIFIED.,.F.,.F.,(3,3),(0.,1.),.PIECEWISE_BEZIER_KNOTS.);
#4120 = CARTESIAN_POINT('',(80.919555664062,7.18701171875));
#4121 = CARTESIAN_POINT('',(80.803100585938,6.838745117188));
#4122 = CARTESIAN_POINT('',(80.5712890625,6.648681640625));
#4123 = ( GEOMETRIC_REPRESENTATION_CONTEXT(2) 
PARAMETRIC_REPRESENTATION_CONTEXT() REPRESENTATION_CONTEXT('2D SPACE',''
  ) );
#4124 = PCURVE('',#4125,#4132);
#4125 = SURFACE_OF_LINEAR_EXTRUSION('',#4126,#4130);
#4126 = B_SPLINE_CURVE_WITH_KNOTS('',2,(#4127,#4128,#4129),
  .UNSPECIFIED.,.F.,.F.,(3,3),(0.,1.),.PIECEWISE_BEZIER_KNOTS.);
#4127 = CARTESIAN_POINT('',(0.919555664062,-10.81298828125,2.5));
#4128 = CARTESIAN_POINT('',(0.803100585938,-11.16125488281,2.5));
#4129 = CARTESIAN_POINT('',(0.5712890625,-11.35131835937,2.5));
#4130 = VECTOR('',#4131,1.);
#4131 = DIRECTION('',(0.,0.,1.));
#4132 = DEFINITIONAL_REPRESENTATION('',(#4133),#4137);
#4133 = LINE('',#4134,#4135);
#4134 = CARTESIAN_POINT('',(0.,0.));
#4135 = VECTOR('',#4136,1.);
#4136 = DIRECTION('',(1.,0.));
#4137 = ( GEOMETRIC_REPRESENTATION_CONTEXT(2) 
PARAMETRIC_REPRESENTATION_CONTEXT() REPRESENTATION_CONTEXT('2D SPACE',''
  ) );
#4138 = ORIENTED_EDGE('',*,*,#4139,.T.);
#4139 = EDGE_CURVE('',#4110,#4140,#4142,.T.);
#4140 = VERTEX_POINT('',#4141);
#4141 = CARTESIAN_POINT('',(-1.42822265625E-02,-11.54138183593,2.5));
#4142 = SURFACE_CURVE('',#4143,(#4147,#4154),.PCURVE_S1.);
#4143 = B_SPLINE_CURVE_WITH_KNOTS('',2,(#4144,#4145,#4146),
  .UNSPECIFIED.,.F.,.F.,(3,3),(0.,1.),.PIECEWISE_BEZIER_KNOTS.);
#4144 = CARTESIAN_POINT('',(0.5712890625,-11.35131835937,2.5));
#4145 = CARTESIAN_POINT('',(0.339477539062,-11.54138183593,2.5));
#4146 = CARTESIAN_POINT('',(-1.42822265625E-02,-11.54138183593,2.5));
#4147 = PCURVE('',#126,#4148);
#4148 = DEFINITIONAL_REPRESENTATION('',(#4149),#4153);
#4149 = B_SPLINE_CURVE_WITH_KNOTS('',2,(#4150,#4151,#4152),
  .UNSPECIFIED.,.F.,.F.,(3,3),(0.,1.),.PIECEWISE_BEZIER_KNOTS.);
#4150 = CARTESIAN_POINT('',(80.5712890625,6.648681640625));
#4151 = CARTESIAN_POINT('',(80.339477539062,6.458618164062));
#4152 = CARTESIAN_POINT('',(79.985717773438,6.458618164062));
#4153 = ( GEOMETRIC_REPRESENTATION_CONTEXT(2) 
PARAMETRIC_REPRESENTATION_CONTEXT() REPRESENTATION_CONTEXT('2D SPACE',''
  ) );
#4154 = PCURVE('',#4155,#4162);
#4155 = SURFACE_OF_LINEAR_EXTRUSION('',#4156,#4160);
#4156 = B_SPLINE_CURVE_WITH_KNOTS('',2,(#4157,#4158,#4159),
  .UNSPECIFIED.,.F.,.F.,(3,3),(0.,1.),.PIECEWISE_BEZIER_KNOTS.);
#4157 = CARTESIAN_POINT('',(0.5712890625,-11.35131835937,2.5));
#4158 = CARTESIAN_POINT('',(0.339477539062,-11.54138183593,2.5));
#4159 = CARTESIAN_POINT('',(-1.42822265625E-02,-11.54138183593,2.5));
#4160 = VECTOR('',#4161,1.);
#4161 = DIRECTION('',(0.,0.,1.));
#4162 = DEFINITIONAL_REPRESENTATION('',(#4163),#4167);
#4163 = LINE('',#4164,#4165);
#4164 = CARTESIAN_POINT('',(0.,0.));
#4165 = VECTOR('',#4166,1.);
#4166 = DIRECTION('',(1.,0.));
#4167 = ( GEOMETRIC_REPRESENTATION_CONTEXT(2) 
PARAMETRIC_REPRESENTATION_CONTEXT() REPRESENTATION_CONTEXT('2D SPACE',''
  ) );
#4168 = ORIENTED_EDGE('',*,*,#4169,.T.);
#4169 = EDGE_CURVE('',#4140,#3838,#4170,.T.);
#4170 = SURFACE_CURVE('',#4171,(#4175,#4182),.PCURVE_S1.);
#4171 = B_SPLINE_CURVE_WITH_KNOTS('',2,(#4172,#4173,#4174),
  .UNSPECIFIED.,.F.,.F.,(3,3),(0.,1.),.PIECEWISE_BEZIER_KNOTS.);
#4172 = CARTESIAN_POINT('',(-1.42822265625E-02,-11.54138183593,2.5));
#4173 = CARTESIAN_POINT('',(-0.480102539062,-11.54138183593,2.5));
#4174 = CARTESIAN_POINT('',(-0.745971679688,-11.20739746093,2.5));
#4175 = PCURVE('',#126,#4176);
#4176 = DEFINITIONAL_REPRESENTATION('',(#4177),#4181);
#4177 = B_SPLINE_CURVE_WITH_KNOTS('',2,(#4178,#4179,#4180),
  .UNSPECIFIED.,.F.,.F.,(3,3),(0.,1.),.PIECEWISE_BEZIER_KNOTS.);
#4178 = CARTESIAN_POINT('',(79.985717773438,6.458618164062));
#4179 = CARTESIAN_POINT('',(79.519897460938,6.458618164062));
#4180 = CARTESIAN_POINT('',(79.254028320312,6.792602539062));
#4181 = ( GEOMETRIC_REPRESENTATION_CONTEXT(2) 
PARAMETRIC_REPRESENTATION_CONTEXT() REPRESENTATION_CONTEXT('2D SPACE',''
  ) );
#4182 = PCURVE('',#4183,#4190);
#4183 = SURFACE_OF_LINEAR_EXTRUSION('',#4184,#4188);
#4184 = B_SPLINE_CURVE_WITH_KNOTS('',2,(#4185,#4186,#4187),
  .UNSPECIFIED.,.F.,.F.,(3,3),(0.,1.),.PIECEWISE_BEZIER_KNOTS.);
#4185 = CARTESIAN_POINT('',(-1.42822265625E-02,-11.54138183593,2.5));
#4186 = CARTESIAN_POINT('',(-0.480102539062,-11.54138183593,2.5));
#4187 = CARTESIAN_POINT('',(-0.745971679688,-11.20739746093,2.5));
#4188 = VECTOR('',#4189,1.);
#4189 = DIRECTION('',(0.,0.,1.));
#4190 = DEFINITIONAL_REPRESENTATION('',(#4191),#4195);
#4191 = LINE('',#4192,#4193);
#4192 = CARTESIAN_POINT('',(0.,0.));
#4193 = VECTOR('',#4194,1.);
#4194 = DIRECTION('',(1.,0.));
#4195 = ( GEOMETRIC_REPRESENTATION_CONTEXT(2) 
PARAMETRIC_REPRESENTATION_CONTEXT() REPRESENTATION_CONTEXT('2D SPACE',''
  ) );
#4196 = FACE_BOUND('',#4197,.T.);
#4197 = EDGE_LOOP('',(#4198,#4230,#4260,#4290,#4320,#4350,#4380,#4410,
    #4440,#4470,#4500,#4530));
#4198 = ORIENTED_EDGE('',*,*,#4199,.T.);
#4199 = EDGE_CURVE('',#4200,#4202,#4204,.T.);
#4200 = VERTEX_POINT('',#4201);
#4201 = CARTESIAN_POINT('',(31.316650390625,-11.20739746093,2.5));
#4202 = VERTEX_POINT('',#4203);
#4203 = CARTESIAN_POINT('',(30.998046875,-9.897827148438,2.5));
#4204 = SURFACE_CURVE('',#4205,(#4209,#4216),.PCURVE_S1.);
#4205 = B_SPLINE_CURVE_WITH_KNOTS('',2,(#4206,#4207,#4208),
  .UNSPECIFIED.,.F.,.F.,(3,3),(0.,1.),.PIECEWISE_BEZIER_KNOTS.);
#4206 = CARTESIAN_POINT('',(31.316650390625,-11.20739746093,2.5));
#4207 = CARTESIAN_POINT('',(30.998046875,-10.80529785156,2.5));
#4208 = CARTESIAN_POINT('',(30.998046875,-9.897827148438,2.5));
#4209 = PCURVE('',#126,#4210);
#4210 = DEFINITIONAL_REPRESENTATION('',(#4211),#4215);
#4211 = B_SPLINE_CURVE_WITH_KNOTS('',2,(#4212,#4213,#4214),
  .UNSPECIFIED.,.F.,.F.,(3,3),(0.,1.),.PIECEWISE_BEZIER_KNOTS.);
#4212 = CARTESIAN_POINT('',(111.31665039062,6.792602539062));
#4213 = CARTESIAN_POINT('',(110.998046875,7.194702148438));
#4214 = CARTESIAN_POINT('',(110.998046875,8.102172851562));
#4215 = ( GEOMETRIC_REPRESENTATION_CONTEXT(2) 
PARAMETRIC_REPRESENTATION_CONTEXT() REPRESENTATION_CONTEXT('2D SPACE',''
  ) );
#4216 = PCURVE('',#4217,#4224);
#4217 = SURFACE_OF_LINEAR_EXTRUSION('',#4218,#4222);
#4218 = B_SPLINE_CURVE_WITH_KNOTS('',2,(#4219,#4220,#4221),
  .UNSPECIFIED.,.F.,.F.,(3,3),(0.,1.),.PIECEWISE_BEZIER_KNOTS.);
#4219 = CARTESIAN_POINT('',(31.316650390625,-11.20739746093,2.5));
#4220 = CARTESIAN_POINT('',(30.998046875,-10.80529785156,2.5));
#4221 = CARTESIAN_POINT('',(30.998046875,-9.897827148438,2.5));
#4222 = VECTOR('',#4223,1.);
#4223 = DIRECTION('',(0.,0.,1.));
#4224 = DEFINITIONAL_REPRESENTATION('',(#4225),#4229);
#4225 = LINE('',#4226,#4227);
#4226 = CARTESIAN_POINT('',(0.,0.));
#4227 = VECTOR('',#4228,1.);
#4228 = DIRECTION('',(1.,0.));
#4229 = ( GEOMETRIC_REPRESENTATION_CONTEXT(2) 
PARAMETRIC_REPRESENTATION_CONTEXT() REPRESENTATION_CONTEXT('2D SPACE',''
  ) );
#4230 = ORIENTED_EDGE('',*,*,#4231,.T.);
#4231 = EDGE_CURVE('',#4202,#4232,#4234,.T.);
#4232 = VERTEX_POINT('',#4233);
#4233 = CARTESIAN_POINT('',(31.115600585938,-8.978271484375,2.5));
#4234 = SURFACE_CURVE('',#4235,(#4239,#4246),.PCURVE_S1.);
#4235 = B_SPLINE_CURVE_WITH_KNOTS('',2,(#4236,#4237,#4238),
  .UNSPECIFIED.,.F.,.F.,(3,3),(0.,1.),.PIECEWISE_BEZIER_KNOTS.);
#4236 = CARTESIAN_POINT('',(30.998046875,-9.897827148438,2.5));
#4237 = CARTESIAN_POINT('',(30.998046875,-9.326538085938,2.5));
#4238 = CARTESIAN_POINT('',(31.115600585938,-8.978271484375,2.5));
#4239 = PCURVE('',#126,#4240);
#4240 = DEFINITIONAL_REPRESENTATION('',(#4241),#4245);
#4241 = B_SPLINE_CURVE_WITH_KNOTS('',2,(#4242,#4243,#4244),
  .UNSPECIFIED.,.F.,.F.,(3,3),(0.,1.),.PIECEWISE_BEZIER_KNOTS.);
#4242 = CARTESIAN_POINT('',(110.998046875,8.102172851562));
#4243 = CARTESIAN_POINT('',(110.998046875,8.673461914062));
#4244 = CARTESIAN_POINT('',(111.11560058593,9.021728515625));
#4245 = ( GEOMETRIC_REPRESENTATION_CONTEXT(2) 
PARAMETRIC_REPRESENTATION_CONTEXT() REPRESENTATION_CONTEXT('2D SPACE',''
  ) );
#4246 = PCURVE('',#4247,#4254);
#4247 = SURFACE_OF_LINEAR_EXTRUSION('',#4248,#4252);
#4248 = B_SPLINE_CURVE_WITH_KNOTS('',2,(#4249,#4250,#4251),
  .UNSPECIFIED.,.F.,.F.,(3,3),(0.,1.),.PIECEWISE_BEZIER_KNOTS.);
#4249 = CARTESIAN_POINT('',(30.998046875,-9.897827148438,2.5));
#4250 = CARTESIAN_POINT('',(30.998046875,-9.326538085938,2.5));
#4251 = CARTESIAN_POINT('',(31.115600585938,-8.978271484375,2.5));
#4252 = VECTOR('',#4253,1.);
#4253 = DIRECTION('',(0.,0.,1.));
#4254 = DEFINITIONAL_REPRESENTATION('',(#4255),#4259);
#4255 = LINE('',#4256,#4257);
#4256 = CARTESIAN_POINT('',(0.,0.));
#4257 = VECTOR('',#4258,1.);
#4258 = DIRECTION('',(1.,0.));
#4259 = ( GEOMETRIC_REPRESENTATION_CONTEXT(2) 
PARAMETRIC_REPRESENTATION_CONTEXT() REPRESENTATION_CONTEXT('2D SPACE',''
  ) );
#4260 = ORIENTED_EDGE('',*,*,#4261,.T.);
#4261 = EDGE_CURVE('',#4232,#4262,#4264,.T.);
#4262 = VERTEX_POINT('',#4263);
#4263 = CARTESIAN_POINT('',(31.464965820312,-8.441040039062,2.5));
#4264 = SURFACE_CURVE('',#4265,(#4269,#4276),.PCURVE_S1.);
#4265 = B_SPLINE_CURVE_WITH_KNOTS('',2,(#4266,#4267,#4268),
  .UNSPECIFIED.,.F.,.F.,(3,3),(0.,1.),.PIECEWISE_BEZIER_KNOTS.);
#4266 = CARTESIAN_POINT('',(31.115600585938,-8.978271484375,2.5));
#4267 = CARTESIAN_POINT('',(31.233154296875,-8.630004882812,2.5));
#4268 = CARTESIAN_POINT('',(31.464965820312,-8.441040039062,2.5));
#4269 = PCURVE('',#126,#4270);
#4270 = DEFINITIONAL_REPRESENTATION('',(#4271),#4275);
#4271 = B_SPLINE_CURVE_WITH_KNOTS('',2,(#4272,#4273,#4274),
  .UNSPECIFIED.,.F.,.F.,(3,3),(0.,1.),.PIECEWISE_BEZIER_KNOTS.);
#4272 = CARTESIAN_POINT('',(111.11560058593,9.021728515625));
#4273 = CARTESIAN_POINT('',(111.23315429687,9.369995117188));
#4274 = CARTESIAN_POINT('',(111.46496582031,9.558959960938));
#4275 = ( GEOMETRIC_REPRESENTATION_CONTEXT(2) 
PARAMETRIC_REPRESENTATION_CONTEXT() REPRESENTATION_CONTEXT('2D SPACE',''
  ) );
#4276 = PCURVE('',#4277,#4284);
#4277 = SURFACE_OF_LINEAR_EXTRUSION('',#4278,#4282);
#4278 = B_SPLINE_CURVE_WITH_KNOTS('',2,(#4279,#4280,#4281),
  .UNSPECIFIED.,.F.,.F.,(3,3),(0.,1.),.PIECEWISE_BEZIER_KNOTS.);
#4279 = CARTESIAN_POINT('',(31.115600585938,-8.978271484375,2.5));
#4280 = CARTESIAN_POINT('',(31.233154296875,-8.630004882812,2.5));
#4281 = CARTESIAN_POINT('',(31.464965820312,-8.441040039062,2.5));
#4282 = VECTOR('',#4283,1.);
#4283 = DIRECTION('',(0.,0.,1.));
#4284 = DEFINITIONAL_REPRESENTATION('',(#4285),#4289);
#4285 = LINE('',#4286,#4287);
#4286 = CARTESIAN_POINT('',(0.,0.));
#4287 = VECTOR('',#4288,1.);
#4288 = DIRECTION('',(1.,0.));
#4289 = ( GEOMETRIC_REPRESENTATION_CONTEXT(2) 
PARAMETRIC_REPRESENTATION_CONTEXT() REPRESENTATION_CONTEXT('2D SPACE',''
  ) );
#4290 = ORIENTED_EDGE('',*,*,#4291,.T.);
#4291 = EDGE_CURVE('',#4262,#4292,#4294,.T.);
#4292 = VERTEX_POINT('',#4293);
#4293 = CARTESIAN_POINT('',(32.04833984375,-8.252075195312,2.5));
#4294 = SURFACE_CURVE('',#4295,(#4299,#4306),.PCURVE_S1.);
#4295 = B_SPLINE_CURVE_WITH_KNOTS('',2,(#4296,#4297,#4298),
  .UNSPECIFIED.,.F.,.F.,(3,3),(0.,1.),.PIECEWISE_BEZIER_KNOTS.);
#4296 = CARTESIAN_POINT('',(31.464965820312,-8.441040039062,2.5));
#4297 = CARTESIAN_POINT('',(31.69677734375,-8.252075195312,2.5));
#4298 = CARTESIAN_POINT('',(32.04833984375,-8.252075195312,2.5));
#4299 = PCURVE('',#126,#4300);
#4300 = DEFINITIONAL_REPRESENTATION('',(#4301),#4305);
#4301 = B_SPLINE_CURVE_WITH_KNOTS('',2,(#4302,#4303,#4304),
  .UNSPECIFIED.,.F.,.F.,(3,3),(0.,1.),.PIECEWISE_BEZIER_KNOTS.);
#4302 = CARTESIAN_POINT('',(111.46496582031,9.558959960938));
#4303 = CARTESIAN_POINT('',(111.69677734375,9.747924804688));
#4304 = CARTESIAN_POINT('',(112.04833984375,9.747924804688));
#4305 = ( GEOMETRIC_REPRESENTATION_CONTEXT(2) 
PARAMETRIC_REPRESENTATION_CONTEXT() REPRESENTATION_CONTEXT('2D SPACE',''
  ) );
#4306 = PCURVE('',#4307,#4314);
#4307 = SURFACE_OF_LINEAR_EXTRUSION('',#4308,#4312);
#4308 = B_SPLINE_CURVE_WITH_KNOTS('',2,(#4309,#4310,#4311),
  .UNSPECIFIED.,.F.,.F.,(3,3),(0.,1.),.PIECEWISE_BEZIER_KNOTS.);
#4309 = CARTESIAN_POINT('',(31.464965820312,-8.441040039062,2.5));
#4310 = CARTESIAN_POINT('',(31.69677734375,-8.252075195312,2.5));
#4311 = CARTESIAN_POINT('',(32.04833984375,-8.252075195312,2.5));
#4312 = VECTOR('',#4313,1.);
#4313 = DIRECTION('',(0.,0.,1.));
#4314 = DEFINITIONAL_REPRESENTATION('',(#4315),#4319);
#4315 = LINE('',#4316,#4317);
#4316 = CARTESIAN_POINT('',(0.,0.));
#4317 = VECTOR('',#4318,1.);
#4318 = DIRECTION('',(1.,0.));
#4319 = ( GEOMETRIC_REPRESENTATION_CONTEXT(2) 
PARAMETRIC_REPRESENTATION_CONTEXT() REPRESENTATION_CONTEXT('2D SPACE',''
  ) );
#4320 = ORIENTED_EDGE('',*,*,#4321,.T.);
#4321 = EDGE_CURVE('',#4292,#4322,#4324,.T.);
#4322 = VERTEX_POINT('',#4323);
#4323 = CARTESIAN_POINT('',(32.503173828125,-8.3564453125,2.5));
#4324 = SURFACE_CURVE('',#4325,(#4329,#4336),.PCURVE_S1.);
#4325 = B_SPLINE_CURVE_WITH_KNOTS('',2,(#4326,#4327,#4328),
  .UNSPECIFIED.,.F.,.F.,(3,3),(0.,1.),.PIECEWISE_BEZIER_KNOTS.);
#4326 = CARTESIAN_POINT('',(32.04833984375,-8.252075195312,2.5));
#4327 = CARTESIAN_POINT('',(32.3076171875,-8.252075195312,2.5));
#4328 = CARTESIAN_POINT('',(32.503173828125,-8.3564453125,2.5));
#4329 = PCURVE('',#126,#4330);
#4330 = DEFINITIONAL_REPRESENTATION('',(#4331),#4335);
#4331 = B_SPLINE_CURVE_WITH_KNOTS('',2,(#4332,#4333,#4334),
  .UNSPECIFIED.,.F.,.F.,(3,3),(0.,1.),.PIECEWISE_BEZIER_KNOTS.);
#4332 = CARTESIAN_POINT('',(112.04833984375,9.747924804688));
#4333 = CARTESIAN_POINT('',(112.3076171875,9.747924804688));
#4334 = CARTESIAN_POINT('',(112.50317382812,9.6435546875));
#4335 = ( GEOMETRIC_REPRESENTATION_CONTEXT(2) 
PARAMETRIC_REPRESENTATION_CONTEXT() REPRESENTATION_CONTEXT('2D SPACE',''
  ) );
#4336 = PCURVE('',#4337,#4344);
#4337 = SURFACE_OF_LINEAR_EXTRUSION('',#4338,#4342);
#4338 = B_SPLINE_CURVE_WITH_KNOTS('',2,(#4339,#4340,#4341),
  .UNSPECIFIED.,.F.,.F.,(3,3),(0.,1.),.PIECEWISE_BEZIER_KNOTS.);
#4339 = CARTESIAN_POINT('',(32.04833984375,-8.252075195312,2.5));
#4340 = CARTESIAN_POINT('',(32.3076171875,-8.252075195312,2.5));
#4341 = CARTESIAN_POINT('',(32.503173828125,-8.3564453125,2.5));
#4342 = VECTOR('',#4343,1.);
#4343 = DIRECTION('',(0.,0.,1.));
#4344 = DEFINITIONAL_REPRESENTATION('',(#4345),#4349);
#4345 = LINE('',#4346,#4347);
#4346 = CARTESIAN_POINT('',(0.,0.));
#4347 = VECTOR('',#4348,1.);
#4348 = DIRECTION('',(1.,0.));
#4349 = ( GEOMETRIC_REPRESENTATION_CONTEXT(2) 
PARAMETRIC_REPRESENTATION_CONTEXT() REPRESENTATION_CONTEXT('2D SPACE',''
  ) );
#4350 = ORIENTED_EDGE('',*,*,#4351,.T.);
#4351 = EDGE_CURVE('',#4322,#4352,#4354,.T.);
#4352 = VERTEX_POINT('',#4353);
#4353 = CARTESIAN_POINT('',(32.826171875,-8.657470703125,2.5));
#4354 = SURFACE_CURVE('',#4355,(#4359,#4366),.PCURVE_S1.);
#4355 = B_SPLINE_CURVE_WITH_KNOTS('',2,(#4356,#4357,#4358),
  .UNSPECIFIED.,.F.,.F.,(3,3),(0.,1.),.PIECEWISE_BEZIER_KNOTS.);
#4356 = CARTESIAN_POINT('',(32.503173828125,-8.3564453125,2.5));
#4357 = CARTESIAN_POINT('',(32.69873046875,-8.460815429688,2.5));
#4358 = CARTESIAN_POINT('',(32.826171875,-8.657470703125,2.5));
#4359 = PCURVE('',#126,#4360);
#4360 = DEFINITIONAL_REPRESENTATION('',(#4361),#4365);
#4361 = B_SPLINE_CURVE_WITH_KNOTS('',2,(#4362,#4363,#4364),
  .UNSPECIFIED.,.F.,.F.,(3,3),(0.,1.),.PIECEWISE_BEZIER_KNOTS.);
#4362 = CARTESIAN_POINT('',(112.50317382812,9.6435546875));
#4363 = CARTESIAN_POINT('',(112.69873046875,9.539184570312));
#4364 = CARTESIAN_POINT('',(112.826171875,9.342529296875));
#4365 = ( GEOMETRIC_REPRESENTATION_CONTEXT(2) 
PARAMETRIC_REPRESENTATION_CONTEXT() REPRESENTATION_CONTEXT('2D SPACE',''
  ) );
#4366 = PCURVE('',#4367,#4374);
#4367 = SURFACE_OF_LINEAR_EXTRUSION('',#4368,#4372);
#4368 = B_SPLINE_CURVE_WITH_KNOTS('',2,(#4369,#4370,#4371),
  .UNSPECIFIED.,.F.,.F.,(3,3),(0.,1.),.PIECEWISE_BEZIER_KNOTS.);
#4369 = CARTESIAN_POINT('',(32.503173828125,-8.3564453125,2.5));
#4370 = CARTESIAN_POINT('',(32.69873046875,-8.460815429688,2.5));
#4371 = CARTESIAN_POINT('',(32.826171875,-8.657470703125,2.5));
#4372 = VECTOR('',#4373,1.);
#4373 = DIRECTION('',(0.,0.,1.));
#4374 = DEFINITIONAL_REPRESENTATION('',(#4375),#4379);
#4375 = LINE('',#4376,#4377);
#4376 = CARTESIAN_POINT('',(0.,0.));
#4377 = VECTOR('',#4378,1.);
#4378 = DIRECTION('',(1.,0.));
#4379 = ( GEOMETRIC_REPRESENTATION_CONTEXT(2) 
PARAMETRIC_REPRESENTATION_CONTEXT() REPRESENTATION_CONTEXT('2D SPACE',''
  ) );
#4380 = ORIENTED_EDGE('',*,*,#4381,.T.);
#4381 = EDGE_CURVE('',#4352,#4382,#4384,.T.);
#4382 = VERTEX_POINT('',#4383);
#4383 = CARTESIAN_POINT('',(33.026123046875,-9.136474609375,2.5));
#4384 = SURFACE_CURVE('',#4385,(#4389,#4396),.PCURVE_S1.);
#4385 = B_SPLINE_CURVE_WITH_KNOTS('',2,(#4386,#4387,#4388),
  .UNSPECIFIED.,.F.,.F.,(3,3),(0.,1.),.PIECEWISE_BEZIER_KNOTS.);
#4386 = CARTESIAN_POINT('',(32.826171875,-8.657470703125,2.5));
#4387 = CARTESIAN_POINT('',(32.95361328125,-8.854125976562,2.5));
#4388 = CARTESIAN_POINT('',(33.026123046875,-9.136474609375,2.5));
#4389 = PCURVE('',#126,#4390);
#4390 = DEFINITIONAL_REPRESENTATION('',(#4391),#4395);
#4391 = B_SPLINE_CURVE_WITH_KNOTS('',2,(#4392,#4393,#4394),
  .UNSPECIFIED.,.F.,.F.,(3,3),(0.,1.),.PIECEWISE_BEZIER_KNOTS.);
#4392 = CARTESIAN_POINT('',(112.826171875,9.342529296875));
#4393 = CARTESIAN_POINT('',(112.95361328125,9.145874023438));
#4394 = CARTESIAN_POINT('',(113.02612304687,8.863525390625));
#4395 = ( GEOMETRIC_REPRESENTATION_CONTEXT(2) 
PARAMETRIC_REPRESENTATION_CONTEXT() REPRESENTATION_CONTEXT('2D SPACE',''
  ) );
#4396 = PCURVE('',#4397,#4404);
#4397 = SURFACE_OF_LINEAR_EXTRUSION('',#4398,#4402);
#4398 = B_SPLINE_CURVE_WITH_KNOTS('',2,(#4399,#4400,#4401),
  .UNSPECIFIED.,.F.,.F.,(3,3),(0.,1.),.PIECEWISE_BEZIER_KNOTS.);
#4399 = CARTESIAN_POINT('',(32.826171875,-8.657470703125,2.5));
#4400 = CARTESIAN_POINT('',(32.95361328125,-8.854125976562,2.5));
#4401 = CARTESIAN_POINT('',(33.026123046875,-9.136474609375,2.5));
#4402 = VECTOR('',#4403,1.);
#4403 = DIRECTION('',(0.,0.,1.));
#4404 = DEFINITIONAL_REPRESENTATION('',(#4405),#4409);
#4405 = LINE('',#4406,#4407);
#4406 = CARTESIAN_POINT('',(0.,0.));
#4407 = VECTOR('',#4408,1.);
#4408 = DIRECTION('',(1.,0.));
#4409 = ( GEOMETRIC_REPRESENTATION_CONTEXT(2) 
PARAMETRIC_REPRESENTATION_CONTEXT() REPRESENTATION_CONTEXT('2D SPACE',''
  ) );
#4410 = ORIENTED_EDGE('',*,*,#4411,.T.);
#4411 = EDGE_CURVE('',#4382,#4412,#4414,.T.);
#4412 = VERTEX_POINT('',#4413);
#4413 = CARTESIAN_POINT('',(33.0986328125,-9.897827148438,2.5));
#4414 = SURFACE_CURVE('',#4415,(#4419,#4426),.PCURVE_S1.);
#4415 = B_SPLINE_CURVE_WITH_KNOTS('',2,(#4416,#4417,#4418),
  .UNSPECIFIED.,.F.,.F.,(3,3),(0.,1.),.PIECEWISE_BEZIER_KNOTS.);
#4416 = CARTESIAN_POINT('',(33.026123046875,-9.136474609375,2.5));
#4417 = CARTESIAN_POINT('',(33.0986328125,-9.418823242188,2.5));
#4418 = CARTESIAN_POINT('',(33.0986328125,-9.897827148438,2.5));
#4419 = PCURVE('',#126,#4420);
#4420 = DEFINITIONAL_REPRESENTATION('',(#4421),#4425);
#4421 = B_SPLINE_CURVE_WITH_KNOTS('',2,(#4422,#4423,#4424),
  .UNSPECIFIED.,.F.,.F.,(3,3),(0.,1.),.PIECEWISE_BEZIER_KNOTS.);
#4422 = CARTESIAN_POINT('',(113.02612304687,8.863525390625));
#4423 = CARTESIAN_POINT('',(113.0986328125,8.581176757812));
#4424 = CARTESIAN_POINT('',(113.0986328125,8.102172851562));
#4425 = ( GEOMETRIC_REPRESENTATION_CONTEXT(2) 
PARAMETRIC_REPRESENTATION_CONTEXT() REPRESENTATION_CONTEXT('2D SPACE',''
  ) );
#4426 = PCURVE('',#4427,#4434);
#4427 = SURFACE_OF_LINEAR_EXTRUSION('',#4428,#4432);
#4428 = B_SPLINE_CURVE_WITH_KNOTS('',2,(#4429,#4430,#4431),
  .UNSPECIFIED.,.F.,.F.,(3,3),(0.,1.),.PIECEWISE_BEZIER_KNOTS.);
#4429 = CARTESIAN_POINT('',(33.026123046875,-9.136474609375,2.5));
#4430 = CARTESIAN_POINT('',(33.0986328125,-9.418823242188,2.5));
#4431 = CARTESIAN_POINT('',(33.0986328125,-9.897827148438,2.5));
#4432 = VECTOR('',#4433,1.);
#4433 = DIRECTION('',(0.,0.,1.));
#4434 = DEFINITIONAL_REPRESENTATION('',(#4435),#4439);
#4435 = LINE('',#4436,#4437);
#4436 = CARTESIAN_POINT('',(0.,0.));
#4437 = VECTOR('',#4438,1.);
#4438 = DIRECTION('',(1.,0.));
#4439 = ( GEOMETRIC_REPRESENTATION_CONTEXT(2) 
PARAMETRIC_REPRESENTATION_CONTEXT() REPRESENTATION_CONTEXT('2D SPACE',''
  ) );
#4440 = ORIENTED_EDGE('',*,*,#4441,.T.);
#4441 = EDGE_CURVE('',#4412,#4442,#4444,.T.);
#4442 = VERTEX_POINT('',#4443);
#4443 = CARTESIAN_POINT('',(32.982177734375,-10.81298828125,2.5));
#4444 = SURFACE_CURVE('',#4445,(#4449,#4456),.PCURVE_S1.);
#4445 = B_SPLINE_CURVE_WITH_KNOTS('',2,(#4446,#4447,#4448),
  .UNSPECIFIED.,.F.,.F.,(3,3),(0.,1.),.PIECEWISE_BEZIER_KNOTS.);
#4446 = CARTESIAN_POINT('',(33.0986328125,-9.897827148438,2.5));
#4447 = CARTESIAN_POINT('',(33.0986328125,-10.46472167968,2.5));
#4448 = CARTESIAN_POINT('',(32.982177734375,-10.81298828125,2.5));
#4449 = PCURVE('',#126,#4450);
#4450 = DEFINITIONAL_REPRESENTATION('',(#4451),#4455);
#4451 = B_SPLINE_CURVE_WITH_KNOTS('',2,(#4452,#4453,#4454),
  .UNSPECIFIED.,.F.,.F.,(3,3),(0.,1.),.PIECEWISE_BEZIER_KNOTS.);
#4452 = CARTESIAN_POINT('',(113.0986328125,8.102172851562));
#4453 = CARTESIAN_POINT('',(113.0986328125,7.535278320312));
#4454 = CARTESIAN_POINT('',(112.98217773437,7.18701171875));
#4455 = ( GEOMETRIC_REPRESENTATION_CONTEXT(2) 
PARAMETRIC_REPRESENTATION_CONTEXT() REPRESENTATION_CONTEXT('2D SPACE',''
  ) );
#4456 = PCURVE('',#4457,#4464);
#4457 = SURFACE_OF_LINEAR_EXTRUSION('',#4458,#4462);
#4458 = B_SPLINE_CURVE_WITH_KNOTS('',2,(#4459,#4460,#4461),
  .UNSPECIFIED.,.F.,.F.,(3,3),(0.,1.),.PIECEWISE_BEZIER_KNOTS.);
#4459 = CARTESIAN_POINT('',(33.0986328125,-9.897827148438,2.5));
#4460 = CARTESIAN_POINT('',(33.0986328125,-10.46472167968,2.5));
#4461 = CARTESIAN_POINT('',(32.982177734375,-10.81298828125,2.5));
#4462 = VECTOR('',#4463,1.);
#4463 = DIRECTION('',(0.,0.,1.));
#4464 = DEFINITIONAL_REPRESENTATION('',(#4465),#4469);
#4465 = LINE('',#4466,#4467);
#4466 = CARTESIAN_POINT('',(0.,0.));
#4467 = VECTOR('',#4468,1.);
#4468 = DIRECTION('',(1.,0.));
#4469 = ( GEOMETRIC_REPRESENTATION_CONTEXT(2) 
PARAMETRIC_REPRESENTATION_CONTEXT() REPRESENTATION_CONTEXT('2D SPACE',''
  ) );
#4470 = ORIENTED_EDGE('',*,*,#4471,.T.);
#4471 = EDGE_CURVE('',#4442,#4472,#4474,.T.);
#4472 = VERTEX_POINT('',#4473);
#4473 = CARTESIAN_POINT('',(32.633911132812,-11.35131835937,2.5));
#4474 = SURFACE_CURVE('',#4475,(#4479,#4486),.PCURVE_S1.);
#4475 = B_SPLINE_CURVE_WITH_KNOTS('',2,(#4476,#4477,#4478),
  .UNSPECIFIED.,.F.,.F.,(3,3),(0.,1.),.PIECEWISE_BEZIER_KNOTS.);
#4476 = CARTESIAN_POINT('',(32.982177734375,-10.81298828125,2.5));
#4477 = CARTESIAN_POINT('',(32.86572265625,-11.16125488281,2.5));
#4478 = CARTESIAN_POINT('',(32.633911132812,-11.35131835937,2.5));
#4479 = PCURVE('',#126,#4480);
#4480 = DEFINITIONAL_REPRESENTATION('',(#4481),#4485);
#4481 = B_SPLINE_CURVE_WITH_KNOTS('',2,(#4482,#4483,#4484),
  .UNSPECIFIED.,.F.,.F.,(3,3),(0.,1.),.PIECEWISE_BEZIER_KNOTS.);
#4482 = CARTESIAN_POINT('',(112.98217773437,7.18701171875));
#4483 = CARTESIAN_POINT('',(112.86572265625,6.838745117188));
#4484 = CARTESIAN_POINT('',(112.63391113281,6.648681640625));
#4485 = ( GEOMETRIC_REPRESENTATION_CONTEXT(2) 
PARAMETRIC_REPRESENTATION_CONTEXT() REPRESENTATION_CONTEXT('2D SPACE',''
  ) );
#4486 = PCURVE('',#4487,#4494);
#4487 = SURFACE_OF_LINEAR_EXTRUSION('',#4488,#4492);
#4488 = B_SPLINE_CURVE_WITH_KNOTS('',2,(#4489,#4490,#4491),
  .UNSPECIFIED.,.F.,.F.,(3,3),(0.,1.),.PIECEWISE_BEZIER_KNOTS.);
#4489 = CARTESIAN_POINT('',(32.982177734375,-10.81298828125,2.5));
#4490 = CARTESIAN_POINT('',(32.86572265625,-11.16125488281,2.5));
#4491 = CARTESIAN_POINT('',(32.633911132812,-11.35131835937,2.5));
#4492 = VECTOR('',#4493,1.);
#4493 = DIRECTION('',(0.,0.,1.));
#4494 = DEFINITIONAL_REPRESENTATION('',(#4495),#4499);
#4495 = LINE('',#4496,#4497);
#4496 = CARTESIAN_POINT('',(0.,0.));
#4497 = VECTOR('',#4498,1.);
#4498 = DIRECTION('',(1.,0.));
#4499 = ( GEOMETRIC_REPRESENTATION_CONTEXT(2) 
PARAMETRIC_REPRESENTATION_CONTEXT() REPRESENTATION_CONTEXT('2D SPACE',''
  ) );
#4500 = ORIENTED_EDGE('',*,*,#4501,.T.);
#4501 = EDGE_CURVE('',#4472,#4502,#4504,.T.);
#4502 = VERTEX_POINT('',#4503);
#4503 = CARTESIAN_POINT('',(32.04833984375,-11.54138183593,2.5));
#4504 = SURFACE_CURVE('',#4505,(#4509,#4516),.PCURVE_S1.);
#4505 = B_SPLINE_CURVE_WITH_KNOTS('',2,(#4506,#4507,#4508),
  .UNSPECIFIED.,.F.,.F.,(3,3),(0.,1.),.PIECEWISE_BEZIER_KNOTS.);
#4506 = CARTESIAN_POINT('',(32.633911132812,-11.35131835937,2.5));
#4507 = CARTESIAN_POINT('',(32.402099609375,-11.54138183593,2.5));
#4508 = CARTESIAN_POINT('',(32.04833984375,-11.54138183593,2.5));
#4509 = PCURVE('',#126,#4510);
#4510 = DEFINITIONAL_REPRESENTATION('',(#4511),#4515);
#4511 = B_SPLINE_CURVE_WITH_KNOTS('',2,(#4512,#4513,#4514),
  .UNSPECIFIED.,.F.,.F.,(3,3),(0.,1.),.PIECEWISE_BEZIER_KNOTS.);
#4512 = CARTESIAN_POINT('',(112.63391113281,6.648681640625));
#4513 = CARTESIAN_POINT('',(112.40209960937,6.458618164062));
#4514 = CARTESIAN_POINT('',(112.04833984375,6.458618164062));
#4515 = ( GEOMETRIC_REPRESENTATION_CONTEXT(2) 
PARAMETRIC_REPRESENTATION_CONTEXT() REPRESENTATION_CONTEXT('2D SPACE',''
  ) );
#4516 = PCURVE('',#4517,#4524);
#4517 = SURFACE_OF_LINEAR_EXTRUSION('',#4518,#4522);
#4518 = B_SPLINE_CURVE_WITH_KNOTS('',2,(#4519,#4520,#4521),
  .UNSPECIFIED.,.F.,.F.,(3,3),(0.,1.),.PIECEWISE_BEZIER_KNOTS.);
#4519 = CARTESIAN_POINT('',(32.633911132812,-11.35131835937,2.5));
#4520 = CARTESIAN_POINT('',(32.402099609375,-11.54138183593,2.5));
#4521 = CARTESIAN_POINT('',(32.04833984375,-11.54138183593,2.5));
#4522 = VECTOR('',#4523,1.);
#4523 = DIRECTION('',(0.,0.,1.));
#4524 = DEFINITIONAL_REPRESENTATION('',(#4525),#4529);
#4525 = LINE('',#4526,#4527);
#4526 = CARTESIAN_POINT('',(0.,0.));
#4527 = VECTOR('',#4528,1.);
#4528 = DIRECTION('',(1.,0.));
#4529 = ( GEOMETRIC_REPRESENTATION_CONTEXT(2) 
PARAMETRIC_REPRESENTATION_CONTEXT() REPRESENTATION_CONTEXT('2D SPACE',''
  ) );
#4530 = ORIENTED_EDGE('',*,*,#4531,.T.);
#4531 = EDGE_CURVE('',#4502,#4200,#4532,.T.);
#4532 = SURFACE_CURVE('',#4533,(#4537,#4544),.PCURVE_S1.);
#4533 = B_SPLINE_CURVE_WITH_KNOTS('',2,(#4534,#4535,#4536),
  .UNSPECIFIED.,.F.,.F.,(3,3),(0.,1.),.PIECEWISE_BEZIER_KNOTS.);
#4534 = CARTESIAN_POINT('',(32.04833984375,-11.54138183593,2.5));
#4535 = CARTESIAN_POINT('',(31.58251953125,-11.54138183593,2.5));
#4536 = CARTESIAN_POINT('',(31.316650390625,-11.20739746093,2.5));
#4537 = PCURVE('',#126,#4538);
#4538 = DEFINITIONAL_REPRESENTATION('',(#4539),#4543);
#4539 = B_SPLINE_CURVE_WITH_KNOTS('',2,(#4540,#4541,#4542),
  .UNSPECIFIED.,.F.,.F.,(3,3),(0.,1.),.PIECEWISE_BEZIER_KNOTS.);
#4540 = CARTESIAN_POINT('',(112.04833984375,6.458618164062));
#4541 = CARTESIAN_POINT('',(111.58251953125,6.458618164062));
#4542 = CARTESIAN_POINT('',(111.31665039062,6.792602539062));
#4543 = ( GEOMETRIC_REPRESENTATION_CONTEXT(2) 
PARAMETRIC_REPRESENTATION_CONTEXT() REPRESENTATION_CONTEXT('2D SPACE',''
  ) );
#4544 = PCURVE('',#4545,#4552);
#4545 = SURFACE_OF_LINEAR_EXTRUSION('',#4546,#4550);
#4546 = B_SPLINE_CURVE_WITH_KNOTS('',2,(#4547,#4548,#4549),
  .UNSPECIFIED.,.F.,.F.,(3,3),(0.,1.),.PIECEWISE_BEZIER_KNOTS.);
#4547 = CARTESIAN_POINT('',(32.04833984375,-11.54138183593,2.5));
#4548 = CARTESIAN_POINT('',(31.58251953125,-11.54138183593,2.5));
#4549 = CARTESIAN_POINT('',(31.316650390625,-11.20739746093,2.5));
#4550 = VECTOR('',#4551,1.);
#4551 = DIRECTION('',(0.,0.,1.));
#4552 = DEFINITIONAL_REPRESENTATION('',(#4553),#4557);
#4553 = LINE('',#4554,#4555);
#4554 = CARTESIAN_POINT('',(0.,0.));
#4555 = VECTOR('',#4556,1.);
#4556 = DIRECTION('',(1.,0.));
#4557 = ( GEOMETRIC_REPRESENTATION_CONTEXT(2) 
PARAMETRIC_REPRESENTATION_CONTEXT() REPRESENTATION_CONTEXT('2D SPACE',''
  ) );
#4558 = FACE_BOUND('',#4559,.T.);
#4559 = EDGE_LOOP('',(#4560,#4590,#4618,#4646,#4674,#4704,#4734,#4762,
    #4792));
#4560 = ORIENTED_EDGE('',*,*,#4561,.T.);
#4561 = EDGE_CURVE('',#4562,#4564,#4566,.T.);
#4562 = VERTEX_POINT('',#4563);
#4563 = CARTESIAN_POINT('',(64.23291015625,-8.252075195312,2.5));
#4564 = VERTEX_POINT('',#4565);
#4565 = CARTESIAN_POINT('',(64.48779296875,-8.252075195312,2.5));
#4566 = SURFACE_CURVE('',#4567,(#4571,#4578),.PCURVE_S1.);
#4567 = LINE('',#4568,#4569);
#4568 = CARTESIAN_POINT('',(64.23291015625,-8.252075195312,2.5));
#4569 = VECTOR('',#4570,1.);
#4570 = DIRECTION('',(1.,0.,0.));
#4571 = PCURVE('',#126,#4572);
#4572 = DEFINITIONAL_REPRESENTATION('',(#4573),#4577);
#4573 = LINE('',#4574,#4575);
#4574 = CARTESIAN_POINT('',(144.23291015625,9.747924804688));
#4575 = VECTOR('',#4576,1.);
#4576 = DIRECTION('',(1.,0.));
#4577 = ( GEOMETRIC_REPRESENTATION_CONTEXT(2) 
PARAMETRIC_REPRESENTATION_CONTEXT() REPRESENTATION_CONTEXT('2D SPACE',''
  ) );
#4578 = PCURVE('',#4579,#4584);
#4579 = PLANE('',#4580);
#4580 = AXIS2_PLACEMENT_3D('',#4581,#4582,#4583);
#4581 = CARTESIAN_POINT('',(64.23291015625,-8.252075195312,2.5));
#4582 = DIRECTION('',(0.,-1.,0.));
#4583 = DIRECTION('',(1.,0.,0.));
#4584 = DEFINITIONAL_REPRESENTATION('',(#4585),#4589);
#4585 = LINE('',#4586,#4587);
#4586 = CARTESIAN_POINT('',(0.,0.));
#4587 = VECTOR('',#4588,1.);
#4588 = DIRECTION('',(1.,0.));
#4589 = ( GEOMETRIC_REPRESENTATION_CONTEXT(2) 
PARAMETRIC_REPRESENTATION_CONTEXT() REPRESENTATION_CONTEXT('2D SPACE',''
  ) );
#4590 = ORIENTED_EDGE('',*,*,#4591,.T.);
#4591 = EDGE_CURVE('',#4564,#4592,#4594,.T.);
#4592 = VERTEX_POINT('',#4593);
#4593 = CARTESIAN_POINT('',(64.48779296875,-11.48645019531,2.5));
#4594 = SURFACE_CURVE('',#4595,(#4599,#4606),.PCURVE_S1.);
#4595 = LINE('',#4596,#4597);
#4596 = CARTESIAN_POINT('',(64.48779296875,-8.252075195312,2.5));
#4597 = VECTOR('',#4598,1.);
#4598 = DIRECTION('',(0.,-1.,0.));
#4599 = PCURVE('',#126,#4600);
#4600 = DEFINITIONAL_REPRESENTATION('',(#4601),#4605);
#4601 = LINE('',#4602,#4603);
#4602 = CARTESIAN_POINT('',(144.48779296875,9.747924804688));
#4603 = VECTOR('',#4604,1.);
#4604 = DIRECTION('',(0.,-1.));
#4605 = ( GEOMETRIC_REPRESENTATION_CONTEXT(2) 
PARAMETRIC_REPRESENTATION_CONTEXT() REPRESENTATION_CONTEXT('2D SPACE',''
  ) );
#4606 = PCURVE('',#4607,#4612);
#4607 = PLANE('',#4608);
#4608 = AXIS2_PLACEMENT_3D('',#4609,#4610,#4611);
#4609 = CARTESIAN_POINT('',(64.48779296875,-8.252075195312,2.5));
#4610 = DIRECTION('',(-1.,0.,0.));
#4611 = DIRECTION('',(0.,-1.,0.));
#4612 = DEFINITIONAL_REPRESENTATION('',(#4613),#4617);
#4613 = LINE('',#4614,#4615);
#4614 = CARTESIAN_POINT('',(0.,0.));
#4615 = VECTOR('',#4616,1.);
#4616 = DIRECTION('',(1.,0.));
#4617 = ( GEOMETRIC_REPRESENTATION_CONTEXT(2) 
PARAMETRIC_REPRESENTATION_CONTEXT() REPRESENTATION_CONTEXT('2D SPACE',''
  ) );
#4618 = ORIENTED_EDGE('',*,*,#4619,.T.);
#4619 = EDGE_CURVE('',#4592,#4620,#4622,.T.);
#4620 = VERTEX_POINT('',#4621);
#4621 = CARTESIAN_POINT('',(64.09228515625,-11.48645019531,2.5));
#4622 = SURFACE_CURVE('',#4623,(#4627,#4634),.PCURVE_S1.);
#4623 = LINE('',#4624,#4625);
#4624 = CARTESIAN_POINT('',(64.48779296875,-11.48645019531,2.5));
#4625 = VECTOR('',#4626,1.);
#4626 = DIRECTION('',(-1.,0.,0.));
#4627 = PCURVE('',#126,#4628);
#4628 = DEFINITIONAL_REPRESENTATION('',(#4629),#4633);
#4629 = LINE('',#4630,#4631);
#4630 = CARTESIAN_POINT('',(144.48779296875,6.513549804688));
#4631 = VECTOR('',#4632,1.);
#4632 = DIRECTION('',(-1.,0.));
#4633 = ( GEOMETRIC_REPRESENTATION_CONTEXT(2) 
PARAMETRIC_REPRESENTATION_CONTEXT() REPRESENTATION_CONTEXT('2D SPACE',''
  ) );
#4634 = PCURVE('',#4635,#4640);
#4635 = PLANE('',#4636);
#4636 = AXIS2_PLACEMENT_3D('',#4637,#4638,#4639);
#4637 = CARTESIAN_POINT('',(64.48779296875,-11.48645019531,2.5));
#4638 = DIRECTION('',(0.,1.,0.));
#4639 = DIRECTION('',(-1.,0.,0.));
#4640 = DEFINITIONAL_REPRESENTATION('',(#4641),#4645);
#4641 = LINE('',#4642,#4643);
#4642 = CARTESIAN_POINT('',(0.,0.));
#4643 = VECTOR('',#4644,1.);
#4644 = DIRECTION('',(1.,0.));
#4645 = ( GEOMETRIC_REPRESENTATION_CONTEXT(2) 
PARAMETRIC_REPRESENTATION_CONTEXT() REPRESENTATION_CONTEXT('2D SPACE',''
  ) );
#4646 = ORIENTED_EDGE('',*,*,#4647,.T.);
#4647 = EDGE_CURVE('',#4620,#4648,#4650,.T.);
#4648 = VERTEX_POINT('',#4649);
#4649 = CARTESIAN_POINT('',(64.09228515625,-8.966186523438,2.5));
#4650 = SURFACE_CURVE('',#4651,(#4655,#4662),.PCURVE_S1.);
#4651 = LINE('',#4652,#4653);
#4652 = CARTESIAN_POINT('',(64.09228515625,-11.48645019531,2.5));
#4653 = VECTOR('',#4654,1.);
#4654 = DIRECTION('',(0.,1.,0.));
#4655 = PCURVE('',#126,#4656);
#4656 = DEFINITIONAL_REPRESENTATION('',(#4657),#4661);
#4657 = LINE('',#4658,#4659);
#4658 = CARTESIAN_POINT('',(144.09228515625,6.513549804688));
#4659 = VECTOR('',#4660,1.);
#4660 = DIRECTION('',(0.,1.));
#4661 = ( GEOMETRIC_REPRESENTATION_CONTEXT(2) 
PARAMETRIC_REPRESENTATION_CONTEXT() REPRESENTATION_CONTEXT('2D SPACE',''
  ) );
#4662 = PCURVE('',#4663,#4668);
#4663 = PLANE('',#4664);
#4664 = AXIS2_PLACEMENT_3D('',#4665,#4666,#4667);
#4665 = CARTESIAN_POINT('',(64.09228515625,-11.48645019531,2.5));
#4666 = DIRECTION('',(1.,0.,0.));
#4667 = DIRECTION('',(0.,1.,0.));
#4668 = DEFINITIONAL_REPRESENTATION('',(#4669),#4673);
#4669 = LINE('',#4670,#4671);
#4670 = CARTESIAN_POINT('',(0.,0.));
#4671 = VECTOR('',#4672,1.);
#4672 = DIRECTION('',(1.,0.));
#4673 = ( GEOMETRIC_REPRESENTATION_CONTEXT(2) 
PARAMETRIC_REPRESENTATION_CONTEXT() REPRESENTATION_CONTEXT('2D SPACE',''
  ) );
#4674 = ORIENTED_EDGE('',*,*,#4675,.T.);
#4675 = EDGE_CURVE('',#4648,#4676,#4678,.T.);
#4676 = VERTEX_POINT('',#4677);
#4677 = CARTESIAN_POINT('',(63.717651367188,-9.238647460938,2.5));
#4678 = SURFACE_CURVE('',#4679,(#4683,#4690),.PCURVE_S1.);
#4679 = B_SPLINE_CURVE_WITH_KNOTS('',2,(#4680,#4681,#4682),
  .UNSPECIFIED.,.F.,.F.,(3,3),(0.,1.),.PIECEWISE_BEZIER_KNOTS.);
#4680 = CARTESIAN_POINT('',(64.09228515625,-8.966186523438,2.5));
#4681 = CARTESIAN_POINT('',(63.949462890625,-9.102416992188,2.5));
#4682 = CARTESIAN_POINT('',(63.717651367188,-9.238647460938,2.5));
#4683 = PCURVE('',#126,#4684);
#4684 = DEFINITIONAL_REPRESENTATION('',(#4685),#4689);
#4685 = B_SPLINE_CURVE_WITH_KNOTS('',2,(#4686,#4687,#4688),
  .UNSPECIFIED.,.F.,.F.,(3,3),(0.,1.),.PIECEWISE_BEZIER_KNOTS.);
#4686 = CARTESIAN_POINT('',(144.09228515625,9.033813476562));
#4687 = CARTESIAN_POINT('',(143.94946289062,8.897583007812));
#4688 = CARTESIAN_POINT('',(143.71765136718,8.761352539062));
#4689 = ( GEOMETRIC_REPRESENTATION_CONTEXT(2) 
PARAMETRIC_REPRESENTATION_CONTEXT() REPRESENTATION_CONTEXT('2D SPACE',''
  ) );
#4690 = PCURVE('',#4691,#4698);
#4691 = SURFACE_OF_LINEAR_EXTRUSION('',#4692,#4696);
#4692 = B_SPLINE_CURVE_WITH_KNOTS('',2,(#4693,#4694,#4695),
  .UNSPECIFIED.,.F.,.F.,(3,3),(0.,1.),.PIECEWISE_BEZIER_KNOTS.);
#4693 = CARTESIAN_POINT('',(64.09228515625,-8.966186523438,2.5));
#4694 = CARTESIAN_POINT('',(63.949462890625,-9.102416992188,2.5));
#4695 = CARTESIAN_POINT('',(63.717651367188,-9.238647460938,2.5));
#4696 = VECTOR('',#4697,1.);
#4697 = DIRECTION('',(0.,0.,1.));
#4698 = DEFINITIONAL_REPRESENTATION('',(#4699),#4703);
#4699 = LINE('',#4700,#4701);
#4700 = CARTESIAN_POINT('',(0.,0.));
#4701 = VECTOR('',#4702,1.);
#4702 = DIRECTION('',(1.,0.));
#4703 = ( GEOMETRIC_REPRESENTATION_CONTEXT(2) 
PARAMETRIC_REPRESENTATION_CONTEXT() REPRESENTATION_CONTEXT('2D SPACE',''
  ) );
#4704 = ORIENTED_EDGE('',*,*,#4705,.T.);
#4705 = EDGE_CURVE('',#4676,#4706,#4708,.T.);
#4706 = VERTEX_POINT('',#4707);
#4707 = CARTESIAN_POINT('',(63.30126953125,-9.442993164062,2.5));
#4708 = SURFACE_CURVE('',#4709,(#4713,#4720),.PCURVE_S1.);
#4709 = B_SPLINE_CURVE_WITH_KNOTS('',2,(#4710,#4711,#4712),
  .UNSPECIFIED.,.F.,.F.,(3,3),(0.,1.),.PIECEWISE_BEZIER_KNOTS.);
#4710 = CARTESIAN_POINT('',(63.717651367188,-9.238647460938,2.5));
#4711 = CARTESIAN_POINT('',(63.48583984375,-9.374877929688,2.5));
#4712 = CARTESIAN_POINT('',(63.30126953125,-9.442993164062,2.5));
#4713 = PCURVE('',#126,#4714);
#4714 = DEFINITIONAL_REPRESENTATION('',(#4715),#4719);
#4715 = B_SPLINE_CURVE_WITH_KNOTS('',2,(#4716,#4717,#4718),
  .UNSPECIFIED.,.F.,.F.,(3,3),(0.,1.),.PIECEWISE_BEZIER_KNOTS.);
#4716 = CARTESIAN_POINT('',(143.71765136718,8.761352539062));
#4717 = CARTESIAN_POINT('',(143.48583984375,8.625122070312));
#4718 = CARTESIAN_POINT('',(143.30126953125,8.557006835938));
#4719 = ( GEOMETRIC_REPRESENTATION_CONTEXT(2) 
PARAMETRIC_REPRESENTATION_CONTEXT() REPRESENTATION_CONTEXT('2D SPACE',''
  ) );
#4720 = PCURVE('',#4721,#4728);
#4721 = SURFACE_OF_LINEAR_EXTRUSION('',#4722,#4726);
#4722 = B_SPLINE_CURVE_WITH_KNOTS('',2,(#4723,#4724,#4725),
  .UNSPECIFIED.,.F.,.F.,(3,3),(0.,1.),.PIECEWISE_BEZIER_KNOTS.);
#4723 = CARTESIAN_POINT('',(63.717651367188,-9.238647460938,2.5));
#4724 = CARTESIAN_POINT('',(63.48583984375,-9.374877929688,2.5));
#4725 = CARTESIAN_POINT('',(63.30126953125,-9.442993164062,2.5));
#4726 = VECTOR('',#4727,1.);
#4727 = DIRECTION('',(0.,0.,1.));
#4728 = DEFINITIONAL_REPRESENTATION('',(#4729),#4733);
#4729 = LINE('',#4730,#4731);
#4730 = CARTESIAN_POINT('',(0.,0.));
#4731 = VECTOR('',#4732,1.);
#4732 = DIRECTION('',(1.,0.));
#4733 = ( GEOMETRIC_REPRESENTATION_CONTEXT(2) 
PARAMETRIC_REPRESENTATION_CONTEXT() REPRESENTATION_CONTEXT('2D SPACE',''
  ) );
#4734 = ORIENTED_EDGE('',*,*,#4735,.T.);
#4735 = EDGE_CURVE('',#4706,#4736,#4738,.T.);
#4736 = VERTEX_POINT('',#4737);
#4737 = CARTESIAN_POINT('',(63.30126953125,-9.060668945312,2.5));
#4738 = SURFACE_CURVE('',#4739,(#4743,#4750),.PCURVE_S1.);
#4739 = LINE('',#4740,#4741);
#4740 = CARTESIAN_POINT('',(63.30126953125,-9.442993164062,2.5));
#4741 = VECTOR('',#4742,1.);
#4742 = DIRECTION('',(0.,1.,0.));
#4743 = PCURVE('',#126,#4744);
#4744 = DEFINITIONAL_REPRESENTATION('',(#4745),#4749);
#4745 = LINE('',#4746,#4747);
#4746 = CARTESIAN_POINT('',(143.30126953125,8.557006835938));
#4747 = VECTOR('',#4748,1.);
#4748 = DIRECTION('',(0.,1.));
#4749 = ( GEOMETRIC_REPRESENTATION_CONTEXT(2) 
PARAMETRIC_REPRESENTATION_CONTEXT() REPRESENTATION_CONTEXT('2D SPACE',''
  ) );
#4750 = PCURVE('',#4751,#4756);
#4751 = PLANE('',#4752);
#4752 = AXIS2_PLACEMENT_3D('',#4753,#4754,#4755);
#4753 = CARTESIAN_POINT('',(63.30126953125,-9.442993164062,2.5));
#4754 = DIRECTION('',(1.,0.,0.));
#4755 = DIRECTION('',(0.,1.,0.));
#4756 = DEFINITIONAL_REPRESENTATION('',(#4757),#4761);
#4757 = LINE('',#4758,#4759);
#4758 = CARTESIAN_POINT('',(0.,0.));
#4759 = VECTOR('',#4760,1.);
#4760 = DIRECTION('',(1.,0.));
#4761 = ( GEOMETRIC_REPRESENTATION_CONTEXT(2) 
PARAMETRIC_REPRESENTATION_CONTEXT() REPRESENTATION_CONTEXT('2D SPACE',''
  ) );
#4762 = ORIENTED_EDGE('',*,*,#4763,.T.);
#4763 = EDGE_CURVE('',#4736,#4764,#4766,.T.);
#4764 = VERTEX_POINT('',#4765);
#4765 = CARTESIAN_POINT('',(63.88134765625,-8.682739257812,2.5));
#4766 = SURFACE_CURVE('',#4767,(#4771,#4778),.PCURVE_S1.);
#4767 = B_SPLINE_CURVE_WITH_KNOTS('',2,(#4768,#4769,#4770),
  .UNSPECIFIED.,.F.,.F.,(3,3),(0.,1.),.PIECEWISE_BEZIER_KNOTS.);
#4768 = CARTESIAN_POINT('',(63.30126953125,-9.060668945312,2.5));
#4769 = CARTESIAN_POINT('',(63.633056640625,-8.904663085938,2.5));
#4770 = CARTESIAN_POINT('',(63.88134765625,-8.682739257812,2.5));
#4771 = PCURVE('',#126,#4772);
#4772 = DEFINITIONAL_REPRESENTATION('',(#4773),#4777);
#4773 = B_SPLINE_CURVE_WITH_KNOTS('',2,(#4774,#4775,#4776),
  .UNSPECIFIED.,.F.,.F.,(3,3),(0.,1.),.PIECEWISE_BEZIER_KNOTS.);
#4774 = CARTESIAN_POINT('',(143.30126953125,8.939331054688));
#4775 = CARTESIAN_POINT('',(143.63305664062,9.095336914062));
#4776 = CARTESIAN_POINT('',(143.88134765625,9.317260742188));
#4777 = ( GEOMETRIC_REPRESENTATION_CONTEXT(2) 
PARAMETRIC_REPRESENTATION_CONTEXT() REPRESENTATION_CONTEXT('2D SPACE',''
  ) );
#4778 = PCURVE('',#4779,#4786);
#4779 = SURFACE_OF_LINEAR_EXTRUSION('',#4780,#4784);
#4780 = B_SPLINE_CURVE_WITH_KNOTS('',2,(#4781,#4782,#4783),
  .UNSPECIFIED.,.F.,.F.,(3,3),(0.,1.),.PIECEWISE_BEZIER_KNOTS.);
#4781 = CARTESIAN_POINT('',(63.30126953125,-9.060668945312,2.5));
#4782 = CARTESIAN_POINT('',(63.633056640625,-8.904663085938,2.5));
#4783 = CARTESIAN_POINT('',(63.88134765625,-8.682739257812,2.5));
#4784 = VECTOR('',#4785,1.);
#4785 = DIRECTION('',(0.,0.,1.));
#4786 = DEFINITIONAL_REPRESENTATION('',(#4787),#4791);
#4787 = LINE('',#4788,#4789);
#4788 = CARTESIAN_POINT('',(0.,0.));
#4789 = VECTOR('',#4790,1.);
#4790 = DIRECTION('',(1.,0.));
#4791 = ( GEOMETRIC_REPRESENTATION_CONTEXT(2) 
PARAMETRIC_REPRESENTATION_CONTEXT() REPRESENTATION_CONTEXT('2D SPACE',''
  ) );
#4792 = ORIENTED_EDGE('',*,*,#4793,.T.);
#4793 = EDGE_CURVE('',#4764,#4562,#4794,.T.);
#4794 = SURFACE_CURVE('',#4795,(#4799,#4806),.PCURVE_S1.);
#4795 = B_SPLINE_CURVE_WITH_KNOTS('',2,(#4796,#4797,#4798),
  .UNSPECIFIED.,.F.,.F.,(3,3),(0.,1.),.PIECEWISE_BEZIER_KNOTS.);
#4796 = CARTESIAN_POINT('',(63.88134765625,-8.682739257812,2.5));
#4797 = CARTESIAN_POINT('',(64.129638671875,-8.460815429688,2.5));
#4798 = CARTESIAN_POINT('',(64.23291015625,-8.252075195312,2.5));
#4799 = PCURVE('',#126,#4800);
#4800 = DEFINITIONAL_REPRESENTATION('',(#4801),#4805);
#4801 = B_SPLINE_CURVE_WITH_KNOTS('',2,(#4802,#4803,#4804),
  .UNSPECIFIED.,.F.,.F.,(3,3),(0.,1.),.PIECEWISE_BEZIER_KNOTS.);
#4802 = CARTESIAN_POINT('',(143.88134765625,9.317260742188));
#4803 = CARTESIAN_POINT('',(144.12963867187,9.539184570312));
#4804 = CARTESIAN_POINT('',(144.23291015625,9.747924804688));
#4805 = ( GEOMETRIC_REPRESENTATION_CONTEXT(2) 
PARAMETRIC_REPRESENTATION_CONTEXT() REPRESENTATION_CONTEXT('2D SPACE',''
  ) );
#4806 = PCURVE('',#4807,#4814);
#4807 = SURFACE_OF_LINEAR_EXTRUSION('',#4808,#4812);
#4808 = B_SPLINE_CURVE_WITH_KNOTS('',2,(#4809,#4810,#4811),
  .UNSPECIFIED.,.F.,.F.,(3,3),(0.,1.),.PIECEWISE_BEZIER_KNOTS.);
#4809 = CARTESIAN_POINT('',(63.88134765625,-8.682739257812,2.5));
#4810 = CARTESIAN_POINT('',(64.129638671875,-8.460815429688,2.5));
#4811 = CARTESIAN_POINT('',(64.23291015625,-8.252075195312,2.5));
#4812 = VECTOR('',#4813,1.);
#4813 = DIRECTION('',(0.,0.,1.));
#4814 = DEFINITIONAL_REPRESENTATION('',(#4815),#4819);
#4815 = LINE('',#4816,#4817);
#4816 = CARTESIAN_POINT('',(0.,0.));
#4817 = VECTOR('',#4818,1.);
#4818 = DIRECTION('',(1.,0.));
#4819 = ( GEOMETRIC_REPRESENTATION_CONTEXT(2) 
PARAMETRIC_REPRESENTATION_CONTEXT() REPRESENTATION_CONTEXT('2D SPACE',''
  ) );
#4820 = FACE_BOUND('',#4821,.T.);
#4821 = EDGE_LOOP('',(#4822,#4854,#4884,#4914,#4944,#4974,#5004,#5034,
    #5064,#5094,#5124,#5154));
#4822 = ORIENTED_EDGE('',*,*,#4823,.T.);
#4823 = EDGE_CURVE('',#4824,#4826,#4828,.T.);
#4824 = VERTEX_POINT('',#4825);
#4825 = CARTESIAN_POINT('',(65.8193359375,-11.20739746093,2.5));
#4826 = VERTEX_POINT('',#4827);
#4827 = CARTESIAN_POINT('',(65.500732421875,-9.897827148438,2.5));
#4828 = SURFACE_CURVE('',#4829,(#4833,#4840),.PCURVE_S1.);
#4829 = B_SPLINE_CURVE_WITH_KNOTS('',2,(#4830,#4831,#4832),
  .UNSPECIFIED.,.F.,.F.,(3,3),(0.,1.),.PIECEWISE_BEZIER_KNOTS.);
#4830 = CARTESIAN_POINT('',(65.8193359375,-11.20739746093,2.5));
#4831 = CARTESIAN_POINT('',(65.500732421875,-10.80529785156,2.5));
#4832 = CARTESIAN_POINT('',(65.500732421875,-9.897827148438,2.5));
#4833 = PCURVE('',#126,#4834);
#4834 = DEFINITIONAL_REPRESENTATION('',(#4835),#4839);
#4835 = B_SPLINE_CURVE_WITH_KNOTS('',2,(#4836,#4837,#4838),
  .UNSPECIFIED.,.F.,.F.,(3,3),(0.,1.),.PIECEWISE_BEZIER_KNOTS.);
#4836 = CARTESIAN_POINT('',(145.8193359375,6.792602539062));
#4837 = CARTESIAN_POINT('',(145.50073242187,7.194702148438));
#4838 = CARTESIAN_POINT('',(145.50073242187,8.102172851562));
#4839 = ( GEOMETRIC_REPRESENTATION_CONTEXT(2) 
PARAMETRIC_REPRESENTATION_CONTEXT() REPRESENTATION_CONTEXT('2D SPACE',''
  ) );
#4840 = PCURVE('',#4841,#4848);
#4841 = SURFACE_OF_LINEAR_EXTRUSION('',#4842,#4846);
#4842 = B_SPLINE_CURVE_WITH_KNOTS('',2,(#4843,#4844,#4845),
  .UNSPECIFIED.,.F.,.F.,(3,3),(0.,1.),.PIECEWISE_BEZIER_KNOTS.);
#4843 = CARTESIAN_POINT('',(65.8193359375,-11.20739746093,2.5));
#4844 = CARTESIAN_POINT('',(65.500732421875,-10.80529785156,2.5));
#4845 = CARTESIAN_POINT('',(65.500732421875,-9.897827148438,2.5));
#4846 = VECTOR('',#4847,1.);
#4847 = DIRECTION('',(0.,0.,1.));
#4848 = DEFINITIONAL_REPRESENTATION('',(#4849),#4853);
#4849 = LINE('',#4850,#4851);
#4850 = CARTESIAN_POINT('',(0.,0.));
#4851 = VECTOR('',#4852,1.);
#4852 = DIRECTION('',(1.,0.));
#4853 = ( GEOMETRIC_REPRESENTATION_CONTEXT(2) 
PARAMETRIC_REPRESENTATION_CONTEXT() REPRESENTATION_CONTEXT('2D SPACE',''
  ) );
#4854 = ORIENTED_EDGE('',*,*,#4855,.T.);
#4855 = EDGE_CURVE('',#4826,#4856,#4858,.T.);
#4856 = VERTEX_POINT('',#4857);
#4857 = CARTESIAN_POINT('',(65.618286132812,-8.978271484375,2.5));
#4858 = SURFACE_CURVE('',#4859,(#4863,#4870),.PCURVE_S1.);
#4859 = B_SPLINE_CURVE_WITH_KNOTS('',2,(#4860,#4861,#4862),
  .UNSPECIFIED.,.F.,.F.,(3,3),(0.,1.),.PIECEWISE_BEZIER_KNOTS.);
#4860 = CARTESIAN_POINT('',(65.500732421875,-9.897827148438,2.5));
#4861 = CARTESIAN_POINT('',(65.500732421875,-9.326538085938,2.5));
#4862 = CARTESIAN_POINT('',(65.618286132812,-8.978271484375,2.5));
#4863 = PCURVE('',#126,#4864);
#4864 = DEFINITIONAL_REPRESENTATION('',(#4865),#4869);
#4865 = B_SPLINE_CURVE_WITH_KNOTS('',2,(#4866,#4867,#4868),
  .UNSPECIFIED.,.F.,.F.,(3,3),(0.,1.),.PIECEWISE_BEZIER_KNOTS.);
#4866 = CARTESIAN_POINT('',(145.50073242187,8.102172851562));
#4867 = CARTESIAN_POINT('',(145.50073242187,8.673461914062));
#4868 = CARTESIAN_POINT('',(145.61828613281,9.021728515625));
#4869 = ( GEOMETRIC_REPRESENTATION_CONTEXT(2) 
PARAMETRIC_REPRESENTATION_CONTEXT() REPRESENTATION_CONTEXT('2D SPACE',''
  ) );
#4870 = PCURVE('',#4871,#4878);
#4871 = SURFACE_OF_LINEAR_EXTRUSION('',#4872,#4876);
#4872 = B_SPLINE_CURVE_WITH_KNOTS('',2,(#4873,#4874,#4875),
  .UNSPECIFIED.,.F.,.F.,(3,3),(0.,1.),.PIECEWISE_BEZIER_KNOTS.);
#4873 = CARTESIAN_POINT('',(65.500732421875,-9.897827148438,2.5));
#4874 = CARTESIAN_POINT('',(65.500732421875,-9.326538085938,2.5));
#4875 = CARTESIAN_POINT('',(65.618286132812,-8.978271484375,2.5));
#4876 = VECTOR('',#4877,1.);
#4877 = DIRECTION('',(0.,0.,1.));
#4878 = DEFINITIONAL_REPRESENTATION('',(#4879),#4883);
#4879 = LINE('',#4880,#4881);
#4880 = CARTESIAN_POINT('',(0.,0.));
#4881 = VECTOR('',#4882,1.);
#4882 = DIRECTION('',(1.,0.));
#4883 = ( GEOMETRIC_REPRESENTATION_CONTEXT(2) 
PARAMETRIC_REPRESENTATION_CONTEXT() REPRESENTATION_CONTEXT('2D SPACE',''
  ) );
#4884 = ORIENTED_EDGE('',*,*,#4885,.T.);
#4885 = EDGE_CURVE('',#4856,#4886,#4888,.T.);
#4886 = VERTEX_POINT('',#4887);
#4887 = CARTESIAN_POINT('',(65.967651367188,-8.441040039062,2.5));
#4888 = SURFACE_CURVE('',#4889,(#4893,#4900),.PCURVE_S1.);
#4889 = B_SPLINE_CURVE_WITH_KNOTS('',2,(#4890,#4891,#4892),
  .UNSPECIFIED.,.F.,.F.,(3,3),(0.,1.),.PIECEWISE_BEZIER_KNOTS.);
#4890 = CARTESIAN_POINT('',(65.618286132812,-8.978271484375,2.5));
#4891 = CARTESIAN_POINT('',(65.73583984375,-8.630004882812,2.5));
#4892 = CARTESIAN_POINT('',(65.967651367188,-8.441040039062,2.5));
#4893 = PCURVE('',#126,#4894);
#4894 = DEFINITIONAL_REPRESENTATION('',(#4895),#4899);
#4895 = B_SPLINE_CURVE_WITH_KNOTS('',2,(#4896,#4897,#4898),
  .UNSPECIFIED.,.F.,.F.,(3,3),(0.,1.),.PIECEWISE_BEZIER_KNOTS.);
#4896 = CARTESIAN_POINT('',(145.61828613281,9.021728515625));
#4897 = CARTESIAN_POINT('',(145.73583984375,9.369995117188));
#4898 = CARTESIAN_POINT('',(145.96765136718,9.558959960938));
#4899 = ( GEOMETRIC_REPRESENTATION_CONTEXT(2) 
PARAMETRIC_REPRESENTATION_CONTEXT() REPRESENTATION_CONTEXT('2D SPACE',''
  ) );
#4900 = PCURVE('',#4901,#4908);
#4901 = SURFACE_OF_LINEAR_EXTRUSION('',#4902,#4906);
#4902 = B_SPLINE_CURVE_WITH_KNOTS('',2,(#4903,#4904,#4905),
  .UNSPECIFIED.,.F.,.F.,(3,3),(0.,1.),.PIECEWISE_BEZIER_KNOTS.);
#4903 = CARTESIAN_POINT('',(65.618286132812,-8.978271484375,2.5));
#4904 = CARTESIAN_POINT('',(65.73583984375,-8.630004882812,2.5));
#4905 = CARTESIAN_POINT('',(65.967651367188,-8.441040039062,2.5));
#4906 = VECTOR('',#4907,1.);
#4907 = DIRECTION('',(0.,0.,1.));
#4908 = DEFINITIONAL_REPRESENTATION('',(#4909),#4913);
#4909 = LINE('',#4910,#4911);
#4910 = CARTESIAN_POINT('',(0.,0.));
#4911 = VECTOR('',#4912,1.);
#4912 = DIRECTION('',(1.,0.));
#4913 = ( GEOMETRIC_REPRESENTATION_CONTEXT(2) 
PARAMETRIC_REPRESENTATION_CONTEXT() REPRESENTATION_CONTEXT('2D SPACE',''
  ) );
#4914 = ORIENTED_EDGE('',*,*,#4915,.T.);
#4915 = EDGE_CURVE('',#4886,#4916,#4918,.T.);
#4916 = VERTEX_POINT('',#4917);
#4917 = CARTESIAN_POINT('',(66.551025390625,-8.252075195312,2.5));
#4918 = SURFACE_CURVE('',#4919,(#4923,#4930),.PCURVE_S1.);
#4919 = B_SPLINE_CURVE_WITH_KNOTS('',2,(#4920,#4921,#4922),
  .UNSPECIFIED.,.F.,.F.,(3,3),(0.,1.),.PIECEWISE_BEZIER_KNOTS.);
#4920 = CARTESIAN_POINT('',(65.967651367188,-8.441040039062,2.5));
#4921 = CARTESIAN_POINT('',(66.199462890625,-8.252075195312,2.5));
#4922 = CARTESIAN_POINT('',(66.551025390625,-8.252075195312,2.5));
#4923 = PCURVE('',#126,#4924);
#4924 = DEFINITIONAL_REPRESENTATION('',(#4925),#4929);
#4925 = B_SPLINE_CURVE_WITH_KNOTS('',2,(#4926,#4927,#4928),
  .UNSPECIFIED.,.F.,.F.,(3,3),(0.,1.),.PIECEWISE_BEZIER_KNOTS.);
#4926 = CARTESIAN_POINT('',(145.96765136718,9.558959960938));
#4927 = CARTESIAN_POINT('',(146.19946289062,9.747924804688));
#4928 = CARTESIAN_POINT('',(146.55102539062,9.747924804688));
#4929 = ( GEOMETRIC_REPRESENTATION_CONTEXT(2) 
PARAMETRIC_REPRESENTATION_CONTEXT() REPRESENTATION_CONTEXT('2D SPACE',''
  ) );
#4930 = PCURVE('',#4931,#4938);
#4931 = SURFACE_OF_LINEAR_EXTRUSION('',#4932,#4936);
#4932 = B_SPLINE_CURVE_WITH_KNOTS('',2,(#4933,#4934,#4935),
  .UNSPECIFIED.,.F.,.F.,(3,3),(0.,1.),.PIECEWISE_BEZIER_KNOTS.);
#4933 = CARTESIAN_POINT('',(65.967651367188,-8.441040039062,2.5));
#4934 = CARTESIAN_POINT('',(66.199462890625,-8.252075195312,2.5));
#4935 = CARTESIAN_POINT('',(66.551025390625,-8.252075195312,2.5));
#4936 = VECTOR('',#4937,1.);
#4937 = DIRECTION('',(0.,0.,1.));
#4938 = DEFINITIONAL_REPRESENTATION('',(#4939),#4943);
#4939 = LINE('',#4940,#4941);
#4940 = CARTESIAN_POINT('',(0.,0.));
#4941 = VECTOR('',#4942,1.);
#4942 = DIRECTION('',(1.,0.));
#4943 = ( GEOMETRIC_REPRESENTATION_CONTEXT(2) 
PARAMETRIC_REPRESENTATION_CONTEXT() REPRESENTATION_CONTEXT('2D SPACE',''
  ) );
#4944 = ORIENTED_EDGE('',*,*,#4945,.T.);
#4945 = EDGE_CURVE('',#4916,#4946,#4948,.T.);
#4946 = VERTEX_POINT('',#4947);
#4947 = CARTESIAN_POINT('',(67.005859375,-8.3564453125,2.5));
#4948 = SURFACE_CURVE('',#4949,(#4953,#4960),.PCURVE_S1.);
#4949 = B_SPLINE_CURVE_WITH_KNOTS('',2,(#4950,#4951,#4952),
  .UNSPECIFIED.,.F.,.F.,(3,3),(0.,1.),.PIECEWISE_BEZIER_KNOTS.);
#4950 = CARTESIAN_POINT('',(66.551025390625,-8.252075195312,2.5));
#4951 = CARTESIAN_POINT('',(66.810302734375,-8.252075195312,2.5));
#4952 = CARTESIAN_POINT('',(67.005859375,-8.3564453125,2.5));
#4953 = PCURVE('',#126,#4954);
#4954 = DEFINITIONAL_REPRESENTATION('',(#4955),#4959);
#4955 = B_SPLINE_CURVE_WITH_KNOTS('',2,(#4956,#4957,#4958),
  .UNSPECIFIED.,.F.,.F.,(3,3),(0.,1.),.PIECEWISE_BEZIER_KNOTS.);
#4956 = CARTESIAN_POINT('',(146.55102539062,9.747924804688));
#4957 = CARTESIAN_POINT('',(146.81030273437,9.747924804688));
#4958 = CARTESIAN_POINT('',(147.005859375,9.6435546875));
#4959 = ( GEOMETRIC_REPRESENTATION_CONTEXT(2) 
PARAMETRIC_REPRESENTATION_CONTEXT() REPRESENTATION_CONTEXT('2D SPACE',''
  ) );
#4960 = PCURVE('',#4961,#4968);
#4961 = SURFACE_OF_LINEAR_EXTRUSION('',#4962,#4966);
#4962 = B_SPLINE_CURVE_WITH_KNOTS('',2,(#4963,#4964,#4965),
  .UNSPECIFIED.,.F.,.F.,(3,3),(0.,1.),.PIECEWISE_BEZIER_KNOTS.);
#4963 = CARTESIAN_POINT('',(66.551025390625,-8.252075195312,2.5));
#4964 = CARTESIAN_POINT('',(66.810302734375,-8.252075195312,2.5));
#4965 = CARTESIAN_POINT('',(67.005859375,-8.3564453125,2.5));
#4966 = VECTOR('',#4967,1.);
#4967 = DIRECTION('',(0.,0.,1.));
#4968 = DEFINITIONAL_REPRESENTATION('',(#4969),#4973);
#4969 = LINE('',#4970,#4971);
#4970 = CARTESIAN_POINT('',(0.,0.));
#4971 = VECTOR('',#4972,1.);
#4972 = DIRECTION('',(1.,0.));
#4973 = ( GEOMETRIC_REPRESENTATION_CONTEXT(2) 
PARAMETRIC_REPRESENTATION_CONTEXT() REPRESENTATION_CONTEXT('2D SPACE',''
  ) );
#4974 = ORIENTED_EDGE('',*,*,#4975,.T.);
#4975 = EDGE_CURVE('',#4946,#4976,#4978,.T.);
#4976 = VERTEX_POINT('',#4977);
#4977 = CARTESIAN_POINT('',(67.328857421875,-8.657470703125,2.5));
#4978 = SURFACE_CURVE('',#4979,(#4983,#4990),.PCURVE_S1.);
#4979 = B_SPLINE_CURVE_WITH_KNOTS('',2,(#4980,#4981,#4982),
  .UNSPECIFIED.,.F.,.F.,(3,3),(0.,1.),.PIECEWISE_BEZIER_KNOTS.);
#4980 = CARTESIAN_POINT('',(67.005859375,-8.3564453125,2.5));
#4981 = CARTESIAN_POINT('',(67.201416015625,-8.460815429688,2.5));
#4982 = CARTESIAN_POINT('',(67.328857421875,-8.657470703125,2.5));
#4983 = PCURVE('',#126,#4984);
#4984 = DEFINITIONAL_REPRESENTATION('',(#4985),#4989);
#4985 = B_SPLINE_CURVE_WITH_KNOTS('',2,(#4986,#4987,#4988),
  .UNSPECIFIED.,.F.,.F.,(3,3),(0.,1.),.PIECEWISE_BEZIER_KNOTS.);
#4986 = CARTESIAN_POINT('',(147.005859375,9.6435546875));
#4987 = CARTESIAN_POINT('',(147.20141601562,9.539184570312));
#4988 = CARTESIAN_POINT('',(147.32885742187,9.342529296875));
#4989 = ( GEOMETRIC_REPRESENTATION_CONTEXT(2) 
PARAMETRIC_REPRESENTATION_CONTEXT() REPRESENTATION_CONTEXT('2D SPACE',''
  ) );
#4990 = PCURVE('',#4991,#4998);
#4991 = SURFACE_OF_LINEAR_EXTRUSION('',#4992,#4996);
#4992 = B_SPLINE_CURVE_WITH_KNOTS('',2,(#4993,#4994,#4995),
  .UNSPECIFIED.,.F.,.F.,(3,3),(0.,1.),.PIECEWISE_BEZIER_KNOTS.);
#4993 = CARTESIAN_POINT('',(67.005859375,-8.3564453125,2.5));
#4994 = CARTESIAN_POINT('',(67.201416015625,-8.460815429688,2.5));
#4995 = CARTESIAN_POINT('',(67.328857421875,-8.657470703125,2.5));
#4996 = VECTOR('',#4997,1.);
#4997 = DIRECTION('',(0.,0.,1.));
#4998 = DEFINITIONAL_REPRESENTATION('',(#4999),#5003);
#4999 = LINE('',#5000,#5001);
#5000 = CARTESIAN_POINT('',(0.,0.));
#5001 = VECTOR('',#5002,1.);
#5002 = DIRECTION('',(1.,0.));
#5003 = ( GEOMETRIC_REPRESENTATION_CONTEXT(2) 
PARAMETRIC_REPRESENTATION_CONTEXT() REPRESENTATION_CONTEXT('2D SPACE',''
  ) );
#5004 = ORIENTED_EDGE('',*,*,#5005,.T.);
#5005 = EDGE_CURVE('',#4976,#5006,#5008,.T.);
#5006 = VERTEX_POINT('',#5007);
#5007 = CARTESIAN_POINT('',(67.52880859375,-9.136474609375,2.5));
#5008 = SURFACE_CURVE('',#5009,(#5013,#5020),.PCURVE_S1.);
#5009 = B_SPLINE_CURVE_WITH_KNOTS('',2,(#5010,#5011,#5012),
  .UNSPECIFIED.,.F.,.F.,(3,3),(0.,1.),.PIECEWISE_BEZIER_KNOTS.);
#5010 = CARTESIAN_POINT('',(67.328857421875,-8.657470703125,2.5));
#5011 = CARTESIAN_POINT('',(67.456298828125,-8.854125976562,2.5));
#5012 = CARTESIAN_POINT('',(67.52880859375,-9.136474609375,2.5));
#5013 = PCURVE('',#126,#5014);
#5014 = DEFINITIONAL_REPRESENTATION('',(#5015),#5019);
#5015 = B_SPLINE_CURVE_WITH_KNOTS('',2,(#5016,#5017,#5018),
  .UNSPECIFIED.,.F.,.F.,(3,3),(0.,1.),.PIECEWISE_BEZIER_KNOTS.);
#5016 = CARTESIAN_POINT('',(147.32885742187,9.342529296875));
#5017 = CARTESIAN_POINT('',(147.45629882812,9.145874023438));
#5018 = CARTESIAN_POINT('',(147.52880859375,8.863525390625));
#5019 = ( GEOMETRIC_REPRESENTATION_CONTEXT(2) 
PARAMETRIC_REPRESENTATION_CONTEXT() REPRESENTATION_CONTEXT('2D SPACE',''
  ) );
#5020 = PCURVE('',#5021,#5028);
#5021 = SURFACE_OF_LINEAR_EXTRUSION('',#5022,#5026);
#5022 = B_SPLINE_CURVE_WITH_KNOTS('',2,(#5023,#5024,#5025),
  .UNSPECIFIED.,.F.,.F.,(3,3),(0.,1.),.PIECEWISE_BEZIER_KNOTS.);
#5023 = CARTESIAN_POINT('',(67.328857421875,-8.657470703125,2.5));
#5024 = CARTESIAN_POINT('',(67.456298828125,-8.854125976562,2.5));
#5025 = CARTESIAN_POINT('',(67.52880859375,-9.136474609375,2.5));
#5026 = VECTOR('',#5027,1.);
#5027 = DIRECTION('',(0.,0.,1.));
#5028 = DEFINITIONAL_REPRESENTATION('',(#5029),#5033);
#5029 = LINE('',#5030,#5031);
#5030 = CARTESIAN_POINT('',(0.,0.));
#5031 = VECTOR('',#5032,1.);
#5032 = DIRECTION('',(1.,0.));
#5033 = ( GEOMETRIC_REPRESENTATION_CONTEXT(2) 
PARAMETRIC_REPRESENTATION_CONTEXT() REPRESENTATION_CONTEXT('2D SPACE',''
  ) );
#5034 = ORIENTED_EDGE('',*,*,#5035,.T.);
#5035 = EDGE_CURVE('',#5006,#5036,#5038,.T.);
#5036 = VERTEX_POINT('',#5037);
#5037 = CARTESIAN_POINT('',(67.601318359375,-9.897827148438,2.5));
#5038 = SURFACE_CURVE('',#5039,(#5043,#5050),.PCURVE_S1.);
#5039 = B_SPLINE_CURVE_WITH_KNOTS('',2,(#5040,#5041,#5042),
  .UNSPECIFIED.,.F.,.F.,(3,3),(0.,1.),.PIECEWISE_BEZIER_KNOTS.);
#5040 = CARTESIAN_POINT('',(67.52880859375,-9.136474609375,2.5));
#5041 = CARTESIAN_POINT('',(67.601318359375,-9.418823242188,2.5));
#5042 = CARTESIAN_POINT('',(67.601318359375,-9.897827148438,2.5));
#5043 = PCURVE('',#126,#5044);
#5044 = DEFINITIONAL_REPRESENTATION('',(#5045),#5049);
#5045 = B_SPLINE_CURVE_WITH_KNOTS('',2,(#5046,#5047,#5048),
  .UNSPECIFIED.,.F.,.F.,(3,3),(0.,1.),.PIECEWISE_BEZIER_KNOTS.);
#5046 = CARTESIAN_POINT('',(147.52880859375,8.863525390625));
#5047 = CARTESIAN_POINT('',(147.60131835937,8.581176757812));
#5048 = CARTESIAN_POINT('',(147.60131835937,8.102172851562));
#5049 = ( GEOMETRIC_REPRESENTATION_CONTEXT(2) 
PARAMETRIC_REPRESENTATION_CONTEXT() REPRESENTATION_CONTEXT('2D SPACE',''
  ) );
#5050 = PCURVE('',#5051,#5058);
#5051 = SURFACE_OF_LINEAR_EXTRUSION('',#5052,#5056);
#5052 = B_SPLINE_CURVE_WITH_KNOTS('',2,(#5053,#5054,#5055),
  .UNSPECIFIED.,.F.,.F.,(3,3),(0.,1.),.PIECEWISE_BEZIER_KNOTS.);
#5053 = CARTESIAN_POINT('',(67.52880859375,-9.136474609375,2.5));
#5054 = CARTESIAN_POINT('',(67.601318359375,-9.418823242188,2.5));
#5055 = CARTESIAN_POINT('',(67.601318359375,-9.897827148438,2.5));
#5056 = VECTOR('',#5057,1.);
#5057 = DIRECTION('',(0.,0.,1.));
#5058 = DEFINITIONAL_REPRESENTATION('',(#5059),#5063);
#5059 = LINE('',#5060,#5061);
#5060 = CARTESIAN_POINT('',(0.,0.));
#5061 = VECTOR('',#5062,1.);
#5062 = DIRECTION('',(1.,0.));
#5063 = ( GEOMETRIC_REPRESENTATION_CONTEXT(2) 
PARAMETRIC_REPRESENTATION_CONTEXT() REPRESENTATION_CONTEXT('2D SPACE',''
  ) );
#5064 = ORIENTED_EDGE('',*,*,#5065,.T.);
#5065 = EDGE_CURVE('',#5036,#5066,#5068,.T.);
#5066 = VERTEX_POINT('',#5067);
#5067 = CARTESIAN_POINT('',(67.48486328125,-10.81298828125,2.5));
#5068 = SURFACE_CURVE('',#5069,(#5073,#5080),.PCURVE_S1.);
#5069 = B_SPLINE_CURVE_WITH_KNOTS('',2,(#5070,#5071,#5072),
  .UNSPECIFIED.,.F.,.F.,(3,3),(0.,1.),.PIECEWISE_BEZIER_KNOTS.);
#5070 = CARTESIAN_POINT('',(67.601318359375,-9.897827148438,2.5));
#5071 = CARTESIAN_POINT('',(67.601318359375,-10.46472167968,2.5));
#5072 = CARTESIAN_POINT('',(67.48486328125,-10.81298828125,2.5));
#5073 = PCURVE('',#126,#5074);
#5074 = DEFINITIONAL_REPRESENTATION('',(#5075),#5079);
#5075 = B_SPLINE_CURVE_WITH_KNOTS('',2,(#5076,#5077,#5078),
  .UNSPECIFIED.,.F.,.F.,(3,3),(0.,1.),.PIECEWISE_BEZIER_KNOTS.);
#5076 = CARTESIAN_POINT('',(147.60131835937,8.102172851562));
#5077 = CARTESIAN_POINT('',(147.60131835937,7.535278320312));
#5078 = CARTESIAN_POINT('',(147.48486328125,7.18701171875));
#5079 = ( GEOMETRIC_REPRESENTATION_CONTEXT(2) 
PARAMETRIC_REPRESENTATION_CONTEXT() REPRESENTATION_CONTEXT('2D SPACE',''
  ) );
#5080 = PCURVE('',#5081,#5088);
#5081 = SURFACE_OF_LINEAR_EXTRUSION('',#5082,#5086);
#5082 = B_SPLINE_CURVE_WITH_KNOTS('',2,(#5083,#5084,#5085),
  .UNSPECIFIED.,.F.,.F.,(3,3),(0.,1.),.PIECEWISE_BEZIER_KNOTS.);
#5083 = CARTESIAN_POINT('',(67.601318359375,-9.897827148438,2.5));
#5084 = CARTESIAN_POINT('',(67.601318359375,-10.46472167968,2.5));
#5085 = CARTESIAN_POINT('',(67.48486328125,-10.81298828125,2.5));
#5086 = VECTOR('',#5087,1.);
#5087 = DIRECTION('',(0.,0.,1.));
#5088 = DEFINITIONAL_REPRESENTATION('',(#5089),#5093);
#5089 = LINE('',#5090,#5091);
#5090 = CARTESIAN_POINT('',(0.,0.));
#5091 = VECTOR('',#5092,1.);
#5092 = DIRECTION('',(1.,0.));
#5093 = ( GEOMETRIC_REPRESENTATION_CONTEXT(2) 
PARAMETRIC_REPRESENTATION_CONTEXT() REPRESENTATION_CONTEXT('2D SPACE',''
  ) );
#5094 = ORIENTED_EDGE('',*,*,#5095,.T.);
#5095 = EDGE_CURVE('',#5066,#5096,#5098,.T.);
#5096 = VERTEX_POINT('',#5097);
#5097 = CARTESIAN_POINT('',(67.136596679688,-11.35131835937,2.5));
#5098 = SURFACE_CURVE('',#5099,(#5103,#5110),.PCURVE_S1.);
#5099 = B_SPLINE_CURVE_WITH_KNOTS('',2,(#5100,#5101,#5102),
  .UNSPECIFIED.,.F.,.F.,(3,3),(0.,1.),.PIECEWISE_BEZIER_KNOTS.);
#5100 = CARTESIAN_POINT('',(67.48486328125,-10.81298828125,2.5));
#5101 = CARTESIAN_POINT('',(67.368408203125,-11.16125488281,2.5));
#5102 = CARTESIAN_POINT('',(67.136596679688,-11.35131835937,2.5));
#5103 = PCURVE('',#126,#5104);
#5104 = DEFINITIONAL_REPRESENTATION('',(#5105),#5109);
#5105 = B_SPLINE_CURVE_WITH_KNOTS('',2,(#5106,#5107,#5108),
  .UNSPECIFIED.,.F.,.F.,(3,3),(0.,1.),.PIECEWISE_BEZIER_KNOTS.);
#5106 = CARTESIAN_POINT('',(147.48486328125,7.18701171875));
#5107 = CARTESIAN_POINT('',(147.36840820312,6.838745117188));
#5108 = CARTESIAN_POINT('',(147.13659667968,6.648681640625));
#5109 = ( GEOMETRIC_REPRESENTATION_CONTEXT(2) 
PARAMETRIC_REPRESENTATION_CONTEXT() REPRESENTATION_CONTEXT('2D SPACE',''
  ) );
#5110 = PCURVE('',#5111,#5118);
#5111 = SURFACE_OF_LINEAR_EXTRUSION('',#5112,#5116);
#5112 = B_SPLINE_CURVE_WITH_KNOTS('',2,(#5113,#5114,#5115),
  .UNSPECIFIED.,.F.,.F.,(3,3),(0.,1.),.PIECEWISE_BEZIER_KNOTS.);
#5113 = CARTESIAN_POINT('',(67.48486328125,-10.81298828125,2.5));
#5114 = CARTESIAN_POINT('',(67.368408203125,-11.16125488281,2.5));
#5115 = CARTESIAN_POINT('',(67.136596679688,-11.35131835937,2.5));
#5116 = VECTOR('',#5117,1.);
#5117 = DIRECTION('',(0.,0.,1.));
#5118 = DEFINITIONAL_REPRESENTATION('',(#5119),#5123);
#5119 = LINE('',#5120,#5121);
#5120 = CARTESIAN_POINT('',(0.,0.));
#5121 = VECTOR('',#5122,1.);
#5122 = DIRECTION('',(1.,0.));
#5123 = ( GEOMETRIC_REPRESENTATION_CONTEXT(2) 
PARAMETRIC_REPRESENTATION_CONTEXT() REPRESENTATION_CONTEXT('2D SPACE',''
  ) );
#5124 = ORIENTED_EDGE('',*,*,#5125,.T.);
#5125 = EDGE_CURVE('',#5096,#5126,#5128,.T.);
#5126 = VERTEX_POINT('',#5127);
#5127 = CARTESIAN_POINT('',(66.551025390625,-11.54138183593,2.5));
#5128 = SURFACE_CURVE('',#5129,(#5133,#5140),.PCURVE_S1.);
#5129 = B_SPLINE_CURVE_WITH_KNOTS('',2,(#5130,#5131,#5132),
  .UNSPECIFIED.,.F.,.F.,(3,3),(0.,1.),.PIECEWISE_BEZIER_KNOTS.);
#5130 = CARTESIAN_POINT('',(67.136596679688,-11.35131835937,2.5));
#5131 = CARTESIAN_POINT('',(66.90478515625,-11.54138183593,2.5));
#5132 = CARTESIAN_POINT('',(66.551025390625,-11.54138183593,2.5));
#5133 = PCURVE('',#126,#5134);
#5134 = DEFINITIONAL_REPRESENTATION('',(#5135),#5139);
#5135 = B_SPLINE_CURVE_WITH_KNOTS('',2,(#5136,#5137,#5138),
  .UNSPECIFIED.,.F.,.F.,(3,3),(0.,1.),.PIECEWISE_BEZIER_KNOTS.);
#5136 = CARTESIAN_POINT('',(147.13659667968,6.648681640625));
#5137 = CARTESIAN_POINT('',(146.90478515625,6.458618164062));
#5138 = CARTESIAN_POINT('',(146.55102539062,6.458618164062));
#5139 = ( GEOMETRIC_REPRESENTATION_CONTEXT(2) 
PARAMETRIC_REPRESENTATION_CONTEXT() REPRESENTATION_CONTEXT('2D SPACE',''
  ) );
#5140 = PCURVE('',#5141,#5148);
#5141 = SURFACE_OF_LINEAR_EXTRUSION('',#5142,#5146);
#5142 = B_SPLINE_CURVE_WITH_KNOTS('',2,(#5143,#5144,#5145),
  .UNSPECIFIED.,.F.,.F.,(3,3),(0.,1.),.PIECEWISE_BEZIER_KNOTS.);
#5143 = CARTESIAN_POINT('',(67.136596679688,-11.35131835937,2.5));
#5144 = CARTESIAN_POINT('',(66.90478515625,-11.54138183593,2.5));
#5145 = CARTESIAN_POINT('',(66.551025390625,-11.54138183593,2.5));
#5146 = VECTOR('',#5147,1.);
#5147 = DIRECTION('',(0.,0.,1.));
#5148 = DEFINITIONAL_REPRESENTATION('',(#5149),#5153);
#5149 = LINE('',#5150,#5151);
#5150 = CARTESIAN_POINT('',(0.,0.));
#5151 = VECTOR('',#5152,1.);
#5152 = DIRECTION('',(1.,0.));
#5153 = ( GEOMETRIC_REPRESENTATION_CONTEXT(2) 
PARAMETRIC_REPRESENTATION_CONTEXT() REPRESENTATION_CONTEXT('2D SPACE',''
  ) );
#5154 = ORIENTED_EDGE('',*,*,#5155,.T.);
#5155 = EDGE_CURVE('',#5126,#4824,#5156,.T.);
#5156 = SURFACE_CURVE('',#5157,(#5161,#5168),.PCURVE_S1.);
#5157 = B_SPLINE_CURVE_WITH_KNOTS('',2,(#5158,#5159,#5160),
  .UNSPECIFIED.,.F.,.F.,(3,3),(0.,1.),.PIECEWISE_BEZIER_KNOTS.);
#5158 = CARTESIAN_POINT('',(66.551025390625,-11.54138183593,2.5));
#5159 = CARTESIAN_POINT('',(66.085205078125,-11.54138183593,2.5));
#5160 = CARTESIAN_POINT('',(65.8193359375,-11.20739746093,2.5));
#5161 = PCURVE('',#126,#5162);
#5162 = DEFINITIONAL_REPRESENTATION('',(#5163),#5167);
#5163 = B_SPLINE_CURVE_WITH_KNOTS('',2,(#5164,#5165,#5166),
  .UNSPECIFIED.,.F.,.F.,(3,3),(0.,1.),.PIECEWISE_BEZIER_KNOTS.);
#5164 = CARTESIAN_POINT('',(146.55102539062,6.458618164062));
#5165 = CARTESIAN_POINT('',(146.08520507812,6.458618164062));
#5166 = CARTESIAN_POINT('',(145.8193359375,6.792602539062));
#5167 = ( GEOMETRIC_REPRESENTATION_CONTEXT(2) 
PARAMETRIC_REPRESENTATION_CONTEXT() REPRESENTATION_CONTEXT('2D SPACE',''
  ) );
#5168 = PCURVE('',#5169,#5176);
#5169 = SURFACE_OF_LINEAR_EXTRUSION('',#5170,#5174);
#5170 = B_SPLINE_CURVE_WITH_KNOTS('',2,(#5171,#5172,#5173),
  .UNSPECIFIED.,.F.,.F.,(3,3),(0.,1.),.PIECEWISE_BEZIER_KNOTS.);
#5171 = CARTESIAN_POINT('',(66.551025390625,-11.54138183593,2.5));
#5172 = CARTESIAN_POINT('',(66.085205078125,-11.54138183593,2.5));
#5173 = CARTESIAN_POINT('',(65.8193359375,-11.20739746093,2.5));
#5174 = VECTOR('',#5175,1.);
#5175 = DIRECTION('',(0.,0.,1.));
#5176 = DEFINITIONAL_REPRESENTATION('',(#5177),#5181);
#5177 = LINE('',#5178,#5179);
#5178 = CARTESIAN_POINT('',(0.,0.));
#5179 = VECTOR('',#5180,1.);
#5180 = DIRECTION('',(1.,0.));
#5181 = ( GEOMETRIC_REPRESENTATION_CONTEXT(2) 
PARAMETRIC_REPRESENTATION_CONTEXT() REPRESENTATION_CONTEXT('2D SPACE',''
  ) );
#5182 = ADVANCED_FACE('',(#5183),#100,.T.);
#5183 = FACE_BOUND('',#5184,.T.);
#5184 = EDGE_LOOP('',(#5185,#5208,#5209,#5210,#5236,#5237,#5263,#5264,
    #5290,#5291,#5317,#5318,#5344,#5345));
#5185 = ORIENTED_EDGE('',*,*,#5186,.F.);
#5186 = EDGE_CURVE('',#57,#5187,#5189,.T.);
#5187 = VERTEX_POINT('',#5188);
#5188 = CARTESIAN_POINT('',(80.,18.,0.));
#5189 = SURFACE_CURVE('',#5190,(#5194,#5201),.PCURVE_S1.);
#5190 = LINE('',#5191,#5192);
#5191 = CARTESIAN_POINT('',(-80.,18.,0.));
#5192 = VECTOR('',#5193,1.);
#5193 = DIRECTION('',(1.,0.,0.));
#5194 = PCURVE('',#100,#5195);
#5195 = DEFINITIONAL_REPRESENTATION('',(#5196),#5200);
#5196 = LINE('',#5197,#5198);
#5197 = CARTESIAN_POINT('',(0.,0.));
#5198 = VECTOR('',#5199,1.);
#5199 = DIRECTION('',(0.,1.));
#5200 = ( GEOMETRIC_REPRESENTATION_CONTEXT(2) 
PARAMETRIC_REPRESENTATION_CONTEXT() REPRESENTATION_CONTEXT('2D SPACE',''
  ) );
#5201 = PCURVE('',#72,#5202);
#5202 = DEFINITIONAL_REPRESENTATION('',(#5203),#5207);
#5203 = LINE('',#5204,#5205);
#5204 = CARTESIAN_POINT('',(0.,36.));
#5205 = VECTOR('',#5206,1.);
#5206 = DIRECTION('',(1.,0.));
#5207 = ( GEOMETRIC_REPRESENTATION_CONTEXT(2) 
PARAMETRIC_REPRESENTATION_CONTEXT() REPRESENTATION_CONTEXT('2D SPACE',''
  ) );
#5208 = ORIENTED_EDGE('',*,*,#84,.T.);
#5209 = ORIENTED_EDGE('',*,*,#217,.T.);
#5210 = ORIENTED_EDGE('',*,*,#5211,.T.);
#5211 = EDGE_CURVE('',#218,#570,#5212,.T.);
#5212 = SURFACE_CURVE('',#5213,(#5217,#5224),.PCURVE_S1.);
#5213 = LINE('',#5214,#5215);
#5214 = CARTESIAN_POINT('',(-80.,18.,2.5));
#5215 = VECTOR('',#5216,1.);
#5216 = DIRECTION('',(1.,0.,0.));
#5217 = PCURVE('',#100,#5218);
#5218 = DEFINITIONAL_REPRESENTATION('',(#5219),#5223);
#5219 = LINE('',#5220,#5221);
#5220 = CARTESIAN_POINT('',(2.5,0.));
#5221 = VECTOR('',#5222,1.);
#5222 = DIRECTION('',(0.,1.));
#5223 = ( GEOMETRIC_REPRESENTATION_CONTEXT(2) 
PARAMETRIC_REPRESENTATION_CONTEXT() REPRESENTATION_CONTEXT('2D SPACE',''
  ) );
#5224 = PCURVE('',#5225,#5230);
#5225 = PLANE('',#5226);
#5226 = AXIS2_PLACEMENT_3D('',#5227,#5228,#5229);
#5227 = CARTESIAN_POINT('',(-64.,6.,2.5));
#5228 = DIRECTION('',(0.,0.,1.));
#5229 = DIRECTION('',(1.,0.,-0.));
#5230 = DEFINITIONAL_REPRESENTATION('',(#5231),#5235);
#5231 = LINE('',#5232,#5233);
#5232 = CARTESIAN_POINT('',(-16.,12.));
#5233 = VECTOR('',#5234,1.);
#5234 = DIRECTION('',(1.,0.));
#5235 = ( GEOMETRIC_REPRESENTATION_CONTEXT(2) 
PARAMETRIC_REPRESENTATION_CONTEXT() REPRESENTATION_CONTEXT('2D SPACE',''
  ) );
#5236 = ORIENTED_EDGE('',*,*,#569,.T.);
#5237 = ORIENTED_EDGE('',*,*,#5238,.T.);
#5238 = EDGE_CURVE('',#546,#494,#5239,.T.);
#5239 = SURFACE_CURVE('',#5240,(#5244,#5251),.PCURVE_S1.);
#5240 = LINE('',#5241,#5242);
#5241 = CARTESIAN_POINT('',(-80.,18.,2.5));
#5242 = VECTOR('',#5243,1.);
#5243 = DIRECTION('',(1.,0.,0.));
#5244 = PCURVE('',#100,#5245);
#5245 = DEFINITIONAL_REPRESENTATION('',(#5246),#5250);
#5246 = LINE('',#5247,#5248);
#5247 = CARTESIAN_POINT('',(2.5,0.));
#5248 = VECTOR('',#5249,1.);
#5249 = DIRECTION('',(0.,1.));
#5250 = ( GEOMETRIC_REPRESENTATION_CONTEXT(2) 
PARAMETRIC_REPRESENTATION_CONTEXT() REPRESENTATION_CONTEXT('2D SPACE',''
  ) );
#5251 = PCURVE('',#5252,#5257);
#5252 = PLANE('',#5253);
#5253 = AXIS2_PLACEMENT_3D('',#5254,#5255,#5256);
#5254 = CARTESIAN_POINT('',(-32.,6.,2.5));
#5255 = DIRECTION('',(0.,0.,1.));
#5256 = DIRECTION('',(1.,0.,-0.));
#5257 = DEFINITIONAL_REPRESENTATION('',(#5258),#5262);
#5258 = LINE('',#5259,#5260);
#5259 = CARTESIAN_POINT('',(-48.,12.));
#5260 = VECTOR('',#5261,1.);
#5261 = DIRECTION('',(1.,0.));
#5262 = ( GEOMETRIC_REPRESENTATION_CONTEXT(2) 
PARAMETRIC_REPRESENTATION_CONTEXT() REPRESENTATION_CONTEXT('2D SPACE',''
  ) );
#5263 = ORIENTED_EDGE('',*,*,#493,.T.);
#5264 = ORIENTED_EDGE('',*,*,#5265,.T.);
#5265 = EDGE_CURVE('',#470,#418,#5266,.T.);
#5266 = SURFACE_CURVE('',#5267,(#5271,#5278),.PCURVE_S1.);
#5267 = LINE('',#5268,#5269);
#5268 = CARTESIAN_POINT('',(-80.,18.,2.5));
#5269 = VECTOR('',#5270,1.);
#5270 = DIRECTION('',(1.,0.,0.));
#5271 = PCURVE('',#100,#5272);
#5272 = DEFINITIONAL_REPRESENTATION('',(#5273),#5277);
#5273 = LINE('',#5274,#5275);
#5274 = CARTESIAN_POINT('',(2.5,0.));
#5275 = VECTOR('',#5276,1.);
#5276 = DIRECTION('',(0.,1.));
#5277 = ( GEOMETRIC_REPRESENTATION_CONTEXT(2) 
PARAMETRIC_REPRESENTATION_CONTEXT() REPRESENTATION_CONTEXT('2D SPACE',''
  ) );
#5278 = PCURVE('',#5279,#5284);
#5279 = PLANE('',#5280);
#5280 = AXIS2_PLACEMENT_3D('',#5281,#5282,#5283);
#5281 = CARTESIAN_POINT('',(-4.207508100121E-16,6.,2.5));
#5282 = DIRECTION('',(0.,0.,1.));
#5283 = DIRECTION('',(1.,0.,-0.));
#5284 = DEFINITIONAL_REPRESENTATION('',(#5285),#5289);
#5285 = LINE('',#5286,#5287);
#5286 = CARTESIAN_POINT('',(-80.,12.));
#5287 = VECTOR('',#5288,1.);
#5288 = DIRECTION('',(1.,0.));
#5289 = ( GEOMETRIC_REPRESENTATION_CONTEXT(2) 
PARAMETRIC_REPRESENTATION_CONTEXT() REPRESENTATION_CONTEXT('2D SPACE',''
  ) );
#5290 = ORIENTED_EDGE('',*,*,#417,.T.);
#5291 = ORIENTED_EDGE('',*,*,#5292,.T.);
#5292 = EDGE_CURVE('',#394,#342,#5293,.T.);
#5293 = SURFACE_CURVE('',#5294,(#5298,#5305),.PCURVE_S1.);
#5294 = LINE('',#5295,#5296);
#5295 = CARTESIAN_POINT('',(-80.,18.,2.5));
#5296 = VECTOR('',#5297,1.);
#5297 = DIRECTION('',(1.,0.,0.));
#5298 = PCURVE('',#100,#5299);
#5299 = DEFINITIONAL_REPRESENTATION('',(#5300),#5304);
#5300 = LINE('',#5301,#5302);
#5301 = CARTESIAN_POINT('',(2.5,0.));
#5302 = VECTOR('',#5303,1.);
#5303 = DIRECTION('',(0.,1.));
#5304 = ( GEOMETRIC_REPRESENTATION_CONTEXT(2) 
PARAMETRIC_REPRESENTATION_CONTEXT() REPRESENTATION_CONTEXT('2D SPACE',''
  ) );
#5305 = PCURVE('',#5306,#5311);
#5306 = PLANE('',#5307);
#5307 = AXIS2_PLACEMENT_3D('',#5308,#5309,#5310);
#5308 = CARTESIAN_POINT('',(32.,6.,2.5));
#5309 = DIRECTION('',(0.,0.,1.));
#5310 = DIRECTION('',(1.,0.,-0.));
#5311 = DEFINITIONAL_REPRESENTATION('',(#5312),#5316);
#5312 = LINE('',#5313,#5314);
#5313 = CARTESIAN_POINT('',(-112.,12.));
#5314 = VECTOR('',#5315,1.);
#5315 = DIRECTION('',(1.,0.));
#5316 = ( GEOMETRIC_REPRESENTATION_CONTEXT(2) 
PARAMETRIC_REPRESENTATION_CONTEXT() REPRESENTATION_CONTEXT('2D SPACE',''
  ) );
#5317 = ORIENTED_EDGE('',*,*,#341,.T.);
#5318 = ORIENTED_EDGE('',*,*,#5319,.T.);
#5319 = EDGE_CURVE('',#318,#266,#5320,.T.);
#5320 = SURFACE_CURVE('',#5321,(#5325,#5332),.PCURVE_S1.);
#5321 = LINE('',#5322,#5323);
#5322 = CARTESIAN_POINT('',(-80.,18.,2.5));
#5323 = VECTOR('',#5324,1.);
#5324 = DIRECTION('',(1.,0.,0.));
#5325 = PCURVE('',#100,#5326);
#5326 = DEFINITIONAL_REPRESENTATION('',(#5327),#5331);
#5327 = LINE('',#5328,#5329);
#5328 = CARTESIAN_POINT('',(2.5,0.));
#5329 = VECTOR('',#5330,1.);
#5330 = DIRECTION('',(0.,1.));
#5331 = ( GEOMETRIC_REPRESENTATION_CONTEXT(2) 
PARAMETRIC_REPRESENTATION_CONTEXT() REPRESENTATION_CONTEXT('2D SPACE',''
  ) );
#5332 = PCURVE('',#5333,#5338);
#5333 = PLANE('',#5334);
#5334 = AXIS2_PLACEMENT_3D('',#5335,#5336,#5337);
#5335 = CARTESIAN_POINT('',(64.,6.,2.5));
#5336 = DIRECTION('',(0.,0.,1.));
#5337 = DIRECTION('',(1.,0.,-0.));
#5338 = DEFINITIONAL_REPRESENTATION('',(#5339),#5343);
#5339 = LINE('',#5340,#5341);
#5340 = CARTESIAN_POINT('',(-144.,12.));
#5341 = VECTOR('',#5342,1.);
#5342 = DIRECTION('',(1.,0.));
#5343 = ( GEOMETRIC_REPRESENTATION_CONTEXT(2) 
PARAMETRIC_REPRESENTATION_CONTEXT() REPRESENTATION_CONTEXT('2D SPACE',''
  ) );
#5344 = ORIENTED_EDGE('',*,*,#265,.T.);
#5345 = ORIENTED_EDGE('',*,*,#5346,.F.);
#5346 = EDGE_CURVE('',#5187,#243,#5347,.T.);
#5347 = SURFACE_CURVE('',#5348,(#5352,#5359),.PCURVE_S1.);
#5348 = LINE('',#5349,#5350);
#5349 = CARTESIAN_POINT('',(80.,18.,0.));
#5350 = VECTOR('',#5351,1.);
#5351 = DIRECTION('',(0.,0.,1.));
#5352 = PCURVE('',#100,#5353);
#5353 = DEFINITIONAL_REPRESENTATION('',(#5354),#5358);
#5354 = LINE('',#5355,#5356);
#5355 = CARTESIAN_POINT('',(0.,160.));
#5356 = VECTOR('',#5357,1.);
#5357 = DIRECTION('',(1.,0.));
#5358 = ( GEOMETRIC_REPRESENTATION_CONTEXT(2) 
PARAMETRIC_REPRESENTATION_CONTEXT() REPRESENTATION_CONTEXT('2D SPACE',''
  ) );
#5359 = PCURVE('',#202,#5360);
#5360 = DEFINITIONAL_REPRESENTATION('',(#5361),#5365);
#5361 = LINE('',#5362,#5363);
#5362 = CARTESIAN_POINT('',(0.,-36.));
#5363 = VECTOR('',#5364,1.);
#5364 = DIRECTION('',(1.,0.));
#5365 = ( GEOMETRIC_REPRESENTATION_CONTEXT(2) 
PARAMETRIC_REPRESENTATION_CONTEXT() REPRESENTATION_CONTEXT('2D SPACE',''
  ) );
#5366 = ADVANCED_FACE('',(#5367,#5393,#5424,#5455,#5486,#5517),#72,.F.);
#5367 = FACE_BOUND('',#5368,.F.);
#5368 = EDGE_LOOP('',(#5369,#5370,#5371,#5392));
#5369 = ORIENTED_EDGE('',*,*,#56,.F.);
#5370 = ORIENTED_EDGE('',*,*,#141,.T.);
#5371 = ORIENTED_EDGE('',*,*,#5372,.T.);
#5372 = EDGE_CURVE('',#142,#5187,#5373,.T.);
#5373 = SURFACE_CURVE('',#5374,(#5378,#5385),.PCURVE_S1.);
#5374 = LINE('',#5375,#5376);
#5375 = CARTESIAN_POINT('',(80.,-18.,0.));
#5376 = VECTOR('',#5377,1.);
#5377 = DIRECTION('',(0.,1.,0.));
#5378 = PCURVE('',#72,#5379);
#5379 = DEFINITIONAL_REPRESENTATION('',(#5380),#5384);
#5380 = LINE('',#5381,#5382);
#5381 = CARTESIAN_POINT('',(160.,0.));
#5382 = VECTOR('',#5383,1.);
#5383 = DIRECTION('',(0.,1.));
#5384 = ( GEOMETRIC_REPRESENTATION_CONTEXT(2) 
PARAMETRIC_REPRESENTATION_CONTEXT() REPRESENTATION_CONTEXT('2D SPACE',''
  ) );
#5385 = PCURVE('',#202,#5386);
#5386 = DEFINITIONAL_REPRESENTATION('',(#5387),#5391);
#5387 = LINE('',#5388,#5389);
#5388 = CARTESIAN_POINT('',(0.,0.));
#5389 = VECTOR('',#5390,1.);
#5390 = DIRECTION('',(0.,-1.));
#5391 = ( GEOMETRIC_REPRESENTATION_CONTEXT(2) 
PARAMETRIC_REPRESENTATION_CONTEXT() REPRESENTATION_CONTEXT('2D SPACE',''
  ) );
#5392 = ORIENTED_EDGE('',*,*,#5186,.F.);
#5393 = FACE_BOUND('',#5394,.F.);
#5394 = EDGE_LOOP('',(#5395));
#5395 = ORIENTED_EDGE('',*,*,#5396,.F.);
#5396 = EDGE_CURVE('',#5397,#5397,#5399,.T.);
#5397 = VERTEX_POINT('',#5398);
#5398 = CARTESIAN_POINT('',(-59.75,6.,0.));
#5399 = SURFACE_CURVE('',#5400,(#5405,#5412),.PCURVE_S1.);
#5400 = CIRCLE('',#5401,4.25);
#5401 = AXIS2_PLACEMENT_3D('',#5402,#5403,#5404);
#5402 = CARTESIAN_POINT('',(-64.,6.,0.));
#5403 = DIRECTION('',(0.,0.,1.));
#5404 = DIRECTION('',(1.,0.,0.));
#5405 = PCURVE('',#72,#5406);
#5406 = DEFINITIONAL_REPRESENTATION('',(#5407),#5411);
#5407 = CIRCLE('',#5408,4.25);
#5408 = AXIS2_PLACEMENT_2D('',#5409,#5410);
#5409 = CARTESIAN_POINT('',(16.,24.));
#5410 = DIRECTION('',(1.,0.));
#5411 = ( GEOMETRIC_REPRESENTATION_CONTEXT(2) 
PARAMETRIC_REPRESENTATION_CONTEXT() REPRESENTATION_CONTEXT('2D SPACE',''
  ) );
#5412 = PCURVE('',#5413,#5418);
#5413 = CYLINDRICAL_SURFACE('',#5414,4.25);
#5414 = AXIS2_PLACEMENT_3D('',#5415,#5416,#5417);
#5415 = CARTESIAN_POINT('',(-64.,6.,0.));
#5416 = DIRECTION('',(-0.,-0.,-1.));
#5417 = DIRECTION('',(1.,0.,0.));
#5418 = DEFINITIONAL_REPRESENTATION('',(#5419),#5423);
#5419 = LINE('',#5420,#5421);
#5420 = CARTESIAN_POINT('',(-0.,0.));
#5421 = VECTOR('',#5422,1.);
#5422 = DIRECTION('',(-1.,0.));
#5423 = ( GEOMETRIC_REPRESENTATION_CONTEXT(2) 
PARAMETRIC_REPRESENTATION_CONTEXT() REPRESENTATION_CONTEXT('2D SPACE',''
  ) );
#5424 = FACE_BOUND('',#5425,.F.);
#5425 = EDGE_LOOP('',(#5426));
#5426 = ORIENTED_EDGE('',*,*,#5427,.F.);
#5427 = EDGE_CURVE('',#5428,#5428,#5430,.T.);
#5428 = VERTEX_POINT('',#5429);
#5429 = CARTESIAN_POINT('',(-27.75,6.,0.));
#5430 = SURFACE_CURVE('',#5431,(#5436,#5443),.PCURVE_S1.);
#5431 = CIRCLE('',#5432,4.25);
#5432 = AXIS2_PLACEMENT_3D('',#5433,#5434,#5435);
#5433 = CARTESIAN_POINT('',(-32.,6.,0.));
#5434 = DIRECTION('',(0.,0.,1.));
#5435 = DIRECTION('',(1.,0.,0.));
#5436 = PCURVE('',#72,#5437);
#5437 = DEFINITIONAL_REPRESENTATION('',(#5438),#5442);
#5438 = CIRCLE('',#5439,4.25);
#5439 = AXIS2_PLACEMENT_2D('',#5440,#5441);
#5440 = CARTESIAN_POINT('',(48.,24.));
#5441 = DIRECTION('',(1.,0.));
#5442 = ( GEOMETRIC_REPRESENTATION_CONTEXT(2) 
PARAMETRIC_REPRESENTATION_CONTEXT() REPRESENTATION_CONTEXT('2D SPACE',''
  ) );
#5443 = PCURVE('',#5444,#5449);
#5444 = CYLINDRICAL_SURFACE('',#5445,4.25);
#5445 = AXIS2_PLACEMENT_3D('',#5446,#5447,#5448);
#5446 = CARTESIAN_POINT('',(-32.,6.,0.));
#5447 = DIRECTION('',(-0.,-0.,-1.));
#5448 = DIRECTION('',(1.,0.,0.));
#5449 = DEFINITIONAL_REPRESENTATION('',(#5450),#5454);
#5450 = LINE('',#5451,#5452);
#5451 = CARTESIAN_POINT('',(-0.,0.));
#5452 = VECTOR('',#5453,1.);
#5453 = DIRECTION('',(-1.,0.));
#5454 = ( GEOMETRIC_REPRESENTATION_CONTEXT(2) 
PARAMETRIC_REPRESENTATION_CONTEXT() REPRESENTATION_CONTEXT('2D SPACE',''
  ) );
#5455 = FACE_BOUND('',#5456,.F.);
#5456 = EDGE_LOOP('',(#5457));
#5457 = ORIENTED_EDGE('',*,*,#5458,.F.);
#5458 = EDGE_CURVE('',#5459,#5459,#5461,.T.);
#5459 = VERTEX_POINT('',#5460);
#5460 = CARTESIAN_POINT('',(4.25,6.,0.));
#5461 = SURFACE_CURVE('',#5462,(#5467,#5474),.PCURVE_S1.);
#5462 = CIRCLE('',#5463,4.25);
#5463 = AXIS2_PLACEMENT_3D('',#5464,#5465,#5466);
#5464 = CARTESIAN_POINT('',(0.,6.,0.));
#5465 = DIRECTION('',(0.,0.,1.));
#5466 = DIRECTION('',(1.,0.,0.));
#5467 = PCURVE('',#72,#5468);
#5468 = DEFINITIONAL_REPRESENTATION('',(#5469),#5473);
#5469 = CIRCLE('',#5470,4.25);
#5470 = AXIS2_PLACEMENT_2D('',#5471,#5472);
#5471 = CARTESIAN_POINT('',(80.,24.));
#5472 = DIRECTION('',(1.,0.));
#5473 = ( GEOMETRIC_REPRESENTATION_CONTEXT(2) 
PARAMETRIC_REPRESENTATION_CONTEXT() REPRESENTATION_CONTEXT('2D SPACE',''
  ) );
#5474 = PCURVE('',#5475,#5480);
#5475 = CYLINDRICAL_SURFACE('',#5476,4.25);
#5476 = AXIS2_PLACEMENT_3D('',#5477,#5478,#5479);
#5477 = CARTESIAN_POINT('',(0.,6.,0.));
#5478 = DIRECTION('',(-0.,-0.,-1.));
#5479 = DIRECTION('',(1.,0.,0.));
#5480 = DEFINITIONAL_REPRESENTATION('',(#5481),#5485);
#5481 = LINE('',#5482,#5483);
#5482 = CARTESIAN_POINT('',(-0.,0.));
#5483 = VECTOR('',#5484,1.);
#5484 = DIRECTION('',(-1.,0.));
#5485 = ( GEOMETRIC_REPRESENTATION_CONTEXT(2) 
PARAMETRIC_REPRESENTATION_CONTEXT() REPRESENTATION_CONTEXT('2D SPACE',''
  ) );
#5486 = FACE_BOUND('',#5487,.F.);
#5487 = EDGE_LOOP('',(#5488));
#5488 = ORIENTED_EDGE('',*,*,#5489,.F.);
#5489 = EDGE_CURVE('',#5490,#5490,#5492,.T.);
#5490 = VERTEX_POINT('',#5491);
#5491 = CARTESIAN_POINT('',(36.25,6.,0.));
#5492 = SURFACE_CURVE('',#5493,(#5498,#5505),.PCURVE_S1.);
#5493 = CIRCLE('',#5494,4.25);
#5494 = AXIS2_PLACEMENT_3D('',#5495,#5496,#5497);
#5495 = CARTESIAN_POINT('',(32.,6.,0.));
#5496 = DIRECTION('',(0.,0.,1.));
#5497 = DIRECTION('',(1.,0.,0.));
#5498 = PCURVE('',#72,#5499);
#5499 = DEFINITIONAL_REPRESENTATION('',(#5500),#5504);
#5500 = CIRCLE('',#5501,4.25);
#5501 = AXIS2_PLACEMENT_2D('',#5502,#5503);
#5502 = CARTESIAN_POINT('',(112.,24.));
#5503 = DIRECTION('',(1.,0.));
#5504 = ( GEOMETRIC_REPRESENTATION_CONTEXT(2) 
PARAMETRIC_REPRESENTATION_CONTEXT() REPRESENTATION_CONTEXT('2D SPACE',''
  ) );
#5505 = PCURVE('',#5506,#5511);
#5506 = CYLINDRICAL_SURFACE('',#5507,4.25);
#5507 = AXIS2_PLACEMENT_3D('',#5508,#5509,#5510);
#5508 = CARTESIAN_POINT('',(32.,6.,0.));
#5509 = DIRECTION('',(-0.,-0.,-1.));
#5510 = DIRECTION('',(1.,0.,0.));
#5511 = DEFINITIONAL_REPRESENTATION('',(#5512),#5516);
#5512 = LINE('',#5513,#5514);
#5513 = CARTESIAN_POINT('',(-0.,0.));
#5514 = VECTOR('',#5515,1.);
#5515 = DIRECTION('',(-1.,0.));
#5516 = ( GEOMETRIC_REPRESENTATION_CONTEXT(2) 
PARAMETRIC_REPRESENTATION_CONTEXT() REPRESENTATION_CONTEXT('2D SPACE',''
  ) );
#5517 = FACE_BOUND('',#5518,.F.);
#5518 = EDGE_LOOP('',(#5519));
#5519 = ORIENTED_EDGE('',*,*,#5520,.F.);
#5520 = EDGE_CURVE('',#5521,#5521,#5523,.T.);
#5521 = VERTEX_POINT('',#5522);
#5522 = CARTESIAN_POINT('',(68.25,6.,0.));
#5523 = SURFACE_CURVE('',#5524,(#5529,#5536),.PCURVE_S1.);
#5524 = CIRCLE('',#5525,4.25);
#5525 = AXIS2_PLACEMENT_3D('',#5526,#5527,#5528);
#5526 = CARTESIAN_POINT('',(64.,6.,0.));
#5527 = DIRECTION('',(0.,0.,1.));
#5528 = DIRECTION('',(1.,0.,0.));
#5529 = PCURVE('',#72,#5530);
#5530 = DEFINITIONAL_REPRESENTATION('',(#5531),#5535);
#5531 = CIRCLE('',#5532,4.25);
#5532 = AXIS2_PLACEMENT_2D('',#5533,#5534);
#5533 = CARTESIAN_POINT('',(144.,24.));
#5534 = DIRECTION('',(1.,0.));
#5535 = ( GEOMETRIC_REPRESENTATION_CONTEXT(2) 
PARAMETRIC_REPRESENTATION_CONTEXT() REPRESENTATION_CONTEXT('2D SPACE',''
  ) );
#5536 = PCURVE('',#5537,#5542);
#5537 = CYLINDRICAL_SURFACE('',#5538,4.25);
#5538 = AXIS2_PLACEMENT_3D('',#5539,#5540,#5541);
#5539 = CARTESIAN_POINT('',(64.,6.,0.));
#5540 = DIRECTION('',(-0.,-0.,-1.));
#5541 = DIRECTION('',(1.,0.,0.));
#5542 = DEFINITIONAL_REPRESENTATION('',(#5543),#5547);
#5543 = LINE('',#5544,#5545);
#5544 = CARTESIAN_POINT('',(-0.,0.));
#5545 = VECTOR('',#5546,1.);
#5546 = DIRECTION('',(-1.,0.));
#5547 = ( GEOMETRIC_REPRESENTATION_CONTEXT(2) 
PARAMETRIC_REPRESENTATION_CONTEXT() REPRESENTATION_CONTEXT('2D SPACE',''
  ) );
#5548 = ADVANCED_FACE('',(#5549),#202,.T.);
#5549 = FACE_BOUND('',#5550,.T.);
#5550 = EDGE_LOOP('',(#5551,#5552,#5553,#5554));
#5551 = ORIENTED_EDGE('',*,*,#188,.F.);
#5552 = ORIENTED_EDGE('',*,*,#5372,.T.);
#5553 = ORIENTED_EDGE('',*,*,#5346,.T.);
#5554 = ORIENTED_EDGE('',*,*,#242,.F.);
#5555 = ADVANCED_FACE('',(#5556),#609,.T.);
#5556 = FACE_BOUND('',#5557,.F.);
#5557 = EDGE_LOOP('',(#5558,#5559,#5582,#5609,#5610,#5611));
#5558 = ORIENTED_EDGE('',*,*,#592,.F.);
#5559 = ORIENTED_EDGE('',*,*,#5560,.T.);
#5560 = EDGE_CURVE('',#593,#5561,#5563,.T.);
#5561 = VERTEX_POINT('',#5562);
#5562 = CARTESIAN_POINT('',(-51.,6.,11.5));
#5563 = SEAM_CURVE('',#5564,(#5568,#5575),.PCURVE_S1.);
#5564 = LINE('',#5565,#5566);
#5565 = CARTESIAN_POINT('',(-51.,6.,2.5));
#5566 = VECTOR('',#5567,1.);
#5567 = DIRECTION('',(0.,0.,1.));
#5568 = PCURVE('',#609,#5569);
#5569 = DEFINITIONAL_REPRESENTATION('',(#5570),#5574);
#5570 = LINE('',#5571,#5572);
#5571 = CARTESIAN_POINT('',(-6.28318530718,0.));
#5572 = VECTOR('',#5573,1.);
#5573 = DIRECTION('',(-0.,-1.));
#5574 = ( GEOMETRIC_REPRESENTATION_CONTEXT(2) 
PARAMETRIC_REPRESENTATION_CONTEXT() REPRESENTATION_CONTEXT('2D SPACE',''
  ) );
#5575 = PCURVE('',#609,#5576);
#5576 = DEFINITIONAL_REPRESENTATION('',(#5577),#5581);
#5577 = LINE('',#5578,#5579);
#5578 = CARTESIAN_POINT('',(-0.,0.));
#5579 = VECTOR('',#5580,1.);
#5580 = DIRECTION('',(-0.,-1.));
#5581 = ( GEOMETRIC_REPRESENTATION_CONTEXT(2) 
PARAMETRIC_REPRESENTATION_CONTEXT() REPRESENTATION_CONTEXT('2D SPACE',''
  ) );
#5582 = ORIENTED_EDGE('',*,*,#5583,.T.);
#5583 = EDGE_CURVE('',#5561,#5561,#5584,.T.);
#5584 = SURFACE_CURVE('',#5585,(#5590,#5597),.PCURVE_S1.);
#5585 = CIRCLE('',#5586,13.);
#5586 = AXIS2_PLACEMENT_3D('',#5587,#5588,#5589);
#5587 = CARTESIAN_POINT('',(-64.,6.,11.5));
#5588 = DIRECTION('',(0.,0.,1.));
#5589 = DIRECTION('',(1.,0.,0.));
#5590 = PCURVE('',#609,#5591);
#5591 = DEFINITIONAL_REPRESENTATION('',(#5592),#5596);
#5592 = LINE('',#5593,#5594);
#5593 = CARTESIAN_POINT('',(-0.,-9.));
#5594 = VECTOR('',#5595,1.);
#5595 = DIRECTION('',(-1.,0.));
#5596 = ( GEOMETRIC_REPRESENTATION_CONTEXT(2) 
PARAMETRIC_REPRESENTATION_CONTEXT() REPRESENTATION_CONTEXT('2D SPACE',''
  ) );
#5597 = PCURVE('',#5598,#5603);
#5598 = PLANE('',#5599);
#5599 = AXIS2_PLACEMENT_3D('',#5600,#5601,#5602);
#5600 = CARTESIAN_POINT('',(-64.,6.,11.5));
#5601 = DIRECTION('',(0.,0.,1.));
#5602 = DIRECTION('',(1.,0.,-0.));
#5603 = DEFINITIONAL_REPRESENTATION('',(#5604),#5608);
#5604 = CIRCLE('',#5605,13.);
#5605 = AXIS2_PLACEMENT_2D('',#5606,#5607);
#5606 = CARTESIAN_POINT('',(0.,-8.881784197001E-16));
#5607 = DIRECTION('',(1.,0.));
#5608 = ( GEOMETRIC_REPRESENTATION_CONTEXT(2) 
PARAMETRIC_REPRESENTATION_CONTEXT() REPRESENTATION_CONTEXT('2D SPACE',''
  ) );
#5609 = ORIENTED_EDGE('',*,*,#5560,.F.);
#5610 = ORIENTED_EDGE('',*,*,#621,.F.);
#5611 = ORIENTED_EDGE('',*,*,#5612,.F.);
#5612 = EDGE_CURVE('',#570,#218,#5613,.T.);
#5613 = SURFACE_CURVE('',#5614,(#5619,#5626),.PCURVE_S1.);
#5614 = CIRCLE('',#5615,13.);
#5615 = AXIS2_PLACEMENT_3D('',#5616,#5617,#5618);
#5616 = CARTESIAN_POINT('',(-64.,6.,2.5));
#5617 = DIRECTION('',(0.,0.,1.));
#5618 = DIRECTION('',(1.,0.,0.));
#5619 = PCURVE('',#609,#5620);
#5620 = DEFINITIONAL_REPRESENTATION('',(#5621),#5625);
#5621 = LINE('',#5622,#5623);
#5622 = CARTESIAN_POINT('',(-0.,0.));
#5623 = VECTOR('',#5624,1.);
#5624 = DIRECTION('',(-1.,0.));
#5625 = ( GEOMETRIC_REPRESENTATION_CONTEXT(2) 
PARAMETRIC_REPRESENTATION_CONTEXT() REPRESENTATION_CONTEXT('2D SPACE',''
  ) );
#5626 = PCURVE('',#5225,#5627);
#5627 = DEFINITIONAL_REPRESENTATION('',(#5628),#5632);
#5628 = CIRCLE('',#5629,13.);
#5629 = AXIS2_PLACEMENT_2D('',#5630,#5631);
#5630 = CARTESIAN_POINT('',(0.,-8.881784197001E-16));
#5631 = DIRECTION('',(1.,0.));
#5632 = ( GEOMETRIC_REPRESENTATION_CONTEXT(2) 
PARAMETRIC_REPRESENTATION_CONTEXT() REPRESENTATION_CONTEXT('2D SPACE',''
  ) );
#5633 = ADVANCED_FACE('',(#5634),#533,.T.);
#5634 = FACE_BOUND('',#5635,.F.);
#5635 = EDGE_LOOP('',(#5636,#5637,#5660,#5687,#5688,#5689));
#5636 = ORIENTED_EDGE('',*,*,#516,.F.);
#5637 = ORIENTED_EDGE('',*,*,#5638,.T.);
#5638 = EDGE_CURVE('',#517,#5639,#5641,.T.);
#5639 = VERTEX_POINT('',#5640);
#5640 = CARTESIAN_POINT('',(-19.,6.,11.5));
#5641 = SEAM_CURVE('',#5642,(#5646,#5653),.PCURVE_S1.);
#5642 = LINE('',#5643,#5644);
#5643 = CARTESIAN_POINT('',(-19.,6.,2.5));
#5644 = VECTOR('',#5645,1.);
#5645 = DIRECTION('',(0.,0.,1.));
#5646 = PCURVE('',#533,#5647);
#5647 = DEFINITIONAL_REPRESENTATION('',(#5648),#5652);
#5648 = LINE('',#5649,#5650);
#5649 = CARTESIAN_POINT('',(-6.28318530718,0.));
#5650 = VECTOR('',#5651,1.);
#5651 = DIRECTION('',(-0.,-1.));
#5652 = ( GEOMETRIC_REPRESENTATION_CONTEXT(2) 
PARAMETRIC_REPRESENTATION_CONTEXT() REPRESENTATION_CONTEXT('2D SPACE',''
  ) );
#5653 = PCURVE('',#533,#5654);
#5654 = DEFINITIONAL_REPRESENTATION('',(#5655),#5659);
#5655 = LINE('',#5656,#5657);
#5656 = CARTESIAN_POINT('',(-0.,0.));
#5657 = VECTOR('',#5658,1.);
#5658 = DIRECTION('',(-0.,-1.));
#5659 = ( GEOMETRIC_REPRESENTATION_CONTEXT(2) 
PARAMETRIC_REPRESENTATION_CONTEXT() REPRESENTATION_CONTEXT('2D SPACE',''
  ) );
#5660 = ORIENTED_EDGE('',*,*,#5661,.T.);
#5661 = EDGE_CURVE('',#5639,#5639,#5662,.T.);
#5662 = SURFACE_CURVE('',#5663,(#5668,#5675),.PCURVE_S1.);
#5663 = CIRCLE('',#5664,13.);
#5664 = AXIS2_PLACEMENT_3D('',#5665,#5666,#5667);
#5665 = CARTESIAN_POINT('',(-32.,6.,11.5));
#5666 = DIRECTION('',(0.,0.,1.));
#5667 = DIRECTION('',(1.,0.,0.));
#5668 = PCURVE('',#533,#5669);
#5669 = DEFINITIONAL_REPRESENTATION('',(#5670),#5674);
#5670 = LINE('',#5671,#5672);
#5671 = CARTESIAN_POINT('',(-0.,-9.));
#5672 = VECTOR('',#5673,1.);
#5673 = DIRECTION('',(-1.,0.));
#5674 = ( GEOMETRIC_REPRESENTATION_CONTEXT(2) 
PARAMETRIC_REPRESENTATION_CONTEXT() REPRESENTATION_CONTEXT('2D SPACE',''
  ) );
#5675 = PCURVE('',#5676,#5681);
#5676 = PLANE('',#5677);
#5677 = AXIS2_PLACEMENT_3D('',#5678,#5679,#5680);
#5678 = CARTESIAN_POINT('',(-32.,6.,11.5));
#5679 = DIRECTION('',(0.,0.,1.));
#5680 = DIRECTION('',(1.,0.,-0.));
#5681 = DEFINITIONAL_REPRESENTATION('',(#5682),#5686);
#5682 = CIRCLE('',#5683,13.);
#5683 = AXIS2_PLACEMENT_2D('',#5684,#5685);
#5684 = CARTESIAN_POINT('',(0.,-8.881784197001E-16));
#5685 = DIRECTION('',(1.,0.));
#5686 = ( GEOMETRIC_REPRESENTATION_CONTEXT(2) 
PARAMETRIC_REPRESENTATION_CONTEXT() REPRESENTATION_CONTEXT('2D SPACE',''
  ) );
#5687 = ORIENTED_EDGE('',*,*,#5638,.F.);
#5688 = ORIENTED_EDGE('',*,*,#545,.F.);
#5689 = ORIENTED_EDGE('',*,*,#5690,.F.);
#5690 = EDGE_CURVE('',#494,#546,#5691,.T.);
#5691 = SURFACE_CURVE('',#5692,(#5697,#5704),.PCURVE_S1.);
#5692 = CIRCLE('',#5693,13.);
#5693 = AXIS2_PLACEMENT_3D('',#5694,#5695,#5696);
#5694 = CARTESIAN_POINT('',(-32.,6.,2.5));
#5695 = DIRECTION('',(0.,0.,1.));
#5696 = DIRECTION('',(1.,0.,0.));
#5697 = PCURVE('',#533,#5698);
#5698 = DEFINITIONAL_REPRESENTATION('',(#5699),#5703);
#5699 = LINE('',#5700,#5701);
#5700 = CARTESIAN_POINT('',(-0.,0.));
#5701 = VECTOR('',#5702,1.);
#5702 = DIRECTION('',(-1.,0.));
#5703 = ( GEOMETRIC_REPRESENTATION_CONTEXT(2) 
PARAMETRIC_REPRESENTATION_CONTEXT() REPRESENTATION_CONTEXT('2D SPACE',''
  ) );
#5704 = PCURVE('',#5252,#5705);
#5705 = DEFINITIONAL_REPRESENTATION('',(#5706),#5710);
#5706 = CIRCLE('',#5707,13.);
#5707 = AXIS2_PLACEMENT_2D('',#5708,#5709);
#5708 = CARTESIAN_POINT('',(0.,-8.881784197001E-16));
#5709 = DIRECTION('',(1.,0.));
#5710 = ( GEOMETRIC_REPRESENTATION_CONTEXT(2) 
PARAMETRIC_REPRESENTATION_CONTEXT() REPRESENTATION_CONTEXT('2D SPACE',''
  ) );
#5711 = ADVANCED_FACE('',(#5712),#305,.T.);
#5712 = FACE_BOUND('',#5713,.F.);
#5713 = EDGE_LOOP('',(#5714,#5715,#5738,#5765,#5766,#5767));
#5714 = ORIENTED_EDGE('',*,*,#288,.F.);
#5715 = ORIENTED_EDGE('',*,*,#5716,.T.);
#5716 = EDGE_CURVE('',#289,#5717,#5719,.T.);
#5717 = VERTEX_POINT('',#5718);
#5718 = CARTESIAN_POINT('',(77.,6.,11.5));
#5719 = SEAM_CURVE('',#5720,(#5724,#5731),.PCURVE_S1.);
#5720 = LINE('',#5721,#5722);
#5721 = CARTESIAN_POINT('',(77.,6.,2.5));
#5722 = VECTOR('',#5723,1.);
#5723 = DIRECTION('',(0.,0.,1.));
#5724 = PCURVE('',#305,#5725);
#5725 = DEFINITIONAL_REPRESENTATION('',(#5726),#5730);
#5726 = LINE('',#5727,#5728);
#5727 = CARTESIAN_POINT('',(-6.28318530718,0.));
#5728 = VECTOR('',#5729,1.);
#5729 = DIRECTION('',(-0.,-1.));
#5730 = ( GEOMETRIC_REPRESENTATION_CONTEXT(2) 
PARAMETRIC_REPRESENTATION_CONTEXT() REPRESENTATION_CONTEXT('2D SPACE',''
  ) );
#5731 = PCURVE('',#305,#5732);
#5732 = DEFINITIONAL_REPRESENTATION('',(#5733),#5737);
#5733 = LINE('',#5734,#5735);
#5734 = CARTESIAN_POINT('',(-0.,0.));
#5735 = VECTOR('',#5736,1.);
#5736 = DIRECTION('',(-0.,-1.));
#5737 = ( GEOMETRIC_REPRESENTATION_CONTEXT(2) 
PARAMETRIC_REPRESENTATION_CONTEXT() REPRESENTATION_CONTEXT('2D SPACE',''
  ) );
#5738 = ORIENTED_EDGE('',*,*,#5739,.T.);
#5739 = EDGE_CURVE('',#5717,#5717,#5740,.T.);
#5740 = SURFACE_CURVE('',#5741,(#5746,#5753),.PCURVE_S1.);
#5741 = CIRCLE('',#5742,13.);
#5742 = AXIS2_PLACEMENT_3D('',#5743,#5744,#5745);
#5743 = CARTESIAN_POINT('',(64.,6.,11.5));
#5744 = DIRECTION('',(0.,0.,1.));
#5745 = DIRECTION('',(1.,0.,0.));
#5746 = PCURVE('',#305,#5747);
#5747 = DEFINITIONAL_REPRESENTATION('',(#5748),#5752);
#5748 = LINE('',#5749,#5750);
#5749 = CARTESIAN_POINT('',(-0.,-9.));
#5750 = VECTOR('',#5751,1.);
#5751 = DIRECTION('',(-1.,0.));
#5752 = ( GEOMETRIC_REPRESENTATION_CONTEXT(2) 
PARAMETRIC_REPRESENTATION_CONTEXT() REPRESENTATION_CONTEXT('2D SPACE',''
  ) );
#5753 = PCURVE('',#5754,#5759);
#5754 = PLANE('',#5755);
#5755 = AXIS2_PLACEMENT_3D('',#5756,#5757,#5758);
#5756 = CARTESIAN_POINT('',(64.,6.,11.5));
#5757 = DIRECTION('',(0.,0.,1.));
#5758 = DIRECTION('',(1.,0.,-0.));
#5759 = DEFINITIONAL_REPRESENTATION('',(#5760),#5764);
#5760 = CIRCLE('',#5761,13.);
#5761 = AXIS2_PLACEMENT_2D('',#5762,#5763);
#5762 = CARTESIAN_POINT('',(0.,-8.881784197001E-16));
#5763 = DIRECTION('',(1.,0.));
#5764 = ( GEOMETRIC_REPRESENTATION_CONTEXT(2) 
PARAMETRIC_REPRESENTATION_CONTEXT() REPRESENTATION_CONTEXT('2D SPACE',''
  ) );
#5765 = ORIENTED_EDGE('',*,*,#5716,.F.);
#5766 = ORIENTED_EDGE('',*,*,#317,.F.);
#5767 = ORIENTED_EDGE('',*,*,#5768,.F.);
#5768 = EDGE_CURVE('',#266,#318,#5769,.T.);
#5769 = SURFACE_CURVE('',#5770,(#5775,#5782),.PCURVE_S1.);
#5770 = CIRCLE('',#5771,13.);
#5771 = AXIS2_PLACEMENT_3D('',#5772,#5773,#5774);
#5772 = CARTESIAN_POINT('',(64.,6.,2.5));
#5773 = DIRECTION('',(0.,0.,1.));
#5774 = DIRECTION('',(1.,0.,0.));
#5775 = PCURVE('',#305,#5776);
#5776 = DEFINITIONAL_REPRESENTATION('',(#5777),#5781);
#5777 = LINE('',#5778,#5779);
#5778 = CARTESIAN_POINT('',(-0.,0.));
#5779 = VECTOR('',#5780,1.);
#5780 = DIRECTION('',(-1.,0.));
#5781 = ( GEOMETRIC_REPRESENTATION_CONTEXT(2) 
PARAMETRIC_REPRESENTATION_CONTEXT() REPRESENTATION_CONTEXT('2D SPACE',''
  ) );
#5782 = PCURVE('',#5333,#5783);
#5783 = DEFINITIONAL_REPRESENTATION('',(#5784),#5788);
#5784 = CIRCLE('',#5785,13.);
#5785 = AXIS2_PLACEMENT_2D('',#5786,#5787);
#5786 = CARTESIAN_POINT('',(0.,-8.881784197001E-16));
#5787 = DIRECTION('',(1.,0.));
#5788 = ( GEOMETRIC_REPRESENTATION_CONTEXT(2) 
PARAMETRIC_REPRESENTATION_CONTEXT() REPRESENTATION_CONTEXT('2D SPACE',''
  ) );
#5789 = ADVANCED_FACE('',(#5790),#457,.T.);
#5790 = FACE_BOUND('',#5791,.F.);
#5791 = EDGE_LOOP('',(#5792,#5793,#5816,#5843,#5844,#5845));
#5792 = ORIENTED_EDGE('',*,*,#440,.F.);
#5793 = ORIENTED_EDGE('',*,*,#5794,.T.);
#5794 = EDGE_CURVE('',#441,#5795,#5797,.T.);
#5795 = VERTEX_POINT('',#5796);
#5796 = CARTESIAN_POINT('',(13.,6.,11.5));
#5797 = SEAM_CURVE('',#5798,(#5802,#5809),.PCURVE_S1.);
#5798 = LINE('',#5799,#5800);
#5799 = CARTESIAN_POINT('',(13.,6.,2.5));
#5800 = VECTOR('',#5801,1.);
#5801 = DIRECTION('',(0.,0.,1.));
#5802 = PCURVE('',#457,#5803);
#5803 = DEFINITIONAL_REPRESENTATION('',(#5804),#5808);
#5804 = LINE('',#5805,#5806);
#5805 = CARTESIAN_POINT('',(-6.28318530718,0.));
#5806 = VECTOR('',#5807,1.);
#5807 = DIRECTION('',(-0.,-1.));
#5808 = ( GEOMETRIC_REPRESENTATION_CONTEXT(2) 
PARAMETRIC_REPRESENTATION_CONTEXT() REPRESENTATION_CONTEXT('2D SPACE',''
  ) );
#5809 = PCURVE('',#457,#5810);
#5810 = DEFINITIONAL_REPRESENTATION('',(#5811),#5815);
#5811 = LINE('',#5812,#5813);
#5812 = CARTESIAN_POINT('',(-0.,0.));
#5813 = VECTOR('',#5814,1.);
#5814 = DIRECTION('',(-0.,-1.));
#5815 = ( GEOMETRIC_REPRESENTATION_CONTEXT(2) 
PARAMETRIC_REPRESENTATION_CONTEXT() REPRESENTATION_CONTEXT('2D SPACE',''
  ) );
#5816 = ORIENTED_EDGE('',*,*,#5817,.T.);
#5817 = EDGE_CURVE('',#5795,#5795,#5818,.T.);
#5818 = SURFACE_CURVE('',#5819,(#5824,#5831),.PCURVE_S1.);
#5819 = CIRCLE('',#5820,13.);
#5820 = AXIS2_PLACEMENT_3D('',#5821,#5822,#5823);
#5821 = CARTESIAN_POINT('',(0.,6.,11.5));
#5822 = DIRECTION('',(0.,0.,1.));
#5823 = DIRECTION('',(1.,0.,0.));
#5824 = PCURVE('',#457,#5825);
#5825 = DEFINITIONAL_REPRESENTATION('',(#5826),#5830);
#5826 = LINE('',#5827,#5828);
#5827 = CARTESIAN_POINT('',(-0.,-9.));
#5828 = VECTOR('',#5829,1.);
#5829 = DIRECTION('',(-1.,0.));
#5830 = ( GEOMETRIC_REPRESENTATION_CONTEXT(2) 
PARAMETRIC_REPRESENTATION_CONTEXT() REPRESENTATION_CONTEXT('2D SPACE',''
  ) );
#5831 = PCURVE('',#5832,#5837);
#5832 = PLANE('',#5833);
#5833 = AXIS2_PLACEMENT_3D('',#5834,#5835,#5836);
#5834 = CARTESIAN_POINT('',(-4.207508100121E-16,6.,11.5));
#5835 = DIRECTION('',(0.,0.,1.));
#5836 = DIRECTION('',(1.,0.,-0.));
#5837 = DEFINITIONAL_REPRESENTATION('',(#5838),#5842);
#5838 = CIRCLE('',#5839,13.);
#5839 = AXIS2_PLACEMENT_2D('',#5840,#5841);
#5840 = CARTESIAN_POINT('',(4.207508100121E-16,-8.881784197001E-16));
#5841 = DIRECTION('',(1.,0.));
#5842 = ( GEOMETRIC_REPRESENTATION_CONTEXT(2) 
PARAMETRIC_REPRESENTATION_CONTEXT() REPRESENTATION_CONTEXT('2D SPACE',''
  ) );
#5843 = ORIENTED_EDGE('',*,*,#5794,.F.);
#5844 = ORIENTED_EDGE('',*,*,#469,.F.);
#5845 = ORIENTED_EDGE('',*,*,#5846,.F.);
#5846 = EDGE_CURVE('',#418,#470,#5847,.T.);
#5847 = SURFACE_CURVE('',#5848,(#5853,#5860),.PCURVE_S1.);
#5848 = CIRCLE('',#5849,13.);
#5849 = AXIS2_PLACEMENT_3D('',#5850,#5851,#5852);
#5850 = CARTESIAN_POINT('',(0.,6.,2.5));
#5851 = DIRECTION('',(0.,0.,1.));
#5852 = DIRECTION('',(1.,0.,0.));
#5853 = PCURVE('',#457,#5854);
#5854 = DEFINITIONAL_REPRESENTATION('',(#5855),#5859);
#5855 = LINE('',#5856,#5857);
#5856 = CARTESIAN_POINT('',(-0.,0.));
#5857 = VECTOR('',#5858,1.);
#5858 = DIRECTION('',(-1.,0.));
#5859 = ( GEOMETRIC_REPRESENTATION_CONTEXT(2) 
PARAMETRIC_REPRESENTATION_CONTEXT() REPRESENTATION_CONTEXT('2D SPACE',''
  ) );
#5860 = PCURVE('',#5279,#5861);
#5861 = DEFINITIONAL_REPRESENTATION('',(#5862),#5866);
#5862 = CIRCLE('',#5863,13.);
#5863 = AXIS2_PLACEMENT_2D('',#5864,#5865);
#5864 = CARTESIAN_POINT('',(4.207508100121E-16,-8.881784197001E-16));
#5865 = DIRECTION('',(1.,0.));
#5866 = ( GEOMETRIC_REPRESENTATION_CONTEXT(2) 
PARAMETRIC_REPRESENTATION_CONTEXT() REPRESENTATION_CONTEXT('2D SPACE',''
  ) );
#5867 = ADVANCED_FACE('',(#5868),#381,.T.);
#5868 = FACE_BOUND('',#5869,.F.);
#5869 = EDGE_LOOP('',(#5870,#5871,#5894,#5921,#5922,#5923));
#5870 = ORIENTED_EDGE('',*,*,#364,.F.);
#5871 = ORIENTED_EDGE('',*,*,#5872,.T.);
#5872 = EDGE_CURVE('',#365,#5873,#5875,.T.);
#5873 = VERTEX_POINT('',#5874);
#5874 = CARTESIAN_POINT('',(45.,6.,11.5));
#5875 = SEAM_CURVE('',#5876,(#5880,#5887),.PCURVE_S1.);
#5876 = LINE('',#5877,#5878);
#5877 = CARTESIAN_POINT('',(45.,6.,2.5));
#5878 = VECTOR('',#5879,1.);
#5879 = DIRECTION('',(0.,0.,1.));
#5880 = PCURVE('',#381,#5881);
#5881 = DEFINITIONAL_REPRESENTATION('',(#5882),#5886);
#5882 = LINE('',#5883,#5884);
#5883 = CARTESIAN_POINT('',(-6.28318530718,0.));
#5884 = VECTOR('',#5885,1.);
#5885 = DIRECTION('',(-0.,-1.));
#5886 = ( GEOMETRIC_REPRESENTATION_CONTEXT(2) 
PARAMETRIC_REPRESENTATION_CONTEXT() REPRESENTATION_CONTEXT('2D SPACE',''
  ) );
#5887 = PCURVE('',#381,#5888);
#5888 = DEFINITIONAL_REPRESENTATION('',(#5889),#5893);
#5889 = LINE('',#5890,#5891);
#5890 = CARTESIAN_POINT('',(-0.,0.));
#5891 = VECTOR('',#5892,1.);
#5892 = DIRECTION('',(-0.,-1.));
#5893 = ( GEOMETRIC_REPRESENTATION_CONTEXT(2) 
PARAMETRIC_REPRESENTATION_CONTEXT() REPRESENTATION_CONTEXT('2D SPACE',''
  ) );
#5894 = ORIENTED_EDGE('',*,*,#5895,.T.);
#5895 = EDGE_CURVE('',#5873,#5873,#5896,.T.);
#5896 = SURFACE_CURVE('',#5897,(#5902,#5909),.PCURVE_S1.);
#5897 = CIRCLE('',#5898,13.);
#5898 = AXIS2_PLACEMENT_3D('',#5899,#5900,#5901);
#5899 = CARTESIAN_POINT('',(32.,6.,11.5));
#5900 = DIRECTION('',(0.,0.,1.));
#5901 = DIRECTION('',(1.,0.,0.));
#5902 = PCURVE('',#381,#5903);
#5903 = DEFINITIONAL_REPRESENTATION('',(#5904),#5908);
#5904 = LINE('',#5905,#5906);
#5905 = CARTESIAN_POINT('',(-0.,-9.));
#5906 = VECTOR('',#5907,1.);
#5907 = DIRECTION('',(-1.,0.));
#5908 = ( GEOMETRIC_REPRESENTATION_CONTEXT(2) 
PARAMETRIC_REPRESENTATION_CONTEXT() REPRESENTATION_CONTEXT('2D SPACE',''
  ) );
#5909 = PCURVE('',#5910,#5915);
#5910 = PLANE('',#5911);
#5911 = AXIS2_PLACEMENT_3D('',#5912,#5913,#5914);
#5912 = CARTESIAN_POINT('',(32.,6.,11.5));
#5913 = DIRECTION('',(0.,0.,1.));
#5914 = DIRECTION('',(1.,0.,-0.));
#5915 = DEFINITIONAL_REPRESENTATION('',(#5916),#5920);
#5916 = CIRCLE('',#5917,13.);
#5917 = AXIS2_PLACEMENT_2D('',#5918,#5919);
#5918 = CARTESIAN_POINT('',(0.,-8.881784197001E-16));
#5919 = DIRECTION('',(1.,0.));
#5920 = ( GEOMETRIC_REPRESENTATION_CONTEXT(2) 
PARAMETRIC_REPRESENTATION_CONTEXT() REPRESENTATION_CONTEXT('2D SPACE',''
  ) );
#5921 = ORIENTED_EDGE('',*,*,#5872,.F.);
#5922 = ORIENTED_EDGE('',*,*,#393,.F.);
#5923 = ORIENTED_EDGE('',*,*,#5924,.F.);
#5924 = EDGE_CURVE('',#342,#394,#5925,.T.);
#5925 = SURFACE_CURVE('',#5926,(#5931,#5938),.PCURVE_S1.);
#5926 = CIRCLE('',#5927,13.);
#5927 = AXIS2_PLACEMENT_3D('',#5928,#5929,#5930);
#5928 = CARTESIAN_POINT('',(32.,6.,2.5));
#5929 = DIRECTION('',(0.,0.,1.));
#5930 = DIRECTION('',(1.,0.,0.));
#5931 = PCURVE('',#381,#5932);
#5932 = DEFINITIONAL_REPRESENTATION('',(#5933),#5937);
#5933 = LINE('',#5934,#5935);
#5934 = CARTESIAN_POINT('',(-0.,0.));
#5935 = VECTOR('',#5936,1.);
#5936 = DIRECTION('',(-1.,0.));
#5937 = ( GEOMETRIC_REPRESENTATION_CONTEXT(2) 
PARAMETRIC_REPRESENTATION_CONTEXT() REPRESENTATION_CONTEXT('2D SPACE',''
  ) );
#5938 = PCURVE('',#5306,#5939);
#5939 = DEFINITIONAL_REPRESENTATION('',(#5940),#5944);
#5940 = CIRCLE('',#5941,13.);
#5941 = AXIS2_PLACEMENT_2D('',#5942,#5943);
#5942 = CARTESIAN_POINT('',(0.,-8.881784197001E-16));
#5943 = DIRECTION('',(1.,0.));
#5944 = ( GEOMETRIC_REPRESENTATION_CONTEXT(2) 
PARAMETRIC_REPRESENTATION_CONTEXT() REPRESENTATION_CONTEXT('2D SPACE',''
  ) );
#5945 = ADVANCED_FACE('',(#5946),#663,.T.);
#5946 = FACE_BOUND('',#5947,.T.);
#5947 = EDGE_LOOP('',(#5948,#5971,#5999,#6020));
#5948 = ORIENTED_EDGE('',*,*,#5949,.T.);
#5949 = EDGE_CURVE('',#646,#5950,#5952,.T.);
#5950 = VERTEX_POINT('',#5951);
#5951 = CARTESIAN_POINT('',(-65.89404296875,-10.12194824218,1.7));
#5952 = SURFACE_CURVE('',#5953,(#5957,#5964),.PCURVE_S1.);
#5953 = LINE('',#5954,#5955);
#5954 = CARTESIAN_POINT('',(-65.89404296875,-10.12194824218,2.5));
#5955 = VECTOR('',#5956,1.);
#5956 = DIRECTION('',(-0.,-0.,-1.));
#5957 = PCURVE('',#663,#5958);
#5958 = DEFINITIONAL_REPRESENTATION('',(#5959),#5963);
#5959 = LINE('',#5960,#5961);
#5960 = CARTESIAN_POINT('',(0.,0.));
#5961 = VECTOR('',#5962,1.);
#5962 = DIRECTION('',(0.,-1.));
#5963 = ( GEOMETRIC_REPRESENTATION_CONTEXT(2) 
PARAMETRIC_REPRESENTATION_CONTEXT() REPRESENTATION_CONTEXT('2D SPACE',''
  ) );
#5964 = PCURVE('',#745,#5965);
#5965 = DEFINITIONAL_REPRESENTATION('',(#5966),#5970);
#5966 = LINE('',#5967,#5968);
#5967 = CARTESIAN_POINT('',(1.215087890625,0.));
#5968 = VECTOR('',#5969,1.);
#5969 = DIRECTION('',(0.,-1.));
#5970 = ( GEOMETRIC_REPRESENTATION_CONTEXT(2) 
PARAMETRIC_REPRESENTATION_CONTEXT() REPRESENTATION_CONTEXT('2D SPACE',''
  ) );
#5971 = ORIENTED_EDGE('',*,*,#5972,.T.);
#5972 = EDGE_CURVE('',#5950,#5973,#5975,.T.);
#5973 = VERTEX_POINT('',#5974);
#5974 = CARTESIAN_POINT('',(-65.89404296875,-10.51965332031,1.7));
#5975 = SURFACE_CURVE('',#5976,(#5980,#5987),.PCURVE_S1.);
#5976 = LINE('',#5977,#5978);
#5977 = CARTESIAN_POINT('',(-65.89404296875,-10.12194824218,1.7));
#5978 = VECTOR('',#5979,1.);
#5979 = DIRECTION('',(0.,-1.,0.));
#5980 = PCURVE('',#663,#5981);
#5981 = DEFINITIONAL_REPRESENTATION('',(#5982),#5986);
#5982 = LINE('',#5983,#5984);
#5983 = CARTESIAN_POINT('',(0.,-0.8));
#5984 = VECTOR('',#5985,1.);
#5985 = DIRECTION('',(1.,0.));
#5986 = ( GEOMETRIC_REPRESENTATION_CONTEXT(2) 
PARAMETRIC_REPRESENTATION_CONTEXT() REPRESENTATION_CONTEXT('2D SPACE',''
  ) );
#5987 = PCURVE('',#5988,#5993);
#5988 = PLANE('',#5989);
#5989 = AXIS2_PLACEMENT_3D('',#5990,#5991,#5992);
#5990 = CARTESIAN_POINT('',(-67.251953125,-11.48645019531,1.7));
#5991 = DIRECTION('',(0.,0.,1.));
#5992 = DIRECTION('',(1.,0.,0.));
#5993 = DEFINITIONAL_REPRESENTATION('',(#5994),#5998);
#5994 = LINE('',#5995,#5996);
#5995 = CARTESIAN_POINT('',(1.35791015625,1.364501953125));
#5996 = VECTOR('',#5997,1.);
#5997 = DIRECTION('',(0.,-1.));
#5998 = ( GEOMETRIC_REPRESENTATION_CONTEXT(2) 
PARAMETRIC_REPRESENTATION_CONTEXT() REPRESENTATION_CONTEXT('2D SPACE',''
  ) );
#5999 = ORIENTED_EDGE('',*,*,#6000,.F.);
#6000 = EDGE_CURVE('',#648,#5973,#6001,.T.);
#6001 = SURFACE_CURVE('',#6002,(#6006,#6013),.PCURVE_S1.);
#6002 = LINE('',#6003,#6004);
#6003 = CARTESIAN_POINT('',(-65.89404296875,-10.51965332031,2.5));
#6004 = VECTOR('',#6005,1.);
#6005 = DIRECTION('',(-0.,-0.,-1.));
#6006 = PCURVE('',#663,#6007);
#6007 = DEFINITIONAL_REPRESENTATION('',(#6008),#6012);
#6008 = LINE('',#6009,#6010);
#6009 = CARTESIAN_POINT('',(0.397705078125,0.));
#6010 = VECTOR('',#6011,1.);
#6011 = DIRECTION('',(0.,-1.));
#6012 = ( GEOMETRIC_REPRESENTATION_CONTEXT(2) 
PARAMETRIC_REPRESENTATION_CONTEXT() REPRESENTATION_CONTEXT('2D SPACE',''
  ) );
#6013 = PCURVE('',#691,#6014);
#6014 = DEFINITIONAL_REPRESENTATION('',(#6015),#6019);
#6015 = LINE('',#6016,#6017);
#6016 = CARTESIAN_POINT('',(0.,0.));
#6017 = VECTOR('',#6018,1.);
#6018 = DIRECTION('',(0.,-1.));
#6019 = ( GEOMETRIC_REPRESENTATION_CONTEXT(2) 
PARAMETRIC_REPRESENTATION_CONTEXT() REPRESENTATION_CONTEXT('2D SPACE',''
  ) );
#6020 = ORIENTED_EDGE('',*,*,#645,.F.);
#6021 = ADVANCED_FACE('',(#6022),#745,.T.);
#6022 = FACE_BOUND('',#6023,.T.);
#6023 = EDGE_LOOP('',(#6024,#6047,#6068,#6069));
#6024 = ORIENTED_EDGE('',*,*,#6025,.T.);
#6025 = EDGE_CURVE('',#704,#6026,#6028,.T.);
#6026 = VERTEX_POINT('',#6027);
#6027 = CARTESIAN_POINT('',(-67.10913085937,-10.12194824218,1.7));
#6028 = SURFACE_CURVE('',#6029,(#6033,#6040),.PCURVE_S1.);
#6029 = LINE('',#6030,#6031);
#6030 = CARTESIAN_POINT('',(-67.10913085937,-10.12194824218,2.5));
#6031 = VECTOR('',#6032,1.);
#6032 = DIRECTION('',(-0.,-0.,-1.));
#6033 = PCURVE('',#745,#6034);
#6034 = DEFINITIONAL_REPRESENTATION('',(#6035),#6039);
#6035 = LINE('',#6036,#6037);
#6036 = CARTESIAN_POINT('',(0.,0.));
#6037 = VECTOR('',#6038,1.);
#6038 = DIRECTION('',(0.,-1.));
#6039 = ( GEOMETRIC_REPRESENTATION_CONTEXT(2) 
PARAMETRIC_REPRESENTATION_CONTEXT() REPRESENTATION_CONTEXT('2D SPACE',''
  ) );
#6040 = PCURVE('',#719,#6041);
#6041 = DEFINITIONAL_REPRESENTATION('',(#6042),#6046);
#6042 = LINE('',#6043,#6044);
#6043 = CARTESIAN_POINT('',(0.397705078125,0.));
#6044 = VECTOR('',#6045,1.);
#6045 = DIRECTION('',(0.,-1.));
#6046 = ( GEOMETRIC_REPRESENTATION_CONTEXT(2) 
PARAMETRIC_REPRESENTATION_CONTEXT() REPRESENTATION_CONTEXT('2D SPACE',''
  ) );
#6047 = ORIENTED_EDGE('',*,*,#6048,.T.);
#6048 = EDGE_CURVE('',#6026,#5950,#6049,.T.);
#6049 = SURFACE_CURVE('',#6050,(#6054,#6061),.PCURVE_S1.);
#6050 = LINE('',#6051,#6052);
#6051 = CARTESIAN_POINT('',(-67.10913085937,-10.12194824218,1.7));
#6052 = VECTOR('',#6053,1.);
#6053 = DIRECTION('',(1.,0.,0.));
#6054 = PCURVE('',#745,#6055);
#6055 = DEFINITIONAL_REPRESENTATION('',(#6056),#6060);
#6056 = LINE('',#6057,#6058);
#6057 = CARTESIAN_POINT('',(0.,-0.8));
#6058 = VECTOR('',#6059,1.);
#6059 = DIRECTION('',(1.,0.));
#6060 = ( GEOMETRIC_REPRESENTATION_CONTEXT(2) 
PARAMETRIC_REPRESENTATION_CONTEXT() REPRESENTATION_CONTEXT('2D SPACE',''
  ) );
#6061 = PCURVE('',#5988,#6062);
#6062 = DEFINITIONAL_REPRESENTATION('',(#6063),#6067);
#6063 = LINE('',#6064,#6065);
#6064 = CARTESIAN_POINT('',(0.142822265625,1.364501953125));
#6065 = VECTOR('',#6066,1.);
#6066 = DIRECTION('',(1.,0.));
#6067 = ( GEOMETRIC_REPRESENTATION_CONTEXT(2) 
PARAMETRIC_REPRESENTATION_CONTEXT() REPRESENTATION_CONTEXT('2D SPACE',''
  ) );
#6068 = ORIENTED_EDGE('',*,*,#5949,.F.);
#6069 = ORIENTED_EDGE('',*,*,#731,.F.);
#6070 = ADVANCED_FACE('',(#6071),#691,.T.);
#6071 = FACE_BOUND('',#6072,.T.);
#6072 = EDGE_LOOP('',(#6073,#6074,#6097,#6118));
#6073 = ORIENTED_EDGE('',*,*,#6000,.T.);
#6074 = ORIENTED_EDGE('',*,*,#6075,.T.);
#6075 = EDGE_CURVE('',#5973,#6076,#6078,.T.);
#6076 = VERTEX_POINT('',#6077);
#6077 = CARTESIAN_POINT('',(-67.10913085937,-10.51965332031,1.7));
#6078 = SURFACE_CURVE('',#6079,(#6083,#6090),.PCURVE_S1.);
#6079 = LINE('',#6080,#6081);
#6080 = CARTESIAN_POINT('',(-65.89404296875,-10.51965332031,1.7));
#6081 = VECTOR('',#6082,1.);
#6082 = DIRECTION('',(-1.,0.,0.));
#6083 = PCURVE('',#691,#6084);
#6084 = DEFINITIONAL_REPRESENTATION('',(#6085),#6089);
#6085 = LINE('',#6086,#6087);
#6086 = CARTESIAN_POINT('',(0.,-0.8));
#6087 = VECTOR('',#6088,1.);
#6088 = DIRECTION('',(1.,0.));
#6089 = ( GEOMETRIC_REPRESENTATION_CONTEXT(2) 
PARAMETRIC_REPRESENTATION_CONTEXT() REPRESENTATION_CONTEXT('2D SPACE',''
  ) );
#6090 = PCURVE('',#5988,#6091);
#6091 = DEFINITIONAL_REPRESENTATION('',(#6092),#6096);
#6092 = LINE('',#6093,#6094);
#6093 = CARTESIAN_POINT('',(1.35791015625,0.966796875));
#6094 = VECTOR('',#6095,1.);
#6095 = DIRECTION('',(-1.,0.));
#6096 = ( GEOMETRIC_REPRESENTATION_CONTEXT(2) 
PARAMETRIC_REPRESENTATION_CONTEXT() REPRESENTATION_CONTEXT('2D SPACE',''
  ) );
#6097 = ORIENTED_EDGE('',*,*,#6098,.F.);
#6098 = EDGE_CURVE('',#676,#6076,#6099,.T.);
#6099 = SURFACE_CURVE('',#6100,(#6104,#6111),.PCURVE_S1.);
#6100 = LINE('',#6101,#6102);
#6101 = CARTESIAN_POINT('',(-67.10913085937,-10.51965332031,2.5));
#6102 = VECTOR('',#6103,1.);
#6103 = DIRECTION('',(-0.,-0.,-1.));
#6104 = PCURVE('',#691,#6105);
#6105 = DEFINITIONAL_REPRESENTATION('',(#6106),#6110);
#6106 = LINE('',#6107,#6108);
#6107 = CARTESIAN_POINT('',(1.215087890625,0.));
#6108 = VECTOR('',#6109,1.);
#6109 = DIRECTION('',(0.,-1.));
#6110 = ( GEOMETRIC_REPRESENTATION_CONTEXT(2) 
PARAMETRIC_REPRESENTATION_CONTEXT() REPRESENTATION_CONTEXT('2D SPACE',''
  ) );
#6111 = PCURVE('',#719,#6112);
#6112 = DEFINITIONAL_REPRESENTATION('',(#6113),#6117);
#6113 = LINE('',#6114,#6115);
#6114 = CARTESIAN_POINT('',(0.,0.));
#6115 = VECTOR('',#6116,1.);
#6116 = DIRECTION('',(0.,-1.));
#6117 = ( GEOMETRIC_REPRESENTATION_CONTEXT(2) 
PARAMETRIC_REPRESENTATION_CONTEXT() REPRESENTATION_CONTEXT('2D SPACE',''
  ) );
#6118 = ORIENTED_EDGE('',*,*,#675,.F.);
#6119 = ADVANCED_FACE('',(#6120),#719,.T.);
#6120 = FACE_BOUND('',#6121,.T.);
#6121 = EDGE_LOOP('',(#6122,#6123,#6144,#6145));
#6122 = ORIENTED_EDGE('',*,*,#6098,.T.);
#6123 = ORIENTED_EDGE('',*,*,#6124,.T.);
#6124 = EDGE_CURVE('',#6076,#6026,#6125,.T.);
#6125 = SURFACE_CURVE('',#6126,(#6130,#6137),.PCURVE_S1.);
#6126 = LINE('',#6127,#6128);
#6127 = CARTESIAN_POINT('',(-67.10913085937,-10.51965332031,1.7));
#6128 = VECTOR('',#6129,1.);
#6129 = DIRECTION('',(0.,1.,0.));
#6130 = PCURVE('',#719,#6131);
#6131 = DEFINITIONAL_REPRESENTATION('',(#6132),#6136);
#6132 = LINE('',#6133,#6134);
#6133 = CARTESIAN_POINT('',(0.,-0.8));
#6134 = VECTOR('',#6135,1.);
#6135 = DIRECTION('',(1.,0.));
#6136 = ( GEOMETRIC_REPRESENTATION_CONTEXT(2) 
PARAMETRIC_REPRESENTATION_CONTEXT() REPRESENTATION_CONTEXT('2D SPACE',''
  ) );
#6137 = PCURVE('',#5988,#6138);
#6138 = DEFINITIONAL_REPRESENTATION('',(#6139),#6143);
#6139 = LINE('',#6140,#6141);
#6140 = CARTESIAN_POINT('',(0.142822265625,0.966796875));
#6141 = VECTOR('',#6142,1.);
#6142 = DIRECTION('',(0.,1.));
#6143 = ( GEOMETRIC_REPRESENTATION_CONTEXT(2) 
PARAMETRIC_REPRESENTATION_CONTEXT() REPRESENTATION_CONTEXT('2D SPACE',''
  ) );
#6144 = ORIENTED_EDGE('',*,*,#6025,.F.);
#6145 = ORIENTED_EDGE('',*,*,#703,.F.);
#6146 = ADVANCED_FACE('',(#6147),#777,.T.);
#6147 = FACE_BOUND('',#6148,.T.);
#6148 = EDGE_LOOP('',(#6149,#6172,#6200,#6221));
#6149 = ORIENTED_EDGE('',*,*,#6150,.T.);
#6150 = EDGE_CURVE('',#760,#6151,#6153,.T.);
#6151 = VERTEX_POINT('',#6152);
#6152 = CARTESIAN_POINT('',(-33.89404296875,-10.12194824218,1.7));
#6153 = SURFACE_CURVE('',#6154,(#6158,#6165),.PCURVE_S1.);
#6154 = LINE('',#6155,#6156);
#6155 = CARTESIAN_POINT('',(-33.89404296875,-10.12194824218,2.5));
#6156 = VECTOR('',#6157,1.);
#6157 = DIRECTION('',(-0.,-0.,-1.));
#6158 = PCURVE('',#777,#6159);
#6159 = DEFINITIONAL_REPRESENTATION('',(#6160),#6164);
#6160 = LINE('',#6161,#6162);
#6161 = CARTESIAN_POINT('',(0.,0.));
#6162 = VECTOR('',#6163,1.);
#6163 = DIRECTION('',(0.,-1.));
#6164 = ( GEOMETRIC_REPRESENTATION_CONTEXT(2) 
PARAMETRIC_REPRESENTATION_CONTEXT() REPRESENTATION_CONTEXT('2D SPACE',''
  ) );
#6165 = PCURVE('',#859,#6166);
#6166 = DEFINITIONAL_REPRESENTATION('',(#6167),#6171);
#6167 = LINE('',#6168,#6169);
#6168 = CARTESIAN_POINT('',(1.215087890625,0.));
#6169 = VECTOR('',#6170,1.);
#6170 = DIRECTION('',(0.,-1.));
#6171 = ( GEOMETRIC_REPRESENTATION_CONTEXT(2) 
PARAMETRIC_REPRESENTATION_CONTEXT() REPRESENTATION_CONTEXT('2D SPACE',''
  ) );
#6172 = ORIENTED_EDGE('',*,*,#6173,.T.);
#6173 = EDGE_CURVE('',#6151,#6174,#6176,.T.);
#6174 = VERTEX_POINT('',#6175);
#6175 = CARTESIAN_POINT('',(-33.89404296875,-10.51965332031,1.7));
#6176 = SURFACE_CURVE('',#6177,(#6181,#6188),.PCURVE_S1.);
#6177 = LINE('',#6178,#6179);
#6178 = CARTESIAN_POINT('',(-33.89404296875,-10.12194824218,1.7));
#6179 = VECTOR('',#6180,1.);
#6180 = DIRECTION('',(0.,-1.,0.));
#6181 = PCURVE('',#777,#6182);
#6182 = DEFINITIONAL_REPRESENTATION('',(#6183),#6187);
#6183 = LINE('',#6184,#6185);
#6184 = CARTESIAN_POINT('',(0.,-0.8));
#6185 = VECTOR('',#6186,1.);
#6186 = DIRECTION('',(1.,0.));
#6187 = ( GEOMETRIC_REPRESENTATION_CONTEXT(2) 
PARAMETRIC_REPRESENTATION_CONTEXT() REPRESENTATION_CONTEXT('2D SPACE',''
  ) );
#6188 = PCURVE('',#6189,#6194);
#6189 = PLANE('',#6190);
#6190 = AXIS2_PLACEMENT_3D('',#6191,#6192,#6193);
#6191 = CARTESIAN_POINT('',(-35.251953125,-11.48645019531,1.7));
#6192 = DIRECTION('',(0.,0.,1.));
#6193 = DIRECTION('',(1.,0.,0.));
#6194 = DEFINITIONAL_REPRESENTATION('',(#6195),#6199);
#6195 = LINE('',#6196,#6197);
#6196 = CARTESIAN_POINT('',(1.35791015625,1.364501953125));
#6197 = VECTOR('',#6198,1.);
#6198 = DIRECTION('',(0.,-1.));
#6199 = ( GEOMETRIC_REPRESENTATION_CONTEXT(2) 
PARAMETRIC_REPRESENTATION_CONTEXT() REPRESENTATION_CONTEXT('2D SPACE',''
  ) );
#6200 = ORIENTED_EDGE('',*,*,#6201,.F.);
#6201 = EDGE_CURVE('',#762,#6174,#6202,.T.);
#6202 = SURFACE_CURVE('',#6203,(#6207,#6214),.PCURVE_S1.);
#6203 = LINE('',#6204,#6205);
#6204 = CARTESIAN_POINT('',(-33.89404296875,-10.51965332031,2.5));
#6205 = VECTOR('',#6206,1.);
#6206 = DIRECTION('',(-0.,-0.,-1.));
#6207 = PCURVE('',#777,#6208);
#6208 = DEFINITIONAL_REPRESENTATION('',(#6209),#6213);
#6209 = LINE('',#6210,#6211);
#6210 = CARTESIAN_POINT('',(0.397705078125,0.));
#6211 = VECTOR('',#6212,1.);
#6212 = DIRECTION('',(0.,-1.));
#6213 = ( GEOMETRIC_REPRESENTATION_CONTEXT(2) 
PARAMETRIC_REPRESENTATION_CONTEXT() REPRESENTATION_CONTEXT('2D SPACE',''
  ) );
#6214 = PCURVE('',#805,#6215);
#6215 = DEFINITIONAL_REPRESENTATION('',(#6216),#6220);
#6216 = LINE('',#6217,#6218);
#6217 = CARTESIAN_POINT('',(0.,0.));
#6218 = VECTOR('',#6219,1.);
#6219 = DIRECTION('',(0.,-1.));
#6220 = ( GEOMETRIC_REPRESENTATION_CONTEXT(2) 
PARAMETRIC_REPRESENTATION_CONTEXT() REPRESENTATION_CONTEXT('2D SPACE',''
  ) );
#6221 = ORIENTED_EDGE('',*,*,#759,.F.);
#6222 = ADVANCED_FACE('',(#6223),#859,.T.);
#6223 = FACE_BOUND('',#6224,.T.);
#6224 = EDGE_LOOP('',(#6225,#6248,#6269,#6270));
#6225 = ORIENTED_EDGE('',*,*,#6226,.T.);
#6226 = EDGE_CURVE('',#818,#6227,#6229,.T.);
#6227 = VERTEX_POINT('',#6228);
#6228 = CARTESIAN_POINT('',(-35.10913085937,-10.12194824218,1.7));
#6229 = SURFACE_CURVE('',#6230,(#6234,#6241),.PCURVE_S1.);
#6230 = LINE('',#6231,#6232);
#6231 = CARTESIAN_POINT('',(-35.10913085937,-10.12194824218,2.5));
#6232 = VECTOR('',#6233,1.);
#6233 = DIRECTION('',(-0.,-0.,-1.));
#6234 = PCURVE('',#859,#6235);
#6235 = DEFINITIONAL_REPRESENTATION('',(#6236),#6240);
#6236 = LINE('',#6237,#6238);
#6237 = CARTESIAN_POINT('',(0.,0.));
#6238 = VECTOR('',#6239,1.);
#6239 = DIRECTION('',(0.,-1.));
#6240 = ( GEOMETRIC_REPRESENTATION_CONTEXT(2) 
PARAMETRIC_REPRESENTATION_CONTEXT() REPRESENTATION_CONTEXT('2D SPACE',''
  ) );
#6241 = PCURVE('',#833,#6242);
#6242 = DEFINITIONAL_REPRESENTATION('',(#6243),#6247);
#6243 = LINE('',#6244,#6245);
#6244 = CARTESIAN_POINT('',(0.397705078125,0.));
#6245 = VECTOR('',#6246,1.);
#6246 = DIRECTION('',(0.,-1.));
#6247 = ( GEOMETRIC_REPRESENTATION_CONTEXT(2) 
PARAMETRIC_REPRESENTATION_CONTEXT() REPRESENTATION_CONTEXT('2D SPACE',''
  ) );
#6248 = ORIENTED_EDGE('',*,*,#6249,.T.);
#6249 = EDGE_CURVE('',#6227,#6151,#6250,.T.);
#6250 = SURFACE_CURVE('',#6251,(#6255,#6262),.PCURVE_S1.);
#6251 = LINE('',#6252,#6253);
#6252 = CARTESIAN_POINT('',(-35.10913085937,-10.12194824218,1.7));
#6253 = VECTOR('',#6254,1.);
#6254 = DIRECTION('',(1.,0.,0.));
#6255 = PCURVE('',#859,#6256);
#6256 = DEFINITIONAL_REPRESENTATION('',(#6257),#6261);
#6257 = LINE('',#6258,#6259);
#6258 = CARTESIAN_POINT('',(0.,-0.8));
#6259 = VECTOR('',#6260,1.);
#6260 = DIRECTION('',(1.,0.));
#6261 = ( GEOMETRIC_REPRESENTATION_CONTEXT(2) 
PARAMETRIC_REPRESENTATION_CONTEXT() REPRESENTATION_CONTEXT('2D SPACE',''
  ) );
#6262 = PCURVE('',#6189,#6263);
#6263 = DEFINITIONAL_REPRESENTATION('',(#6264),#6268);
#6264 = LINE('',#6265,#6266);
#6265 = CARTESIAN_POINT('',(0.142822265625,1.364501953125));
#6266 = VECTOR('',#6267,1.);
#6267 = DIRECTION('',(1.,0.));
#6268 = ( GEOMETRIC_REPRESENTATION_CONTEXT(2) 
PARAMETRIC_REPRESENTATION_CONTEXT() REPRESENTATION_CONTEXT('2D SPACE',''
  ) );
#6269 = ORIENTED_EDGE('',*,*,#6150,.F.);
#6270 = ORIENTED_EDGE('',*,*,#845,.F.);
#6271 = ADVANCED_FACE('',(#6272),#805,.T.);
#6272 = FACE_BOUND('',#6273,.T.);
#6273 = EDGE_LOOP('',(#6274,#6275,#6298,#6319));
#6274 = ORIENTED_EDGE('',*,*,#6201,.T.);
#6275 = ORIENTED_EDGE('',*,*,#6276,.T.);
#6276 = EDGE_CURVE('',#6174,#6277,#6279,.T.);
#6277 = VERTEX_POINT('',#6278);
#6278 = CARTESIAN_POINT('',(-35.10913085937,-10.51965332031,1.7));
#6279 = SURFACE_CURVE('',#6280,(#6284,#6291),.PCURVE_S1.);
#6280 = LINE('',#6281,#6282);
#6281 = CARTESIAN_POINT('',(-33.89404296875,-10.51965332031,1.7));
#6282 = VECTOR('',#6283,1.);
#6283 = DIRECTION('',(-1.,0.,0.));
#6284 = PCURVE('',#805,#6285);
#6285 = DEFINITIONAL_REPRESENTATION('',(#6286),#6290);
#6286 = LINE('',#6287,#6288);
#6287 = CARTESIAN_POINT('',(0.,-0.8));
#6288 = VECTOR('',#6289,1.);
#6289 = DIRECTION('',(1.,0.));
#6290 = ( GEOMETRIC_REPRESENTATION_CONTEXT(2) 
PARAMETRIC_REPRESENTATION_CONTEXT() REPRESENTATION_CONTEXT('2D SPACE',''
  ) );
#6291 = PCURVE('',#6189,#6292);
#6292 = DEFINITIONAL_REPRESENTATION('',(#6293),#6297);
#6293 = LINE('',#6294,#6295);
#6294 = CARTESIAN_POINT('',(1.35791015625,0.966796875));
#6295 = VECTOR('',#6296,1.);
#6296 = DIRECTION('',(-1.,0.));
#6297 = ( GEOMETRIC_REPRESENTATION_CONTEXT(2) 
PARAMETRIC_REPRESENTATION_CONTEXT() REPRESENTATION_CONTEXT('2D SPACE',''
  ) );
#6298 = ORIENTED_EDGE('',*,*,#6299,.F.);
#6299 = EDGE_CURVE('',#790,#6277,#6300,.T.);
#6300 = SURFACE_CURVE('',#6301,(#6305,#6312),.PCURVE_S1.);
#6301 = LINE('',#6302,#6303);
#6302 = CARTESIAN_POINT('',(-35.10913085937,-10.51965332031,2.5));
#6303 = VECTOR('',#6304,1.);
#6304 = DIRECTION('',(-0.,-0.,-1.));
#6305 = PCURVE('',#805,#6306);
#6306 = DEFINITIONAL_REPRESENTATION('',(#6307),#6311);
#6307 = LINE('',#6308,#6309);
#6308 = CARTESIAN_POINT('',(1.215087890625,0.));
#6309 = VECTOR('',#6310,1.);
#6310 = DIRECTION('',(0.,-1.));
#6311 = ( GEOMETRIC_REPRESENTATION_CONTEXT(2) 
PARAMETRIC_REPRESENTATION_CONTEXT() REPRESENTATION_CONTEXT('2D SPACE',''
  ) );
#6312 = PCURVE('',#833,#6313);
#6313 = DEFINITIONAL_REPRESENTATION('',(#6314),#6318);
#6314 = LINE('',#6315,#6316);
#6315 = CARTESIAN_POINT('',(0.,0.));
#6316 = VECTOR('',#6317,1.);
#6317 = DIRECTION('',(0.,-1.));
#6318 = ( GEOMETRIC_REPRESENTATION_CONTEXT(2) 
PARAMETRIC_REPRESENTATION_CONTEXT() REPRESENTATION_CONTEXT('2D SPACE',''
  ) );
#6319 = ORIENTED_EDGE('',*,*,#789,.F.);
#6320 = ADVANCED_FACE('',(#6321),#833,.T.);
#6321 = FACE_BOUND('',#6322,.T.);
#6322 = EDGE_LOOP('',(#6323,#6324,#6345,#6346));
#6323 = ORIENTED_EDGE('',*,*,#6299,.T.);
#6324 = ORIENTED_EDGE('',*,*,#6325,.T.);
#6325 = EDGE_CURVE('',#6277,#6227,#6326,.T.);
#6326 = SURFACE_CURVE('',#6327,(#6331,#6338),.PCURVE_S1.);
#6327 = LINE('',#6328,#6329);
#6328 = CARTESIAN_POINT('',(-35.10913085937,-10.51965332031,1.7));
#6329 = VECTOR('',#6330,1.);
#6330 = DIRECTION('',(0.,1.,0.));
#6331 = PCURVE('',#833,#6332);
#6332 = DEFINITIONAL_REPRESENTATION('',(#6333),#6337);
#6333 = LINE('',#6334,#6335);
#6334 = CARTESIAN_POINT('',(0.,-0.8));
#6335 = VECTOR('',#6336,1.);
#6336 = DIRECTION('',(1.,0.));
#6337 = ( GEOMETRIC_REPRESENTATION_CONTEXT(2) 
PARAMETRIC_REPRESENTATION_CONTEXT() REPRESENTATION_CONTEXT('2D SPACE',''
  ) );
#6338 = PCURVE('',#6189,#6339);
#6339 = DEFINITIONAL_REPRESENTATION('',(#6340),#6344);
#6340 = LINE('',#6341,#6342);
#6341 = CARTESIAN_POINT('',(0.142822265625,0.966796875));
#6342 = VECTOR('',#6343,1.);
#6343 = DIRECTION('',(0.,1.));
#6344 = ( GEOMETRIC_REPRESENTATION_CONTEXT(2) 
PARAMETRIC_REPRESENTATION_CONTEXT() REPRESENTATION_CONTEXT('2D SPACE',''
  ) );
#6345 = ORIENTED_EDGE('',*,*,#6226,.F.);
#6346 = ORIENTED_EDGE('',*,*,#817,.F.);
#6347 = ADVANCED_FACE('',(#6348),#891,.T.);
#6348 = FACE_BOUND('',#6349,.T.);
#6349 = EDGE_LOOP('',(#6350,#6373,#6401,#6422));
#6350 = ORIENTED_EDGE('',*,*,#6351,.T.);
#6351 = EDGE_CURVE('',#874,#6352,#6354,.T.);
#6352 = VERTEX_POINT('',#6353);
#6353 = CARTESIAN_POINT('',(29.68408203125,-10.08239746093,1.7));
#6354 = SURFACE_CURVE('',#6355,(#6359,#6366),.PCURVE_S1.);
#6355 = LINE('',#6356,#6357);
#6356 = CARTESIAN_POINT('',(29.68408203125,-10.08239746093,2.5));
#6357 = VECTOR('',#6358,1.);
#6358 = DIRECTION('',(-0.,-0.,-1.));
#6359 = PCURVE('',#891,#6360);
#6360 = DEFINITIONAL_REPRESENTATION('',(#6361),#6365);
#6361 = LINE('',#6362,#6363);
#6362 = CARTESIAN_POINT('',(0.,0.));
#6363 = VECTOR('',#6364,1.);
#6364 = DIRECTION('',(0.,-1.));
#6365 = ( GEOMETRIC_REPRESENTATION_CONTEXT(2) 
PARAMETRIC_REPRESENTATION_CONTEXT() REPRESENTATION_CONTEXT('2D SPACE',''
  ) );
#6366 = PCURVE('',#1197,#6367);
#6367 = DEFINITIONAL_REPRESENTATION('',(#6368),#6372);
#6368 = LINE('',#6369,#6370);
#6369 = CARTESIAN_POINT('',(0.876708984375,0.));
#6370 = VECTOR('',#6371,1.);
#6371 = DIRECTION('',(0.,-1.));
#6372 = ( GEOMETRIC_REPRESENTATION_CONTEXT(2) 
PARAMETRIC_REPRESENTATION_CONTEXT() REPRESENTATION_CONTEXT('2D SPACE',''
  ) );
#6373 = ORIENTED_EDGE('',*,*,#6374,.T.);
#6374 = EDGE_CURVE('',#6352,#6375,#6377,.T.);
#6375 = VERTEX_POINT('',#6376);
#6376 = CARTESIAN_POINT('',(29.68408203125,-10.96569824218,1.7));
#6377 = SURFACE_CURVE('',#6378,(#6382,#6389),.PCURVE_S1.);
#6378 = LINE('',#6379,#6380);
#6379 = CARTESIAN_POINT('',(29.68408203125,-10.08239746093,1.7));
#6380 = VECTOR('',#6381,1.);
#6381 = DIRECTION('',(0.,-1.,0.));
#6382 = PCURVE('',#891,#6383);
#6383 = DEFINITIONAL_REPRESENTATION('',(#6384),#6388);
#6384 = LINE('',#6385,#6386);
#6385 = CARTESIAN_POINT('',(0.,-0.8));
#6386 = VECTOR('',#6387,1.);
#6387 = DIRECTION('',(1.,0.));
#6388 = ( GEOMETRIC_REPRESENTATION_CONTEXT(2) 
PARAMETRIC_REPRESENTATION_CONTEXT() REPRESENTATION_CONTEXT('2D SPACE',''
  ) );
#6389 = PCURVE('',#6390,#6395);
#6390 = PLANE('',#6391);
#6391 = AXIS2_PLACEMENT_3D('',#6392,#6393,#6394);
#6392 = CARTESIAN_POINT('',(28.183349609375,-11.48645019531,1.7));
#6393 = DIRECTION('',(0.,0.,1.));
#6394 = DIRECTION('',(1.,0.,0.));
#6395 = DEFINITIONAL_REPRESENTATION('',(#6396),#6400);
#6396 = LINE('',#6397,#6398);
#6397 = CARTESIAN_POINT('',(1.500732421875,1.404052734375));
#6398 = VECTOR('',#6399,1.);
#6399 = DIRECTION('',(0.,-1.));
#6400 = ( GEOMETRIC_REPRESENTATION_CONTEXT(2) 
PARAMETRIC_REPRESENTATION_CONTEXT() REPRESENTATION_CONTEXT('2D SPACE',''
  ) );
#6401 = ORIENTED_EDGE('',*,*,#6402,.F.);
#6402 = EDGE_CURVE('',#876,#6375,#6403,.T.);
#6403 = SURFACE_CURVE('',#6404,(#6408,#6415),.PCURVE_S1.);
#6404 = LINE('',#6405,#6406);
#6405 = CARTESIAN_POINT('',(29.68408203125,-10.96569824218,2.5));
#6406 = VECTOR('',#6407,1.);
#6407 = DIRECTION('',(-0.,-0.,-1.));
#6408 = PCURVE('',#891,#6409);
#6409 = DEFINITIONAL_REPRESENTATION('',(#6410),#6414);
#6410 = LINE('',#6411,#6412);
#6411 = CARTESIAN_POINT('',(0.88330078125,0.));
#6412 = VECTOR('',#6413,1.);
#6413 = DIRECTION('',(0.,-1.));
#6414 = ( GEOMETRIC_REPRESENTATION_CONTEXT(2) 
PARAMETRIC_REPRESENTATION_CONTEXT() REPRESENTATION_CONTEXT('2D SPACE',''
  ) );
#6415 = PCURVE('',#919,#6416);
#6416 = DEFINITIONAL_REPRESENTATION('',(#6417),#6421);
#6417 = LINE('',#6418,#6419);
#6418 = CARTESIAN_POINT('',(0.,0.));
#6419 = VECTOR('',#6420,1.);
#6420 = DIRECTION('',(0.,-1.));
#6421 = ( GEOMETRIC_REPRESENTATION_CONTEXT(2) 
PARAMETRIC_REPRESENTATION_CONTEXT() REPRESENTATION_CONTEXT('2D SPACE',''
  ) );
#6422 = ORIENTED_EDGE('',*,*,#873,.F.);
#6423 = ADVANCED_FACE('',(#6424),#1197,.T.);
#6424 = FACE_BOUND('',#6425,.T.);
#6425 = EDGE_LOOP('',(#6426,#6449,#6470,#6471));
#6426 = ORIENTED_EDGE('',*,*,#6427,.T.);
#6427 = EDGE_CURVE('',#1156,#6428,#6430,.T.);
#6428 = VERTEX_POINT('',#6429);
#6429 = CARTESIAN_POINT('',(30.560791015625,-10.08239746093,1.7));
#6430 = SURFACE_CURVE('',#6431,(#6435,#6442),.PCURVE_S1.);
#6431 = LINE('',#6432,#6433);
#6432 = CARTESIAN_POINT('',(30.560791015625,-10.08239746093,2.5));
#6433 = VECTOR('',#6434,1.);
#6434 = DIRECTION('',(-0.,-0.,-1.));
#6435 = PCURVE('',#1197,#6436);
#6436 = DEFINITIONAL_REPRESENTATION('',(#6437),#6441);
#6437 = LINE('',#6438,#6439);
#6438 = CARTESIAN_POINT('',(0.,0.));
#6439 = VECTOR('',#6440,1.);
#6440 = DIRECTION('',(0.,-1.));
#6441 = ( GEOMETRIC_REPRESENTATION_CONTEXT(2) 
PARAMETRIC_REPRESENTATION_CONTEXT() REPRESENTATION_CONTEXT('2D SPACE',''
  ) );
#6442 = PCURVE('',#1171,#6443);
#6443 = DEFINITIONAL_REPRESENTATION('',(#6444),#6448);
#6444 = LINE('',#6445,#6446);
#6445 = CARTESIAN_POINT('',(0.369140625,0.));
#6446 = VECTOR('',#6447,1.);
#6447 = DIRECTION('',(0.,-1.));
#6448 = ( GEOMETRIC_REPRESENTATION_CONTEXT(2) 
PARAMETRIC_REPRESENTATION_CONTEXT() REPRESENTATION_CONTEXT('2D SPACE',''
  ) );
#6449 = ORIENTED_EDGE('',*,*,#6450,.T.);
#6450 = EDGE_CURVE('',#6428,#6352,#6451,.T.);
#6451 = SURFACE_CURVE('',#6452,(#6456,#6463),.PCURVE_S1.);
#6452 = LINE('',#6453,#6454);
#6453 = CARTESIAN_POINT('',(30.560791015625,-10.08239746093,1.7));
#6454 = VECTOR('',#6455,1.);
#6455 = DIRECTION('',(-1.,0.,0.));
#6456 = PCURVE('',#1197,#6457);
#6457 = DEFINITIONAL_REPRESENTATION('',(#6458),#6462);
#6458 = LINE('',#6459,#6460);
#6459 = CARTESIAN_POINT('',(0.,-0.8));
#6460 = VECTOR('',#6461,1.);
#6461 = DIRECTION('',(1.,0.));
#6462 = ( GEOMETRIC_REPRESENTATION_CONTEXT(2) 
PARAMETRIC_REPRESENTATION_CONTEXT() REPRESENTATION_CONTEXT('2D SPACE',''
  ) );
#6463 = PCURVE('',#6390,#6464);
#6464 = DEFINITIONAL_REPRESENTATION('',(#6465),#6469);
#6465 = LINE('',#6466,#6467);
#6466 = CARTESIAN_POINT('',(2.37744140625,1.404052734375));
#6467 = VECTOR('',#6468,1.);
#6468 = DIRECTION('',(-1.,0.));
#6469 = ( GEOMETRIC_REPRESENTATION_CONTEXT(2) 
PARAMETRIC_REPRESENTATION_CONTEXT() REPRESENTATION_CONTEXT('2D SPACE',''
  ) );
#6470 = ORIENTED_EDGE('',*,*,#6351,.F.);
#6471 = ORIENTED_EDGE('',*,*,#1183,.F.);
#6472 = ADVANCED_FACE('',(#6473),#919,.T.);
#6473 = FACE_BOUND('',#6474,.T.);
#6474 = EDGE_LOOP('',(#6475,#6476,#6499,#6520));
#6475 = ORIENTED_EDGE('',*,*,#6402,.T.);
#6476 = ORIENTED_EDGE('',*,*,#6477,.T.);
#6477 = EDGE_CURVE('',#6375,#6478,#6480,.T.);
#6478 = VERTEX_POINT('',#6479);
#6479 = CARTESIAN_POINT('',(29.310546875,-10.96569824218,1.7));
#6480 = SURFACE_CURVE('',#6481,(#6485,#6492),.PCURVE_S1.);
#6481 = LINE('',#6482,#6483);
#6482 = CARTESIAN_POINT('',(29.68408203125,-10.96569824218,1.7));
#6483 = VECTOR('',#6484,1.);
#6484 = DIRECTION('',(-1.,0.,0.));
#6485 = PCURVE('',#919,#6486);
#6486 = DEFINITIONAL_REPRESENTATION('',(#6487),#6491);
#6487 = LINE('',#6488,#6489);
#6488 = CARTESIAN_POINT('',(0.,-0.8));
#6489 = VECTOR('',#6490,1.);
#6490 = DIRECTION('',(1.,0.));
#6491 = ( GEOMETRIC_REPRESENTATION_CONTEXT(2) 
PARAMETRIC_REPRESENTATION_CONTEXT() REPRESENTATION_CONTEXT('2D SPACE',''
  ) );
#6492 = PCURVE('',#6390,#6493);
#6493 = DEFINITIONAL_REPRESENTATION('',(#6494),#6498);
#6494 = LINE('',#6495,#6496);
#6495 = CARTESIAN_POINT('',(1.500732421875,0.520751953125));
#6496 = VECTOR('',#6497,1.);
#6497 = DIRECTION('',(-1.,0.));
#6498 = ( GEOMETRIC_REPRESENTATION_CONTEXT(2) 
PARAMETRIC_REPRESENTATION_CONTEXT() REPRESENTATION_CONTEXT('2D SPACE',''
  ) );
#6499 = ORIENTED_EDGE('',*,*,#6500,.F.);
#6500 = EDGE_CURVE('',#904,#6478,#6501,.T.);
#6501 = SURFACE_CURVE('',#6502,(#6506,#6513),.PCURVE_S1.);
#6502 = LINE('',#6503,#6504);
#6503 = CARTESIAN_POINT('',(29.310546875,-10.96569824218,2.5));
#6504 = VECTOR('',#6505,1.);
#6505 = DIRECTION('',(-0.,-0.,-1.));
#6506 = PCURVE('',#919,#6507);
#6507 = DEFINITIONAL_REPRESENTATION('',(#6508),#6512);
#6508 = LINE('',#6509,#6510);
#6509 = CARTESIAN_POINT('',(0.37353515625,0.));
#6510 = VECTOR('',#6511,1.);
#6511 = DIRECTION('',(0.,-1.));
#6512 = ( GEOMETRIC_REPRESENTATION_CONTEXT(2) 
PARAMETRIC_REPRESENTATION_CONTEXT() REPRESENTATION_CONTEXT('2D SPACE',''
  ) );
#6513 = PCURVE('',#947,#6514);
#6514 = DEFINITIONAL_REPRESENTATION('',(#6515),#6519);
#6515 = LINE('',#6516,#6517);
#6516 = CARTESIAN_POINT('',(0.,0.));
#6517 = VECTOR('',#6518,1.);
#6518 = DIRECTION('',(0.,-1.));
#6519 = ( GEOMETRIC_REPRESENTATION_CONTEXT(2) 
PARAMETRIC_REPRESENTATION_CONTEXT() REPRESENTATION_CONTEXT('2D SPACE',''
  ) );
#6520 = ORIENTED_EDGE('',*,*,#903,.F.);
#6521 = ADVANCED_FACE('',(#6522),#1171,.T.);
#6522 = FACE_BOUND('',#6523,.T.);
#6523 = EDGE_LOOP('',(#6524,#6547,#6568,#6569));
#6524 = ORIENTED_EDGE('',*,*,#6525,.T.);
#6525 = EDGE_CURVE('',#1128,#6526,#6528,.T.);
#6526 = VERTEX_POINT('',#6527);
#6527 = CARTESIAN_POINT('',(30.560791015625,-9.713256835938,1.7));
#6528 = SURFACE_CURVE('',#6529,(#6533,#6540),.PCURVE_S1.);
#6529 = LINE('',#6530,#6531);
#6530 = CARTESIAN_POINT('',(30.560791015625,-9.713256835938,2.5));
#6531 = VECTOR('',#6532,1.);
#6532 = DIRECTION('',(-0.,-0.,-1.));
#6533 = PCURVE('',#1171,#6534);
#6534 = DEFINITIONAL_REPRESENTATION('',(#6535),#6539);
#6535 = LINE('',#6536,#6537);
#6536 = CARTESIAN_POINT('',(0.,0.));
#6537 = VECTOR('',#6538,1.);
#6538 = DIRECTION('',(0.,-1.));
#6539 = ( GEOMETRIC_REPRESENTATION_CONTEXT(2) 
PARAMETRIC_REPRESENTATION_CONTEXT() REPRESENTATION_CONTEXT('2D SPACE',''
  ) );
#6540 = PCURVE('',#1143,#6541);
#6541 = DEFINITIONAL_REPRESENTATION('',(#6542),#6546);
#6542 = LINE('',#6543,#6544);
#6543 = CARTESIAN_POINT('',(0.876708984375,0.));
#6544 = VECTOR('',#6545,1.);
#6545 = DIRECTION('',(0.,-1.));
#6546 = ( GEOMETRIC_REPRESENTATION_CONTEXT(2) 
PARAMETRIC_REPRESENTATION_CONTEXT() REPRESENTATION_CONTEXT('2D SPACE',''
  ) );
#6547 = ORIENTED_EDGE('',*,*,#6548,.T.);
#6548 = EDGE_CURVE('',#6526,#6428,#6549,.T.);
#6549 = SURFACE_CURVE('',#6550,(#6554,#6561),.PCURVE_S1.);
#6550 = LINE('',#6551,#6552);
#6551 = CARTESIAN_POINT('',(30.560791015625,-9.713256835938,1.7));
#6552 = VECTOR('',#6553,1.);
#6553 = DIRECTION('',(0.,-1.,0.));
#6554 = PCURVE('',#1171,#6555);
#6555 = DEFINITIONAL_REPRESENTATION('',(#6556),#6560);
#6556 = LINE('',#6557,#6558);
#6557 = CARTESIAN_POINT('',(0.,-0.8));
#6558 = VECTOR('',#6559,1.);
#6559 = DIRECTION('',(1.,0.));
#6560 = ( GEOMETRIC_REPRESENTATION_CONTEXT(2) 
PARAMETRIC_REPRESENTATION_CONTEXT() REPRESENTATION_CONTEXT('2D SPACE',''
  ) );
#6561 = PCURVE('',#6390,#6562);
#6562 = DEFINITIONAL_REPRESENTATION('',(#6563),#6567);
#6563 = LINE('',#6564,#6565);
#6564 = CARTESIAN_POINT('',(2.37744140625,1.773193359375));
#6565 = VECTOR('',#6566,1.);
#6566 = DIRECTION('',(0.,-1.));
#6567 = ( GEOMETRIC_REPRESENTATION_CONTEXT(2) 
PARAMETRIC_REPRESENTATION_CONTEXT() REPRESENTATION_CONTEXT('2D SPACE',''
  ) );
#6568 = ORIENTED_EDGE('',*,*,#6427,.F.);
#6569 = ORIENTED_EDGE('',*,*,#1155,.F.);
#6570 = ADVANCED_FACE('',(#6571),#947,.T.);
#6571 = FACE_BOUND('',#6572,.T.);
#6572 = EDGE_LOOP('',(#6573,#6574,#6597,#6618));
#6573 = ORIENTED_EDGE('',*,*,#6500,.T.);
#6574 = ORIENTED_EDGE('',*,*,#6575,.T.);
#6575 = EDGE_CURVE('',#6478,#6576,#6578,.T.);
#6576 = VERTEX_POINT('',#6577);
#6577 = CARTESIAN_POINT('',(29.310546875,-10.08239746093,1.7));
#6578 = SURFACE_CURVE('',#6579,(#6583,#6590),.PCURVE_S1.);
#6579 = LINE('',#6580,#6581);
#6580 = CARTESIAN_POINT('',(29.310546875,-10.96569824218,1.7));
#6581 = VECTOR('',#6582,1.);
#6582 = DIRECTION('',(0.,1.,0.));
#6583 = PCURVE('',#947,#6584);
#6584 = DEFINITIONAL_REPRESENTATION('',(#6585),#6589);
#6585 = LINE('',#6586,#6587);
#6586 = CARTESIAN_POINT('',(0.,-0.8));
#6587 = VECTOR('',#6588,1.);
#6588 = DIRECTION('',(1.,0.));
#6589 = ( GEOMETRIC_REPRESENTATION_CONTEXT(2) 
PARAMETRIC_REPRESENTATION_CONTEXT() REPRESENTATION_CONTEXT('2D SPACE',''
  ) );
#6590 = PCURVE('',#6390,#6591);
#6591 = DEFINITIONAL_REPRESENTATION('',(#6592),#6596);
#6592 = LINE('',#6593,#6594);
#6593 = CARTESIAN_POINT('',(1.127197265625,0.520751953125));
#6594 = VECTOR('',#6595,1.);
#6595 = DIRECTION('',(0.,1.));
#6596 = ( GEOMETRIC_REPRESENTATION_CONTEXT(2) 
PARAMETRIC_REPRESENTATION_CONTEXT() REPRESENTATION_CONTEXT('2D SPACE',''
  ) );
#6597 = ORIENTED_EDGE('',*,*,#6598,.F.);
#6598 = EDGE_CURVE('',#932,#6576,#6599,.T.);
#6599 = SURFACE_CURVE('',#6600,(#6604,#6611),.PCURVE_S1.);
#6600 = LINE('',#6601,#6602);
#6601 = CARTESIAN_POINT('',(29.310546875,-10.08239746093,2.5));
#6602 = VECTOR('',#6603,1.);
#6603 = DIRECTION('',(-0.,-0.,-1.));
#6604 = PCURVE('',#947,#6605);
#6605 = DEFINITIONAL_REPRESENTATION('',(#6606),#6610);
#6606 = LINE('',#6607,#6608);
#6607 = CARTESIAN_POINT('',(0.88330078125,0.));
#6608 = VECTOR('',#6609,1.);
#6609 = DIRECTION('',(0.,-1.));
#6610 = ( GEOMETRIC_REPRESENTATION_CONTEXT(2) 
PARAMETRIC_REPRESENTATION_CONTEXT() REPRESENTATION_CONTEXT('2D SPACE',''
  ) );
#6611 = PCURVE('',#975,#6612);
#6612 = DEFINITIONAL_REPRESENTATION('',(#6613),#6617);
#6613 = LINE('',#6614,#6615);
#6614 = CARTESIAN_POINT('',(0.,0.));
#6615 = VECTOR('',#6616,1.);
#6616 = DIRECTION('',(0.,-1.));
#6617 = ( GEOMETRIC_REPRESENTATION_CONTEXT(2) 
PARAMETRIC_REPRESENTATION_CONTEXT() REPRESENTATION_CONTEXT('2D SPACE',''
  ) );
#6618 = ORIENTED_EDGE('',*,*,#931,.F.);
#6619 = ADVANCED_FACE('',(#6620),#1143,.T.);
#6620 = FACE_BOUND('',#6621,.T.);
#6621 = EDGE_LOOP('',(#6622,#6645,#6666,#6667));
#6622 = ORIENTED_EDGE('',*,*,#6623,.T.);
#6623 = EDGE_CURVE('',#1100,#6624,#6626,.T.);
#6624 = VERTEX_POINT('',#6625);
#6625 = CARTESIAN_POINT('',(29.68408203125,-9.713256835938,1.7));
#6626 = SURFACE_CURVE('',#6627,(#6631,#6638),.PCURVE_S1.);
#6627 = LINE('',#6628,#6629);
#6628 = CARTESIAN_POINT('',(29.68408203125,-9.713256835938,2.5));
#6629 = VECTOR('',#6630,1.);
#6630 = DIRECTION('',(-0.,-0.,-1.));
#6631 = PCURVE('',#1143,#6632);
#6632 = DEFINITIONAL_REPRESENTATION('',(#6633),#6637);
#6633 = LINE('',#6634,#6635);
#6634 = CARTESIAN_POINT('',(0.,0.));
#6635 = VECTOR('',#6636,1.);
#6636 = DIRECTION('',(0.,-1.));
#6637 = ( GEOMETRIC_REPRESENTATION_CONTEXT(2) 
PARAMETRIC_REPRESENTATION_CONTEXT() REPRESENTATION_CONTEXT('2D SPACE',''
  ) );
#6638 = PCURVE('',#1115,#6639);
#6639 = DEFINITIONAL_REPRESENTATION('',(#6640),#6644);
#6640 = LINE('',#6641,#6642);
#6641 = CARTESIAN_POINT('',(0.876708984375,0.));
#6642 = VECTOR('',#6643,1.);
#6643 = DIRECTION('',(0.,-1.));
#6644 = ( GEOMETRIC_REPRESENTATION_CONTEXT(2) 
PARAMETRIC_REPRESENTATION_CONTEXT() REPRESENTATION_CONTEXT('2D SPACE',''
  ) );
#6645 = ORIENTED_EDGE('',*,*,#6646,.T.);
#6646 = EDGE_CURVE('',#6624,#6526,#6647,.T.);
#6647 = SURFACE_CURVE('',#6648,(#6652,#6659),.PCURVE_S1.);
#6648 = LINE('',#6649,#6650);
#6649 = CARTESIAN_POINT('',(29.68408203125,-9.713256835938,1.7));
#6650 = VECTOR('',#6651,1.);
#6651 = DIRECTION('',(1.,0.,0.));
#6652 = PCURVE('',#1143,#6653);
#6653 = DEFINITIONAL_REPRESENTATION('',(#6654),#6658);
#6654 = LINE('',#6655,#6656);
#6655 = CARTESIAN_POINT('',(0.,-0.8));
#6656 = VECTOR('',#6657,1.);
#6657 = DIRECTION('',(1.,0.));
#6658 = ( GEOMETRIC_REPRESENTATION_CONTEXT(2) 
PARAMETRIC_REPRESENTATION_CONTEXT() REPRESENTATION_CONTEXT('2D SPACE',''
  ) );
#6659 = PCURVE('',#6390,#6660);
#6660 = DEFINITIONAL_REPRESENTATION('',(#6661),#6665);
#6661 = LINE('',#6662,#6663);
#6662 = CARTESIAN_POINT('',(1.500732421875,1.773193359375));
#6663 = VECTOR('',#6664,1.);
#6664 = DIRECTION('',(1.,0.));
#6665 = ( GEOMETRIC_REPRESENTATION_CONTEXT(2) 
PARAMETRIC_REPRESENTATION_CONTEXT() REPRESENTATION_CONTEXT('2D SPACE',''
  ) );
#6666 = ORIENTED_EDGE('',*,*,#6525,.F.);
#6667 = ORIENTED_EDGE('',*,*,#1127,.F.);
#6668 = ADVANCED_FACE('',(#6669),#975,.T.);
#6669 = FACE_BOUND('',#6670,.T.);
#6670 = EDGE_LOOP('',(#6671,#6672,#6695,#6716));
#6671 = ORIENTED_EDGE('',*,*,#6598,.T.);
#6672 = ORIENTED_EDGE('',*,*,#6673,.T.);
#6673 = EDGE_CURVE('',#6576,#6674,#6676,.T.);
#6674 = VERTEX_POINT('',#6675);
#6675 = CARTESIAN_POINT('',(28.433837890625,-10.08239746093,1.7));
#6676 = SURFACE_CURVE('',#6677,(#6681,#6688),.PCURVE_S1.);
#6677 = LINE('',#6678,#6679);
#6678 = CARTESIAN_POINT('',(29.310546875,-10.08239746093,1.7));
#6679 = VECTOR('',#6680,1.);
#6680 = DIRECTION('',(-1.,0.,0.));
#6681 = PCURVE('',#975,#6682);
#6682 = DEFINITIONAL_REPRESENTATION('',(#6683),#6687);
#6683 = LINE('',#6684,#6685);
#6684 = CARTESIAN_POINT('',(0.,-0.8));
#6685 = VECTOR('',#6686,1.);
#6686 = DIRECTION('',(1.,0.));
#6687 = ( GEOMETRIC_REPRESENTATION_CONTEXT(2) 
PARAMETRIC_REPRESENTATION_CONTEXT() REPRESENTATION_CONTEXT('2D SPACE',''
  ) );
#6688 = PCURVE('',#6390,#6689);
#6689 = DEFINITIONAL_REPRESENTATION('',(#6690),#6694);
#6690 = LINE('',#6691,#6692);
#6691 = CARTESIAN_POINT('',(1.127197265625,1.404052734375));
#6692 = VECTOR('',#6693,1.);
#6693 = DIRECTION('',(-1.,0.));
#6694 = ( GEOMETRIC_REPRESENTATION_CONTEXT(2) 
PARAMETRIC_REPRESENTATION_CONTEXT() REPRESENTATION_CONTEXT('2D SPACE',''
  ) );
#6695 = ORIENTED_EDGE('',*,*,#6696,.F.);
#6696 = EDGE_CURVE('',#960,#6674,#6697,.T.);
#6697 = SURFACE_CURVE('',#6698,(#6702,#6709),.PCURVE_S1.);
#6698 = LINE('',#6699,#6700);
#6699 = CARTESIAN_POINT('',(28.433837890625,-10.08239746093,2.5));
#6700 = VECTOR('',#6701,1.);
#6701 = DIRECTION('',(-0.,-0.,-1.));
#6702 = PCURVE('',#975,#6703);
#6703 = DEFINITIONAL_REPRESENTATION('',(#6704),#6708);
#6704 = LINE('',#6705,#6706);
#6705 = CARTESIAN_POINT('',(0.876708984375,0.));
#6706 = VECTOR('',#6707,1.);
#6707 = DIRECTION('',(0.,-1.));
#6708 = ( GEOMETRIC_REPRESENTATION_CONTEXT(2) 
PARAMETRIC_REPRESENTATION_CONTEXT() REPRESENTATION_CONTEXT('2D SPACE',''
  ) );
#6709 = PCURVE('',#1003,#6710);
#6710 = DEFINITIONAL_REPRESENTATION('',(#6711),#6715);
#6711 = LINE('',#6712,#6713);
#6712 = CARTESIAN_POINT('',(0.,0.));
#6713 = VECTOR('',#6714,1.);
#6714 = DIRECTION('',(0.,-1.));
#6715 = ( GEOMETRIC_REPRESENTATION_CONTEXT(2) 
PARAMETRIC_REPRESENTATION_CONTEXT() REPRESENTATION_CONTEXT('2D SPACE',''
  ) );
#6716 = ORIENTED_EDGE('',*,*,#959,.F.);
#6717 = ADVANCED_FACE('',(#6718),#1115,.T.);
#6718 = FACE_BOUND('',#6719,.T.);
#6719 = EDGE_LOOP('',(#6720,#6743,#6764,#6765));
#6720 = ORIENTED_EDGE('',*,*,#6721,.T.);
#6721 = EDGE_CURVE('',#1072,#6722,#6724,.T.);
#6722 = VERTEX_POINT('',#6723);
#6723 = CARTESIAN_POINT('',(29.68408203125,-8.836547851562,1.7));
#6724 = SURFACE_CURVE('',#6725,(#6729,#6736),.PCURVE_S1.);
#6725 = LINE('',#6726,#6727);
#6726 = CARTESIAN_POINT('',(29.68408203125,-8.836547851562,2.5));
#6727 = VECTOR('',#6728,1.);
#6728 = DIRECTION('',(-0.,-0.,-1.));
#6729 = PCURVE('',#1115,#6730);
#6730 = DEFINITIONAL_REPRESENTATION('',(#6731),#6735);
#6731 = LINE('',#6732,#6733);
#6732 = CARTESIAN_POINT('',(0.,0.));
#6733 = VECTOR('',#6734,1.);
#6734 = DIRECTION('',(0.,-1.));
#6735 = ( GEOMETRIC_REPRESENTATION_CONTEXT(2) 
PARAMETRIC_REPRESENTATION_CONTEXT() REPRESENTATION_CONTEXT('2D SPACE',''
  ) );
#6736 = PCURVE('',#1087,#6737);
#6737 = DEFINITIONAL_REPRESENTATION('',(#6738),#6742);
#6738 = LINE('',#6739,#6740);
#6739 = CARTESIAN_POINT('',(0.37353515625,0.));
#6740 = VECTOR('',#6741,1.);
#6741 = DIRECTION('',(0.,-1.));
#6742 = ( GEOMETRIC_REPRESENTATION_CONTEXT(2) 
PARAMETRIC_REPRESENTATION_CONTEXT() REPRESENTATION_CONTEXT('2D SPACE',''
  ) );
#6743 = ORIENTED_EDGE('',*,*,#6744,.T.);
#6744 = EDGE_CURVE('',#6722,#6624,#6745,.T.);
#6745 = SURFACE_CURVE('',#6746,(#6750,#6757),.PCURVE_S1.);
#6746 = LINE('',#6747,#6748);
#6747 = CARTESIAN_POINT('',(29.68408203125,-8.836547851562,1.7));
#6748 = VECTOR('',#6749,1.);
#6749 = DIRECTION('',(0.,-1.,0.));
#6750 = PCURVE('',#1115,#6751);
#6751 = DEFINITIONAL_REPRESENTATION('',(#6752),#6756);
#6752 = LINE('',#6753,#6754);
#6753 = CARTESIAN_POINT('',(0.,-0.8));
#6754 = VECTOR('',#6755,1.);
#6755 = DIRECTION('',(1.,0.));
#6756 = ( GEOMETRIC_REPRESENTATION_CONTEXT(2) 
PARAMETRIC_REPRESENTATION_CONTEXT() REPRESENTATION_CONTEXT('2D SPACE',''
  ) );
#6757 = PCURVE('',#6390,#6758);
#6758 = DEFINITIONAL_REPRESENTATION('',(#6759),#6763);
#6759 = LINE('',#6760,#6761);
#6760 = CARTESIAN_POINT('',(1.500732421875,2.64990234375));
#6761 = VECTOR('',#6762,1.);
#6762 = DIRECTION('',(0.,-1.));
#6763 = ( GEOMETRIC_REPRESENTATION_CONTEXT(2) 
PARAMETRIC_REPRESENTATION_CONTEXT() REPRESENTATION_CONTEXT('2D SPACE',''
  ) );
#6764 = ORIENTED_EDGE('',*,*,#6623,.F.);
#6765 = ORIENTED_EDGE('',*,*,#1099,.F.);
#6766 = ADVANCED_FACE('',(#6767),#1003,.T.);
#6767 = FACE_BOUND('',#6768,.T.);
#6768 = EDGE_LOOP('',(#6769,#6770,#6793,#6814));
#6769 = ORIENTED_EDGE('',*,*,#6696,.T.);
#6770 = ORIENTED_EDGE('',*,*,#6771,.T.);
#6771 = EDGE_CURVE('',#6674,#6772,#6774,.T.);
#6772 = VERTEX_POINT('',#6773);
#6773 = CARTESIAN_POINT('',(28.433837890625,-9.713256835938,1.7));
#6774 = SURFACE_CURVE('',#6775,(#6779,#6786),.PCURVE_S1.);
#6775 = LINE('',#6776,#6777);
#6776 = CARTESIAN_POINT('',(28.433837890625,-10.08239746093,1.7));
#6777 = VECTOR('',#6778,1.);
#6778 = DIRECTION('',(0.,1.,0.));
#6779 = PCURVE('',#1003,#6780);
#6780 = DEFINITIONAL_REPRESENTATION('',(#6781),#6785);
#6781 = LINE('',#6782,#6783);
#6782 = CARTESIAN_POINT('',(0.,-0.8));
#6783 = VECTOR('',#6784,1.);
#6784 = DIRECTION('',(1.,0.));
#6785 = ( GEOMETRIC_REPRESENTATION_CONTEXT(2) 
PARAMETRIC_REPRESENTATION_CONTEXT() REPRESENTATION_CONTEXT('2D SPACE',''
  ) );
#6786 = PCURVE('',#6390,#6787);
#6787 = DEFINITIONAL_REPRESENTATION('',(#6788),#6792);
#6788 = LINE('',#6789,#6790);
#6789 = CARTESIAN_POINT('',(0.25048828125,1.404052734375));
#6790 = VECTOR('',#6791,1.);
#6791 = DIRECTION('',(0.,1.));
#6792 = ( GEOMETRIC_REPRESENTATION_CONTEXT(2) 
PARAMETRIC_REPRESENTATION_CONTEXT() REPRESENTATION_CONTEXT('2D SPACE',''
  ) );
#6793 = ORIENTED_EDGE('',*,*,#6794,.F.);
#6794 = EDGE_CURVE('',#988,#6772,#6795,.T.);
#6795 = SURFACE_CURVE('',#6796,(#6800,#6807),.PCURVE_S1.);
#6796 = LINE('',#6797,#6798);
#6797 = CARTESIAN_POINT('',(28.433837890625,-9.713256835938,2.5));
#6798 = VECTOR('',#6799,1.);
#6799 = DIRECTION('',(-0.,-0.,-1.));
#6800 = PCURVE('',#1003,#6801);
#6801 = DEFINITIONAL_REPRESENTATION('',(#6802),#6806);
#6802 = LINE('',#6803,#6804);
#6803 = CARTESIAN_POINT('',(0.369140625,0.));
#6804 = VECTOR('',#6805,1.);
#6805 = DIRECTION('',(0.,-1.));
#6806 = ( GEOMETRIC_REPRESENTATION_CONTEXT(2) 
PARAMETRIC_REPRESENTATION_CONTEXT() REPRESENTATION_CONTEXT('2D SPACE',''
  ) );
#6807 = PCURVE('',#1031,#6808);
#6808 = DEFINITIONAL_REPRESENTATION('',(#6809),#6813);
#6809 = LINE('',#6810,#6811);
#6810 = CARTESIAN_POINT('',(0.,0.));
#6811 = VECTOR('',#6812,1.);
#6812 = DIRECTION('',(0.,-1.));
#6813 = ( GEOMETRIC_REPRESENTATION_CONTEXT(2) 
PARAMETRIC_REPRESENTATION_CONTEXT() REPRESENTATION_CONTEXT('2D SPACE',''
  ) );
#6814 = ORIENTED_EDGE('',*,*,#987,.F.);
#6815 = ADVANCED_FACE('',(#6816),#1087,.T.);
#6816 = FACE_BOUND('',#6817,.T.);
#6817 = EDGE_LOOP('',(#6818,#6841,#6862,#6863));
#6818 = ORIENTED_EDGE('',*,*,#6819,.T.);
#6819 = EDGE_CURVE('',#1044,#6820,#6822,.T.);
#6820 = VERTEX_POINT('',#6821);
#6821 = CARTESIAN_POINT('',(29.310546875,-8.836547851562,1.7));
#6822 = SURFACE_CURVE('',#6823,(#6827,#6834),.PCURVE_S1.);
#6823 = LINE('',#6824,#6825);
#6824 = CARTESIAN_POINT('',(29.310546875,-8.836547851562,2.5));
#6825 = VECTOR('',#6826,1.);
#6826 = DIRECTION('',(-0.,-0.,-1.));
#6827 = PCURVE('',#1087,#6828);
#6828 = DEFINITIONAL_REPRESENTATION('',(#6829),#6833);
#6829 = LINE('',#6830,#6831);
#6830 = CARTESIAN_POINT('',(0.,0.));
#6831 = VECTOR('',#6832,1.);
#6832 = DIRECTION('',(0.,-1.));
#6833 = ( GEOMETRIC_REPRESENTATION_CONTEXT(2) 
PARAMETRIC_REPRESENTATION_CONTEXT() REPRESENTATION_CONTEXT('2D SPACE',''
  ) );
#6834 = PCURVE('',#1059,#6835);
#6835 = DEFINITIONAL_REPRESENTATION('',(#6836),#6840);
#6836 = LINE('',#6837,#6838);
#6837 = CARTESIAN_POINT('',(0.876708984375,0.));
#6838 = VECTOR('',#6839,1.);
#6839 = DIRECTION('',(0.,-1.));
#6840 = ( GEOMETRIC_REPRESENTATION_CONTEXT(2) 
PARAMETRIC_REPRESENTATION_CONTEXT() REPRESENTATION_CONTEXT('2D SPACE',''
  ) );
#6841 = ORIENTED_EDGE('',*,*,#6842,.T.);
#6842 = EDGE_CURVE('',#6820,#6722,#6843,.T.);
#6843 = SURFACE_CURVE('',#6844,(#6848,#6855),.PCURVE_S1.);
#6844 = LINE('',#6845,#6846);
#6845 = CARTESIAN_POINT('',(29.310546875,-8.836547851562,1.7));
#6846 = VECTOR('',#6847,1.);
#6847 = DIRECTION('',(1.,0.,0.));
#6848 = PCURVE('',#1087,#6849);
#6849 = DEFINITIONAL_REPRESENTATION('',(#6850),#6854);
#6850 = LINE('',#6851,#6852);
#6851 = CARTESIAN_POINT('',(0.,-0.8));
#6852 = VECTOR('',#6853,1.);
#6853 = DIRECTION('',(1.,0.));
#6854 = ( GEOMETRIC_REPRESENTATION_CONTEXT(2) 
PARAMETRIC_REPRESENTATION_CONTEXT() REPRESENTATION_CONTEXT('2D SPACE',''
  ) );
#6855 = PCURVE('',#6390,#6856);
#6856 = DEFINITIONAL_REPRESENTATION('',(#6857),#6861);
#6857 = LINE('',#6858,#6859);
#6858 = CARTESIAN_POINT('',(1.127197265625,2.64990234375));
#6859 = VECTOR('',#6860,1.);
#6860 = DIRECTION('',(1.,0.));
#6861 = ( GEOMETRIC_REPRESENTATION_CONTEXT(2) 
PARAMETRIC_REPRESENTATION_CONTEXT() REPRESENTATION_CONTEXT('2D SPACE',''
  ) );
#6862 = ORIENTED_EDGE('',*,*,#6721,.F.);
#6863 = ORIENTED_EDGE('',*,*,#1071,.F.);
#6864 = ADVANCED_FACE('',(#6865),#1031,.T.);
#6865 = FACE_BOUND('',#6866,.T.);
#6866 = EDGE_LOOP('',(#6867,#6868,#6891,#6912));
#6867 = ORIENTED_EDGE('',*,*,#6794,.T.);
#6868 = ORIENTED_EDGE('',*,*,#6869,.T.);
#6869 = EDGE_CURVE('',#6772,#6870,#6872,.T.);
#6870 = VERTEX_POINT('',#6871);
#6871 = CARTESIAN_POINT('',(29.310546875,-9.713256835938,1.7));
#6872 = SURFACE_CURVE('',#6873,(#6877,#6884),.PCURVE_S1.);
#6873 = LINE('',#6874,#6875);
#6874 = CARTESIAN_POINT('',(28.433837890625,-9.713256835938,1.7));
#6875 = VECTOR('',#6876,1.);
#6876 = DIRECTION('',(1.,0.,0.));
#6877 = PCURVE('',#1031,#6878);
#6878 = DEFINITIONAL_REPRESENTATION('',(#6879),#6883);
#6879 = LINE('',#6880,#6881);
#6880 = CARTESIAN_POINT('',(0.,-0.8));
#6881 = VECTOR('',#6882,1.);
#6882 = DIRECTION('',(1.,0.));
#6883 = ( GEOMETRIC_REPRESENTATION_CONTEXT(2) 
PARAMETRIC_REPRESENTATION_CONTEXT() REPRESENTATION_CONTEXT('2D SPACE',''
  ) );
#6884 = PCURVE('',#6390,#6885);
#6885 = DEFINITIONAL_REPRESENTATION('',(#6886),#6890);
#6886 = LINE('',#6887,#6888);
#6887 = CARTESIAN_POINT('',(0.25048828125,1.773193359375));
#6888 = VECTOR('',#6889,1.);
#6889 = DIRECTION('',(1.,0.));
#6890 = ( GEOMETRIC_REPRESENTATION_CONTEXT(2) 
PARAMETRIC_REPRESENTATION_CONTEXT() REPRESENTATION_CONTEXT('2D SPACE',''
  ) );
#6891 = ORIENTED_EDGE('',*,*,#6892,.F.);
#6892 = EDGE_CURVE('',#1016,#6870,#6893,.T.);
#6893 = SURFACE_CURVE('',#6894,(#6898,#6905),.PCURVE_S1.);
#6894 = LINE('',#6895,#6896);
#6895 = CARTESIAN_POINT('',(29.310546875,-9.713256835938,2.5));
#6896 = VECTOR('',#6897,1.);
#6897 = DIRECTION('',(-0.,-0.,-1.));
#6898 = PCURVE('',#1031,#6899);
#6899 = DEFINITIONAL_REPRESENTATION('',(#6900),#6904);
#6900 = LINE('',#6901,#6902);
#6901 = CARTESIAN_POINT('',(0.876708984375,0.));
#6902 = VECTOR('',#6903,1.);
#6903 = DIRECTION('',(0.,-1.));
#6904 = ( GEOMETRIC_REPRESENTATION_CONTEXT(2) 
PARAMETRIC_REPRESENTATION_CONTEXT() REPRESENTATION_CONTEXT('2D SPACE',''
  ) );
#6905 = PCURVE('',#1059,#6906);
#6906 = DEFINITIONAL_REPRESENTATION('',(#6907),#6911);
#6907 = LINE('',#6908,#6909);
#6908 = CARTESIAN_POINT('',(0.,0.));
#6909 = VECTOR('',#6910,1.);
#6910 = DIRECTION('',(0.,-1.));
#6911 = ( GEOMETRIC_REPRESENTATION_CONTEXT(2) 
PARAMETRIC_REPRESENTATION_CONTEXT() REPRESENTATION_CONTEXT('2D SPACE',''
  ) );
#6912 = ORIENTED_EDGE('',*,*,#1015,.F.);
#6913 = ADVANCED_FACE('',(#6914),#1059,.T.);
#6914 = FACE_BOUND('',#6915,.T.);
#6915 = EDGE_LOOP('',(#6916,#6917,#6938,#6939));
#6916 = ORIENTED_EDGE('',*,*,#6892,.T.);
#6917 = ORIENTED_EDGE('',*,*,#6918,.T.);
#6918 = EDGE_CURVE('',#6870,#6820,#6919,.T.);
#6919 = SURFACE_CURVE('',#6920,(#6924,#6931),.PCURVE_S1.);
#6920 = LINE('',#6921,#6922);
#6921 = CARTESIAN_POINT('',(29.310546875,-9.713256835938,1.7));
#6922 = VECTOR('',#6923,1.);
#6923 = DIRECTION('',(0.,1.,0.));
#6924 = PCURVE('',#1059,#6925);
#6925 = DEFINITIONAL_REPRESENTATION('',(#6926),#6930);
#6926 = LINE('',#6927,#6928);
#6927 = CARTESIAN_POINT('',(0.,-0.8));
#6928 = VECTOR('',#6929,1.);
#6929 = DIRECTION('',(1.,0.));
#6930 = ( GEOMETRIC_REPRESENTATION_CONTEXT(2) 
PARAMETRIC_REPRESENTATION_CONTEXT() REPRESENTATION_CONTEXT('2D SPACE',''
  ) );
#6931 = PCURVE('',#6390,#6932);
#6932 = DEFINITIONAL_REPRESENTATION('',(#6933),#6937);
#6933 = LINE('',#6934,#6935);
#6934 = CARTESIAN_POINT('',(1.127197265625,1.773193359375));
#6935 = VECTOR('',#6936,1.);
#6936 = DIRECTION('',(0.,1.));
#6937 = ( GEOMETRIC_REPRESENTATION_CONTEXT(2) 
PARAMETRIC_REPRESENTATION_CONTEXT() REPRESENTATION_CONTEXT('2D SPACE',''
  ) );
#6938 = ORIENTED_EDGE('',*,*,#6819,.F.);
#6939 = ORIENTED_EDGE('',*,*,#1043,.F.);
#6940 = ADVANCED_FACE('',(#6941),#1229,.T.);
#6941 = FACE_BOUND('',#6942,.T.);
#6942 = EDGE_LOOP('',(#6943,#6966,#6994,#7015));
#6943 = ORIENTED_EDGE('',*,*,#6944,.T.);
#6944 = EDGE_CURVE('',#1212,#6945,#6947,.T.);
#6945 = VERTEX_POINT('',#6946);
#6946 = CARTESIAN_POINT('',(33.818237304688,-11.29528808593,1.7));
#6947 = SURFACE_CURVE('',#6948,(#6952,#6959),.PCURVE_S1.);
#6948 = LINE('',#6949,#6950);
#6949 = CARTESIAN_POINT('',(33.818237304688,-11.29528808593,2.5));
#6950 = VECTOR('',#6951,1.);
#6951 = DIRECTION('',(-0.,-0.,-1.));
#6952 = PCURVE('',#1229,#6953);
#6953 = DEFINITIONAL_REPRESENTATION('',(#6954),#6958);
#6954 = LINE('',#6955,#6956);
#6955 = CARTESIAN_POINT('',(0.,0.));
#6956 = VECTOR('',#6957,1.);
#6957 = DIRECTION('',(0.,-1.));
#6958 = ( GEOMETRIC_REPRESENTATION_CONTEXT(2) 
PARAMETRIC_REPRESENTATION_CONTEXT() REPRESENTATION_CONTEXT('2D SPACE',''
  ) );
#6959 = PCURVE('',#1843,#6960);
#6960 = DEFINITIONAL_REPRESENTATION('',(#6961),#6965);
#6961 = LINE('',#6962,#6963);
#6962 = CARTESIAN_POINT('',(1.,0.));
#6963 = VECTOR('',#6964,1.);
#6964 = DIRECTION('',(0.,-1.));
#6965 = ( GEOMETRIC_REPRESENTATION_CONTEXT(2) 
PARAMETRIC_REPRESENTATION_CONTEXT() REPRESENTATION_CONTEXT('2D SPACE',''
  ) );
#6966 = ORIENTED_EDGE('',*,*,#6967,.T.);
#6967 = EDGE_CURVE('',#6945,#6968,#6970,.T.);
#6968 = VERTEX_POINT('',#6969);
#6969 = CARTESIAN_POINT('',(33.500732421875,-10.64270019531,1.7));
#6970 = SURFACE_CURVE('',#6971,(#6975,#6982),.PCURVE_S1.);
#6971 = B_SPLINE_CURVE_WITH_KNOTS('',2,(#6972,#6973,#6974),
  .UNSPECIFIED.,.F.,.F.,(3,3),(0.,1.),.PIECEWISE_BEZIER_KNOTS.);
#6972 = CARTESIAN_POINT('',(33.818237304688,-11.29528808593,1.7));
#6973 = CARTESIAN_POINT('',(33.540283203125,-11.04919433593,1.7));
#6974 = CARTESIAN_POINT('',(33.500732421875,-10.64270019531,1.7));
#6975 = PCURVE('',#1229,#6976);
#6976 = DEFINITIONAL_REPRESENTATION('',(#6977),#6981);
#6977 = LINE('',#6978,#6979);
#6978 = CARTESIAN_POINT('',(0.,-0.8));
#6979 = VECTOR('',#6980,1.);
#6980 = DIRECTION('',(1.,0.));
#6981 = ( GEOMETRIC_REPRESENTATION_CONTEXT(2) 
PARAMETRIC_REPRESENTATION_CONTEXT() REPRESENTATION_CONTEXT('2D SPACE',''
  ) );
#6982 = PCURVE('',#6983,#6988);
#6983 = PLANE('',#6984);
#6984 = AXIS2_PLACEMENT_3D('',#6985,#6986,#6987);
#6985 = CARTESIAN_POINT('',(33.31396484375,-11.48645019531,1.7));
#6986 = DIRECTION('',(0.,0.,1.));
#6987 = DIRECTION('',(1.,0.,0.));
#6988 = DEFINITIONAL_REPRESENTATION('',(#6989),#6993);
#6989 = B_SPLINE_CURVE_WITH_KNOTS('',2,(#6990,#6991,#6992),
  .UNSPECIFIED.,.F.,.F.,(3,3),(0.,1.),.PIECEWISE_BEZIER_KNOTS.);
#6990 = CARTESIAN_POINT('',(0.504272460938,0.191162109375));
#6991 = CARTESIAN_POINT('',(0.226318359375,0.437255859375));
#6992 = CARTESIAN_POINT('',(0.186767578125,0.84375));
#6993 = ( GEOMETRIC_REPRESENTATION_CONTEXT(2) 
PARAMETRIC_REPRESENTATION_CONTEXT() REPRESENTATION_CONTEXT('2D SPACE',''
  ) );
#6994 = ORIENTED_EDGE('',*,*,#6995,.F.);
#6995 = EDGE_CURVE('',#1214,#6968,#6996,.T.);
#6996 = SURFACE_CURVE('',#6997,(#7001,#7008),.PCURVE_S1.);
#6997 = LINE('',#6998,#6999);
#6998 = CARTESIAN_POINT('',(33.500732421875,-10.64270019531,2.5));
#6999 = VECTOR('',#7000,1.);
#7000 = DIRECTION('',(-0.,-0.,-1.));
#7001 = PCURVE('',#1229,#7002);
#7002 = DEFINITIONAL_REPRESENTATION('',(#7003),#7007);
#7003 = LINE('',#7004,#7005);
#7004 = CARTESIAN_POINT('',(1.,0.));
#7005 = VECTOR('',#7006,1.);
#7006 = DIRECTION('',(0.,-1.));
#7007 = ( GEOMETRIC_REPRESENTATION_CONTEXT(2) 
PARAMETRIC_REPRESENTATION_CONTEXT() REPRESENTATION_CONTEXT('2D SPACE',''
  ) );
#7008 = PCURVE('',#1259,#7009);
#7009 = DEFINITIONAL_REPRESENTATION('',(#7010),#7014);
#7010 = LINE('',#7011,#7012);
#7011 = CARTESIAN_POINT('',(0.,0.));
#7012 = VECTOR('',#7013,1.);
#7013 = DIRECTION('',(0.,-1.));
#7014 = ( GEOMETRIC_REPRESENTATION_CONTEXT(2) 
PARAMETRIC_REPRESENTATION_CONTEXT() REPRESENTATION_CONTEXT('2D SPACE',''
  ) );
#7015 = ORIENTED_EDGE('',*,*,#1211,.F.);
#7016 = ADVANCED_FACE('',(#7017),#1843,.T.);
#7017 = FACE_BOUND('',#7018,.T.);
#7018 = EDGE_LOOP('',(#7019,#7042,#7063,#7064));
#7019 = ORIENTED_EDGE('',*,*,#7020,.T.);
#7020 = EDGE_CURVE('',#1800,#7021,#7023,.T.);
#7021 = VERTEX_POINT('',#7022);
#7022 = CARTESIAN_POINT('',(34.53564453125,-11.54138183593,1.7));
#7023 = SURFACE_CURVE('',#7024,(#7028,#7035),.PCURVE_S1.);
#7024 = LINE('',#7025,#7026);
#7025 = CARTESIAN_POINT('',(34.53564453125,-11.54138183593,2.5));
#7026 = VECTOR('',#7027,1.);
#7027 = DIRECTION('',(-0.,-0.,-1.));
#7028 = PCURVE('',#1843,#7029);
#7029 = DEFINITIONAL_REPRESENTATION('',(#7030),#7034);
#7030 = LINE('',#7031,#7032);
#7031 = CARTESIAN_POINT('',(0.,0.));
#7032 = VECTOR('',#7033,1.);
#7033 = DIRECTION('',(0.,-1.));
#7034 = ( GEOMETRIC_REPRESENTATION_CONTEXT(2) 
PARAMETRIC_REPRESENTATION_CONTEXT() REPRESENTATION_CONTEXT('2D SPACE',''
  ) );
#7035 = PCURVE('',#1815,#7036);
#7036 = DEFINITIONAL_REPRESENTATION('',(#7037),#7041);
#7037 = LINE('',#7038,#7039);
#7038 = CARTESIAN_POINT('',(1.,0.));
#7039 = VECTOR('',#7040,1.);
#7040 = DIRECTION('',(0.,-1.));
#7041 = ( GEOMETRIC_REPRESENTATION_CONTEXT(2) 
PARAMETRIC_REPRESENTATION_CONTEXT() REPRESENTATION_CONTEXT('2D SPACE',''
  ) );
#7042 = ORIENTED_EDGE('',*,*,#7043,.T.);
#7043 = EDGE_CURVE('',#7021,#6945,#7044,.T.);
#7044 = SURFACE_CURVE('',#7045,(#7049,#7056),.PCURVE_S1.);
#7045 = B_SPLINE_CURVE_WITH_KNOTS('',2,(#7046,#7047,#7048),
  .UNSPECIFIED.,.F.,.F.,(3,3),(0.,1.),.PIECEWISE_BEZIER_KNOTS.);
#7046 = CARTESIAN_POINT('',(34.53564453125,-11.54138183593,1.7));
#7047 = CARTESIAN_POINT('',(34.09619140625,-11.54138183593,1.7));
#7048 = CARTESIAN_POINT('',(33.818237304688,-11.29528808593,1.7));
#7049 = PCURVE('',#1843,#7050);
#7050 = DEFINITIONAL_REPRESENTATION('',(#7051),#7055);
#7051 = LINE('',#7052,#7053);
#7052 = CARTESIAN_POINT('',(0.,-0.8));
#7053 = VECTOR('',#7054,1.);
#7054 = DIRECTION('',(1.,0.));
#7055 = ( GEOMETRIC_REPRESENTATION_CONTEXT(2) 
PARAMETRIC_REPRESENTATION_CONTEXT() REPRESENTATION_CONTEXT('2D SPACE',''
  ) );
#7056 = PCURVE('',#6983,#7057);
#7057 = DEFINITIONAL_REPRESENTATION('',(#7058),#7062);
#7058 = B_SPLINE_CURVE_WITH_KNOTS('',2,(#7059,#7060,#7061),
  .UNSPECIFIED.,.F.,.F.,(3,3),(0.,1.),.PIECEWISE_BEZIER_KNOTS.);
#7059 = CARTESIAN_POINT('',(1.2216796875,-5.4931640625E-02));
#7060 = CARTESIAN_POINT('',(0.7822265625,-5.4931640625E-02));
#7061 = CARTESIAN_POINT('',(0.504272460938,0.191162109375));
#7062 = ( GEOMETRIC_REPRESENTATION_CONTEXT(2) 
PARAMETRIC_REPRESENTATION_CONTEXT() REPRESENTATION_CONTEXT('2D SPACE',''
  ) );
#7063 = ORIENTED_EDGE('',*,*,#6944,.F.);
#7064 = ORIENTED_EDGE('',*,*,#1829,.F.);
#7065 = ADVANCED_FACE('',(#7066),#1259,.T.);
#7066 = FACE_BOUND('',#7067,.T.);
#7067 = EDGE_LOOP('',(#7068,#7069,#7092,#7113));
#7068 = ORIENTED_EDGE('',*,*,#6995,.T.);
#7069 = ORIENTED_EDGE('',*,*,#7070,.T.);
#7070 = EDGE_CURVE('',#6968,#7071,#7073,.T.);
#7071 = VERTEX_POINT('',#7072);
#7072 = CARTESIAN_POINT('',(33.916015625,-10.60754394531,1.7));
#7073 = SURFACE_CURVE('',#7074,(#7078,#7085),.PCURVE_S1.);
#7074 = LINE('',#7075,#7076);
#7075 = CARTESIAN_POINT('',(33.500732421875,-10.64270019531,1.7));
#7076 = VECTOR('',#7077,1.);
#7077 = DIRECTION('',(0.996435819697,8.43543551066E-02,0.));
#7078 = PCURVE('',#1259,#7079);
#7079 = DEFINITIONAL_REPRESENTATION('',(#7080),#7084);
#7080 = LINE('',#7081,#7082);
#7081 = CARTESIAN_POINT('',(0.,-0.8));
#7082 = VECTOR('',#7083,1.);
#7083 = DIRECTION('',(1.,0.));
#7084 = ( GEOMETRIC_REPRESENTATION_CONTEXT(2) 
PARAMETRIC_REPRESENTATION_CONTEXT() REPRESENTATION_CONTEXT('2D SPACE',''
  ) );
#7085 = PCURVE('',#6983,#7086);
#7086 = DEFINITIONAL_REPRESENTATION('',(#7087),#7091);
#7087 = LINE('',#7088,#7089);
#7088 = CARTESIAN_POINT('',(0.186767578125,0.84375));
#7089 = VECTOR('',#7090,1.);
#7090 = DIRECTION('',(0.996435819697,8.43543551066E-02));
#7091 = ( GEOMETRIC_REPRESENTATION_CONTEXT(2) 
PARAMETRIC_REPRESENTATION_CONTEXT() REPRESENTATION_CONTEXT('2D SPACE',''
  ) );
#7092 = ORIENTED_EDGE('',*,*,#7093,.F.);
#7093 = EDGE_CURVE('',#1244,#7071,#7094,.T.);
#7094 = SURFACE_CURVE('',#7095,(#7099,#7106),.PCURVE_S1.);
#7095 = LINE('',#7096,#7097);
#7096 = CARTESIAN_POINT('',(33.916015625,-10.60754394531,2.5));
#7097 = VECTOR('',#7098,1.);
#7098 = DIRECTION('',(-0.,-0.,-1.));
#7099 = PCURVE('',#1259,#7100);
#7100 = DEFINITIONAL_REPRESENTATION('',(#7101),#7105);
#7101 = LINE('',#7102,#7103);
#7102 = CARTESIAN_POINT('',(0.416768641709,0.));
#7103 = VECTOR('',#7104,1.);
#7104 = DIRECTION('',(0.,-1.));
#7105 = ( GEOMETRIC_REPRESENTATION_CONTEXT(2) 
PARAMETRIC_REPRESENTATION_CONTEXT() REPRESENTATION_CONTEXT('2D SPACE',''
  ) );
#7106 = PCURVE('',#1287,#7107);
#7107 = DEFINITIONAL_REPRESENTATION('',(#7108),#7112);
#7108 = LINE('',#7109,#7110);
#7109 = CARTESIAN_POINT('',(0.,0.));
#7110 = VECTOR('',#7111,1.);
#7111 = DIRECTION('',(0.,-1.));
#7112 = ( GEOMETRIC_REPRESENTATION_CONTEXT(2) 
PARAMETRIC_REPRESENTATION_CONTEXT() REPRESENTATION_CONTEXT('2D SPACE',''
  ) );
#7113 = ORIENTED_EDGE('',*,*,#1243,.F.);
#7114 = ADVANCED_FACE('',(#7115),#1815,.T.);
#7115 = FACE_BOUND('',#7116,.T.);
#7116 = EDGE_LOOP('',(#7117,#7140,#7161,#7162));
#7117 = ORIENTED_EDGE('',*,*,#7118,.T.);
#7118 = EDGE_CURVE('',#1770,#7119,#7121,.T.);
#7119 = VERTEX_POINT('',#7120);
#7120 = CARTESIAN_POINT('',(35.381591796875,-11.15026855468,1.7));
#7121 = SURFACE_CURVE('',#7122,(#7126,#7133),.PCURVE_S1.);
#7122 = LINE('',#7123,#7124);
#7123 = CARTESIAN_POINT('',(35.381591796875,-11.15026855468,2.5));
#7124 = VECTOR('',#7125,1.);
#7125 = DIRECTION('',(-0.,-0.,-1.));
#7126 = PCURVE('',#1815,#7127);
#7127 = DEFINITIONAL_REPRESENTATION('',(#7128),#7132);
#7128 = LINE('',#7129,#7130);
#7129 = CARTESIAN_POINT('',(0.,0.));
#7130 = VECTOR('',#7131,1.);
#7131 = DIRECTION('',(0.,-1.));
#7132 = ( GEOMETRIC_REPRESENTATION_CONTEXT(2) 
PARAMETRIC_REPRESENTATION_CONTEXT() REPRESENTATION_CONTEXT('2D SPACE',''
  ) );
#7133 = PCURVE('',#1785,#7134);
#7134 = DEFINITIONAL_REPRESENTATION('',(#7135),#7139);
#7135 = LINE('',#7136,#7137);
#7136 = CARTESIAN_POINT('',(1.,0.));
#7137 = VECTOR('',#7138,1.);
#7138 = DIRECTION('',(0.,-1.));
#7139 = ( GEOMETRIC_REPRESENTATION_CONTEXT(2) 
PARAMETRIC_REPRESENTATION_CONTEXT() REPRESENTATION_CONTEXT('2D SPACE',''
  ) );
#7140 = ORIENTED_EDGE('',*,*,#7141,.T.);
#7141 = EDGE_CURVE('',#7119,#7021,#7142,.T.);
#7142 = SURFACE_CURVE('',#7143,(#7147,#7154),.PCURVE_S1.);
#7143 = B_SPLINE_CURVE_WITH_KNOTS('',2,(#7144,#7145,#7146),
  .UNSPECIFIED.,.F.,.F.,(3,3),(0.,1.),.PIECEWISE_BEZIER_KNOTS.);
#7144 = CARTESIAN_POINT('',(35.381591796875,-11.15026855468,1.7));
#7145 = CARTESIAN_POINT('',(35.07177734375,-11.54138183593,1.7));
#7146 = CARTESIAN_POINT('',(34.53564453125,-11.54138183593,1.7));
#7147 = PCURVE('',#1815,#7148);
#7148 = DEFINITIONAL_REPRESENTATION('',(#7149),#7153);
#7149 = LINE('',#7150,#7151);
#7150 = CARTESIAN_POINT('',(0.,-0.8));
#7151 = VECTOR('',#7152,1.);
#7152 = DIRECTION('',(1.,0.));
#7153 = ( GEOMETRIC_REPRESENTATION_CONTEXT(2) 
PARAMETRIC_REPRESENTATION_CONTEXT() REPRESENTATION_CONTEXT('2D SPACE',''
  ) );
#7154 = PCURVE('',#6983,#7155);
#7155 = DEFINITIONAL_REPRESENTATION('',(#7156),#7160);
#7156 = B_SPLINE_CURVE_WITH_KNOTS('',2,(#7157,#7158,#7159),
  .UNSPECIFIED.,.F.,.F.,(3,3),(0.,1.),.PIECEWISE_BEZIER_KNOTS.);
#7157 = CARTESIAN_POINT('',(2.067626953125,0.336181640625));
#7158 = CARTESIAN_POINT('',(1.7578125,-5.4931640625E-02));
#7159 = CARTESIAN_POINT('',(1.2216796875,-5.4931640625E-02));
#7160 = ( GEOMETRIC_REPRESENTATION_CONTEXT(2) 
PARAMETRIC_REPRESENTATION_CONTEXT() REPRESENTATION_CONTEXT('2D SPACE',''
  ) );
#7161 = ORIENTED_EDGE('',*,*,#7020,.F.);
#7162 = ORIENTED_EDGE('',*,*,#1799,.F.);
#7163 = ADVANCED_FACE('',(#7164),#1287,.T.);
#7164 = FACE_BOUND('',#7165,.T.);
#7165 = EDGE_LOOP('',(#7166,#7167,#7190,#7211));
#7166 = ORIENTED_EDGE('',*,*,#7093,.T.);
#7167 = ORIENTED_EDGE('',*,*,#7168,.T.);
#7168 = EDGE_CURVE('',#7071,#7169,#7171,.T.);
#7169 = VERTEX_POINT('',#7170);
#7170 = CARTESIAN_POINT('',(34.130249023438,-11.0634765625,1.7));
#7171 = SURFACE_CURVE('',#7172,(#7176,#7183),.PCURVE_S1.);
#7172 = B_SPLINE_CURVE_WITH_KNOTS('',2,(#7173,#7174,#7175),
  .UNSPECIFIED.,.F.,.F.,(3,3),(0.,1.),.PIECEWISE_BEZIER_KNOTS.);
#7173 = CARTESIAN_POINT('',(33.916015625,-10.60754394531,1.7));
#7174 = CARTESIAN_POINT('',(33.962158203125,-10.91076660156,1.7));
#7175 = CARTESIAN_POINT('',(34.130249023438,-11.0634765625,1.7));
#7176 = PCURVE('',#1287,#7177);
#7177 = DEFINITIONAL_REPRESENTATION('',(#7178),#7182);
#7178 = LINE('',#7179,#7180);
#7179 = CARTESIAN_POINT('',(0.,-0.8));
#7180 = VECTOR('',#7181,1.);
#7181 = DIRECTION('',(1.,0.));
#7182 = ( GEOMETRIC_REPRESENTATION_CONTEXT(2) 
PARAMETRIC_REPRESENTATION_CONTEXT() REPRESENTATION_CONTEXT('2D SPACE',''
  ) );
#7183 = PCURVE('',#6983,#7184);
#7184 = DEFINITIONAL_REPRESENTATION('',(#7185),#7189);
#7185 = B_SPLINE_CURVE_WITH_KNOTS('',2,(#7186,#7187,#7188),
  .UNSPECIFIED.,.F.,.F.,(3,3),(0.,1.),.PIECEWISE_BEZIER_KNOTS.);
#7186 = CARTESIAN_POINT('',(0.60205078125,0.87890625));
#7187 = CARTESIAN_POINT('',(0.648193359375,0.57568359375));
#7188 = CARTESIAN_POINT('',(0.816284179688,0.422973632812));
#7189 = ( GEOMETRIC_REPRESENTATION_CONTEXT(2) 
PARAMETRIC_REPRESENTATION_CONTEXT() REPRESENTATION_CONTEXT('2D SPACE',''
  ) );
#7190 = ORIENTED_EDGE('',*,*,#7191,.F.);
#7191 = EDGE_CURVE('',#1272,#7169,#7192,.T.);
#7192 = SURFACE_CURVE('',#7193,(#7197,#7204),.PCURVE_S1.);
#7193 = LINE('',#7194,#7195);
#7194 = CARTESIAN_POINT('',(34.130249023438,-11.0634765625,2.5));
#7195 = VECTOR('',#7196,1.);
#7196 = DIRECTION('',(-0.,-0.,-1.));
#7197 = PCURVE('',#1287,#7198);
#7198 = DEFINITIONAL_REPRESENTATION('',(#7199),#7203);
#7199 = LINE('',#7200,#7201);
#7200 = CARTESIAN_POINT('',(1.,0.));
#7201 = VECTOR('',#7202,1.);
#7202 = DIRECTION('',(0.,-1.));
#7203 = ( GEOMETRIC_REPRESENTATION_CONTEXT(2) 
PARAMETRIC_REPRESENTATION_CONTEXT() REPRESENTATION_CONTEXT('2D SPACE',''
  ) );
#7204 = PCURVE('',#1317,#7205);
#7205 = DEFINITIONAL_REPRESENTATION('',(#7206),#7210);
#7206 = LINE('',#7207,#7208);
#7207 = CARTESIAN_POINT('',(0.,0.));
#7208 = VECTOR('',#7209,1.);
#7209 = DIRECTION('',(0.,-1.));
#7210 = ( GEOMETRIC_REPRESENTATION_CONTEXT(2) 
PARAMETRIC_REPRESENTATION_CONTEXT() REPRESENTATION_CONTEXT('2D SPACE',''
  ) );
#7211 = ORIENTED_EDGE('',*,*,#1271,.F.);
#7212 = ADVANCED_FACE('',(#7213),#1785,.T.);
#7213 = FACE_BOUND('',#7214,.T.);
#7214 = EDGE_LOOP('',(#7215,#7238,#7259,#7260));
#7215 = ORIENTED_EDGE('',*,*,#7216,.T.);
#7216 = EDGE_CURVE('',#1740,#7217,#7219,.T.);
#7217 = VERTEX_POINT('',#7218);
#7218 = CARTESIAN_POINT('',(35.636474609375,-10.39440917968,1.7));
#7219 = SURFACE_CURVE('',#7220,(#7224,#7231),.PCURVE_S1.);
#7220 = LINE('',#7221,#7222);
#7221 = CARTESIAN_POINT('',(35.636474609375,-10.39440917968,2.5));
#7222 = VECTOR('',#7223,1.);
#7223 = DIRECTION('',(-0.,-0.,-1.));
#7224 = PCURVE('',#1785,#7225);
#7225 = DEFINITIONAL_REPRESENTATION('',(#7226),#7230);
#7226 = LINE('',#7227,#7228);
#7227 = CARTESIAN_POINT('',(0.,0.));
#7228 = VECTOR('',#7229,1.);
#7229 = DIRECTION('',(0.,-1.));
#7230 = ( GEOMETRIC_REPRESENTATION_CONTEXT(2) 
PARAMETRIC_REPRESENTATION_CONTEXT() REPRESENTATION_CONTEXT('2D SPACE',''
  ) );
#7231 = PCURVE('',#1755,#7232);
#7232 = DEFINITIONAL_REPRESENTATION('',(#7233),#7237);
#7233 = LINE('',#7234,#7235);
#7234 = CARTESIAN_POINT('',(1.,0.));
#7235 = VECTOR('',#7236,1.);
#7236 = DIRECTION('',(0.,-1.));
#7237 = ( GEOMETRIC_REPRESENTATION_CONTEXT(2) 
PARAMETRIC_REPRESENTATION_CONTEXT() REPRESENTATION_CONTEXT('2D SPACE',''
  ) );
#7238 = ORIENTED_EDGE('',*,*,#7239,.T.);
#7239 = EDGE_CURVE('',#7217,#7119,#7240,.T.);
#7240 = SURFACE_CURVE('',#7241,(#7245,#7252),.PCURVE_S1.);
#7241 = B_SPLINE_CURVE_WITH_KNOTS('',2,(#7242,#7243,#7244),
  .UNSPECIFIED.,.F.,.F.,(3,3),(0.,1.),.PIECEWISE_BEZIER_KNOTS.);
#7242 = CARTESIAN_POINT('',(35.636474609375,-10.39440917968,1.7));
#7243 = CARTESIAN_POINT('',(35.636474609375,-10.83166503906,1.7));
#7244 = CARTESIAN_POINT('',(35.381591796875,-11.15026855468,1.7));
#7245 = PCURVE('',#1785,#7246);
#7246 = DEFINITIONAL_REPRESENTATION('',(#7247),#7251);
#7247 = LINE('',#7248,#7249);
#7248 = CARTESIAN_POINT('',(0.,-0.8));
#7249 = VECTOR('',#7250,1.);
#7250 = DIRECTION('',(1.,0.));
#7251 = ( GEOMETRIC_REPRESENTATION_CONTEXT(2) 
PARAMETRIC_REPRESENTATION_CONTEXT() REPRESENTATION_CONTEXT('2D SPACE',''
  ) );
#7252 = PCURVE('',#6983,#7253);
#7253 = DEFINITIONAL_REPRESENTATION('',(#7254),#7258);
#7254 = B_SPLINE_CURVE_WITH_KNOTS('',2,(#7255,#7256,#7257),
  .UNSPECIFIED.,.F.,.F.,(3,3),(0.,1.),.PIECEWISE_BEZIER_KNOTS.);
#7255 = CARTESIAN_POINT('',(2.322509765625,1.092041015625));
#7256 = CARTESIAN_POINT('',(2.322509765625,0.65478515625));
#7257 = CARTESIAN_POINT('',(2.067626953125,0.336181640625));
#7258 = ( GEOMETRIC_REPRESENTATION_CONTEXT(2) 
PARAMETRIC_REPRESENTATION_CONTEXT() REPRESENTATION_CONTEXT('2D SPACE',''
  ) );
#7259 = ORIENTED_EDGE('',*,*,#7118,.F.);
#7260 = ORIENTED_EDGE('',*,*,#1769,.F.);
#7261 = ADVANCED_FACE('',(#7262),#1317,.T.);
#7262 = FACE_BOUND('',#7263,.T.);
#7263 = EDGE_LOOP('',(#7264,#7265,#7288,#7309));
#7264 = ORIENTED_EDGE('',*,*,#7191,.T.);
#7265 = ORIENTED_EDGE('',*,*,#7266,.T.);
#7266 = EDGE_CURVE('',#7169,#7267,#7269,.T.);
#7267 = VERTEX_POINT('',#7268);
#7268 = CARTESIAN_POINT('',(34.53564453125,-11.21618652343,1.7));
#7269 = SURFACE_CURVE('',#7270,(#7274,#7281),.PCURVE_S1.);
#7270 = B_SPLINE_CURVE_WITH_KNOTS('',2,(#7271,#7272,#7273),
  .UNSPECIFIED.,.F.,.F.,(3,3),(0.,1.),.PIECEWISE_BEZIER_KNOTS.);
#7271 = CARTESIAN_POINT('',(34.130249023438,-11.0634765625,1.7));
#7272 = CARTESIAN_POINT('',(34.29833984375,-11.21618652343,1.7));
#7273 = CARTESIAN_POINT('',(34.53564453125,-11.21618652343,1.7));
#7274 = PCURVE('',#1317,#7275);
#7275 = DEFINITIONAL_REPRESENTATION('',(#7276),#7280);
#7276 = LINE('',#7277,#7278);
#7277 = CARTESIAN_POINT('',(0.,-0.8));
#7278 = VECTOR('',#7279,1.);
#7279 = DIRECTION('',(1.,0.));
#7280 = ( GEOMETRIC_REPRESENTATION_CONTEXT(2) 
PARAMETRIC_REPRESENTATION_CONTEXT() REPRESENTATION_CONTEXT('2D SPACE',''
  ) );
#7281 = PCURVE('',#6983,#7282);
#7282 = DEFINITIONAL_REPRESENTATION('',(#7283),#7287);
#7283 = B_SPLINE_CURVE_WITH_KNOTS('',2,(#7284,#7285,#7286),
  .UNSPECIFIED.,.F.,.F.,(3,3),(0.,1.),.PIECEWISE_BEZIER_KNOTS.);
#7284 = CARTESIAN_POINT('',(0.816284179688,0.422973632812));
#7285 = CARTESIAN_POINT('',(0.984375,0.270263671875));
#7286 = CARTESIAN_POINT('',(1.2216796875,0.270263671875));
#7287 = ( GEOMETRIC_REPRESENTATION_CONTEXT(2) 
PARAMETRIC_REPRESENTATION_CONTEXT() REPRESENTATION_CONTEXT('2D SPACE',''
  ) );
#7288 = ORIENTED_EDGE('',*,*,#7289,.F.);
#7289 = EDGE_CURVE('',#1302,#7267,#7290,.T.);
#7290 = SURFACE_CURVE('',#7291,(#7295,#7302),.PCURVE_S1.);
#7291 = LINE('',#7292,#7293);
#7292 = CARTESIAN_POINT('',(34.53564453125,-11.21618652343,2.5));
#7293 = VECTOR('',#7294,1.);
#7294 = DIRECTION('',(-0.,-0.,-1.));
#7295 = PCURVE('',#1317,#7296);
#7296 = DEFINITIONAL_REPRESENTATION('',(#7297),#7301);
#7297 = LINE('',#7298,#7299);
#7298 = CARTESIAN_POINT('',(1.,0.));
#7299 = VECTOR('',#7300,1.);
#7300 = DIRECTION('',(0.,-1.));
#7301 = ( GEOMETRIC_REPRESENTATION_CONTEXT(2) 
PARAMETRIC_REPRESENTATION_CONTEXT() REPRESENTATION_CONTEXT('2D SPACE',''
  ) );
#7302 = PCURVE('',#1347,#7303);
#7303 = DEFINITIONAL_REPRESENTATION('',(#7304),#7308);
#7304 = LINE('',#7305,#7306);
#7305 = CARTESIAN_POINT('',(0.,0.));
#7306 = VECTOR('',#7307,1.);
#7307 = DIRECTION('',(0.,-1.));
#7308 = ( GEOMETRIC_REPRESENTATION_CONTEXT(2) 
PARAMETRIC_REPRESENTATION_CONTEXT() REPRESENTATION_CONTEXT('2D SPACE',''
  ) );
#7309 = ORIENTED_EDGE('',*,*,#1301,.F.);
#7310 = ADVANCED_FACE('',(#7311),#1755,.T.);
#7311 = FACE_BOUND('',#7312,.T.);
#7312 = EDGE_LOOP('',(#7313,#7336,#7357,#7358));
#7313 = ORIENTED_EDGE('',*,*,#7314,.T.);
#7314 = EDGE_CURVE('',#1710,#7315,#7317,.T.);
#7315 = VERTEX_POINT('',#7316);
#7316 = CARTESIAN_POINT('',(35.346435546875,-9.642944335938,1.7));
#7317 = SURFACE_CURVE('',#7318,(#7322,#7329),.PCURVE_S1.);
#7318 = LINE('',#7319,#7320);
#7319 = CARTESIAN_POINT('',(35.346435546875,-9.642944335938,2.5));
#7320 = VECTOR('',#7321,1.);
#7321 = DIRECTION('',(-0.,-0.,-1.));
#7322 = PCURVE('',#1755,#7323);
#7323 = DEFINITIONAL_REPRESENTATION('',(#7324),#7328);
#7324 = LINE('',#7325,#7326);
#7325 = CARTESIAN_POINT('',(0.,0.));
#7326 = VECTOR('',#7327,1.);
#7327 = DIRECTION('',(0.,-1.));
#7328 = ( GEOMETRIC_REPRESENTATION_CONTEXT(2) 
PARAMETRIC_REPRESENTATION_CONTEXT() REPRESENTATION_CONTEXT('2D SPACE',''
  ) );
#7329 = PCURVE('',#1725,#7330);
#7330 = DEFINITIONAL_REPRESENTATION('',(#7331),#7335);
#7331 = LINE('',#7332,#7333);
#7332 = CARTESIAN_POINT('',(1.,0.));
#7333 = VECTOR('',#7334,1.);
#7334 = DIRECTION('',(0.,-1.));
#7335 = ( GEOMETRIC_REPRESENTATION_CONTEXT(2) 
PARAMETRIC_REPRESENTATION_CONTEXT() REPRESENTATION_CONTEXT('2D SPACE',''
  ) );
#7336 = ORIENTED_EDGE('',*,*,#7337,.T.);
#7337 = EDGE_CURVE('',#7315,#7217,#7338,.T.);
#7338 = SURFACE_CURVE('',#7339,(#7343,#7350),.PCURVE_S1.);
#7339 = B_SPLINE_CURVE_WITH_KNOTS('',2,(#7340,#7341,#7342),
  .UNSPECIFIED.,.F.,.F.,(3,3),(0.,1.),.PIECEWISE_BEZIER_KNOTS.);
#7340 = CARTESIAN_POINT('',(35.346435546875,-9.642944335938,1.7));
#7341 = CARTESIAN_POINT('',(35.636474609375,-9.935180664062,1.7));
#7342 = CARTESIAN_POINT('',(35.636474609375,-10.39440917968,1.7));
#7343 = PCURVE('',#1755,#7344);
#7344 = DEFINITIONAL_REPRESENTATION('',(#7345),#7349);
#7345 = LINE('',#7346,#7347);
#7346 = CARTESIAN_POINT('',(0.,-0.8));
#7347 = VECTOR('',#7348,1.);
#7348 = DIRECTION('',(1.,0.));
#7349 = ( GEOMETRIC_REPRESENTATION_CONTEXT(2) 
PARAMETRIC_REPRESENTATION_CONTEXT() REPRESENTATION_CONTEXT('2D SPACE',''
  ) );
#7350 = PCURVE('',#6983,#7351);
#7351 = DEFINITIONAL_REPRESENTATION('',(#7352),#7356);
#7352 = B_SPLINE_CURVE_WITH_KNOTS('',2,(#7353,#7354,#7355),
  .UNSPECIFIED.,.F.,.F.,(3,3),(0.,1.),.PIECEWISE_BEZIER_KNOTS.);
#7353 = CARTESIAN_POINT('',(2.032470703125,1.843505859375));
#7354 = CARTESIAN_POINT('',(2.322509765625,1.55126953125));
#7355 = CARTESIAN_POINT('',(2.322509765625,1.092041015625));
#7356 = ( GEOMETRIC_REPRESENTATION_CONTEXT(2) 
PARAMETRIC_REPRESENTATION_CONTEXT() REPRESENTATION_CONTEXT('2D SPACE',''
  ) );
#7357 = ORIENTED_EDGE('',*,*,#7216,.F.);
#7358 = ORIENTED_EDGE('',*,*,#1739,.F.);
#7359 = ADVANCED_FACE('',(#7360),#1347,.T.);
#7360 = FACE_BOUND('',#7361,.T.);
#7361 = EDGE_LOOP('',(#7362,#7363,#7386,#7407));
#7362 = ORIENTED_EDGE('',*,*,#7289,.T.);
#7363 = ORIENTED_EDGE('',*,*,#7364,.T.);
#7364 = EDGE_CURVE('',#7267,#7365,#7367,.T.);
#7365 = VERTEX_POINT('',#7366);
#7366 = CARTESIAN_POINT('',(35.01904296875,-11.00085449218,1.7));
#7367 = SURFACE_CURVE('',#7368,(#7372,#7379),.PCURVE_S1.);
#7368 = B_SPLINE_CURVE_WITH_KNOTS('',2,(#7369,#7370,#7371),
  .UNSPECIFIED.,.F.,.F.,(3,3),(0.,1.),.PIECEWISE_BEZIER_KNOTS.);
#7369 = CARTESIAN_POINT('',(34.53564453125,-11.21618652343,1.7));
#7370 = CARTESIAN_POINT('',(34.8212890625,-11.21618652343,1.7));
#7371 = CARTESIAN_POINT('',(35.01904296875,-11.00085449218,1.7));
#7372 = PCURVE('',#1347,#7373);
#7373 = DEFINITIONAL_REPRESENTATION('',(#7374),#7378);
#7374 = LINE('',#7375,#7376);
#7375 = CARTESIAN_POINT('',(0.,-0.8));
#7376 = VECTOR('',#7377,1.);
#7377 = DIRECTION('',(1.,0.));
#7378 = ( GEOMETRIC_REPRESENTATION_CONTEXT(2) 
PARAMETRIC_REPRESENTATION_CONTEXT() REPRESENTATION_CONTEXT('2D SPACE',''
  ) );
#7379 = PCURVE('',#6983,#7380);
#7380 = DEFINITIONAL_REPRESENTATION('',(#7381),#7385);
#7381 = B_SPLINE_CURVE_WITH_KNOTS('',2,(#7382,#7383,#7384),
  .UNSPECIFIED.,.F.,.F.,(3,3),(0.,1.),.PIECEWISE_BEZIER_KNOTS.);
#7382 = CARTESIAN_POINT('',(1.2216796875,0.270263671875));
#7383 = CARTESIAN_POINT('',(1.50732421875,0.270263671875));
#7384 = CARTESIAN_POINT('',(1.705078125,0.485595703125));
#7385 = ( GEOMETRIC_REPRESENTATION_CONTEXT(2) 
PARAMETRIC_REPRESENTATION_CONTEXT() REPRESENTATION_CONTEXT('2D SPACE',''
  ) );
#7386 = ORIENTED_EDGE('',*,*,#7387,.F.);
#7387 = EDGE_CURVE('',#1332,#7365,#7388,.T.);
#7388 = SURFACE_CURVE('',#7389,(#7393,#7400),.PCURVE_S1.);
#7389 = LINE('',#7390,#7391);
#7390 = CARTESIAN_POINT('',(35.01904296875,-11.00085449218,2.5));
#7391 = VECTOR('',#7392,1.);
#7392 = DIRECTION('',(-0.,-0.,-1.));
#7393 = PCURVE('',#1347,#7394);
#7394 = DEFINITIONAL_REPRESENTATION('',(#7395),#7399);
#7395 = LINE('',#7396,#7397);
#7396 = CARTESIAN_POINT('',(1.,0.));
#7397 = VECTOR('',#7398,1.);
#7398 = DIRECTION('',(0.,-1.));
#7399 = ( GEOMETRIC_REPRESENTATION_CONTEXT(2) 
PARAMETRIC_REPRESENTATION_CONTEXT() REPRESENTATION_CONTEXT('2D SPACE',''
  ) );
#7400 = PCURVE('',#1377,#7401);
#7401 = DEFINITIONAL_REPRESENTATION('',(#7402),#7406);
#7402 = LINE('',#7403,#7404);
#7403 = CARTESIAN_POINT('',(0.,0.));
#7404 = VECTOR('',#7405,1.);
#7405 = DIRECTION('',(0.,-1.));
#7406 = ( GEOMETRIC_REPRESENTATION_CONTEXT(2) 
PARAMETRIC_REPRESENTATION_CONTEXT() REPRESENTATION_CONTEXT('2D SPACE',''
  ) );
#7407 = ORIENTED_EDGE('',*,*,#1331,.F.);
#7408 = ADVANCED_FACE('',(#7409),#1725,.T.);
#7409 = FACE_BOUND('',#7410,.T.);
#7410 = EDGE_LOOP('',(#7411,#7434,#7455,#7456));
#7411 = ORIENTED_EDGE('',*,*,#7412,.T.);
#7412 = EDGE_CURVE('',#1680,#7413,#7415,.T.);
#7413 = VERTEX_POINT('',#7414);
#7414 = CARTESIAN_POINT('',(34.634521484375,-9.350708007812,1.7));
#7415 = SURFACE_CURVE('',#7416,(#7420,#7427),.PCURVE_S1.);
#7416 = LINE('',#7417,#7418);
#7417 = CARTESIAN_POINT('',(34.634521484375,-9.350708007812,2.5));
#7418 = VECTOR('',#7419,1.);
#7419 = DIRECTION('',(-0.,-0.,-1.));
#7420 = PCURVE('',#1725,#7421);
#7421 = DEFINITIONAL_REPRESENTATION('',(#7422),#7426);
#7422 = LINE('',#7423,#7424);
#7423 = CARTESIAN_POINT('',(0.,0.));
#7424 = VECTOR('',#7425,1.);
#7425 = DIRECTION('',(0.,-1.));
#7426 = ( GEOMETRIC_REPRESENTATION_CONTEXT(2) 
PARAMETRIC_REPRESENTATION_CONTEXT() REPRESENTATION_CONTEXT('2D SPACE',''
  ) );
#7427 = PCURVE('',#1695,#7428);
#7428 = DEFINITIONAL_REPRESENTATION('',(#7429),#7433);
#7429 = LINE('',#7430,#7431);
#7430 = CARTESIAN_POINT('',(1.,0.));
#7431 = VECTOR('',#7432,1.);
#7432 = DIRECTION('',(0.,-1.));
#7433 = ( GEOMETRIC_REPRESENTATION_CONTEXT(2) 
PARAMETRIC_REPRESENTATION_CONTEXT() REPRESENTATION_CONTEXT('2D SPACE',''
  ) );
#7434 = ORIENTED_EDGE('',*,*,#7435,.T.);
#7435 = EDGE_CURVE('',#7413,#7315,#7436,.T.);
#7436 = SURFACE_CURVE('',#7437,(#7441,#7448),.PCURVE_S1.);
#7437 = B_SPLINE_CURVE_WITH_KNOTS('',2,(#7438,#7439,#7440),
  .UNSPECIFIED.,.F.,.F.,(3,3),(0.,1.),.PIECEWISE_BEZIER_KNOTS.);
#7438 = CARTESIAN_POINT('',(34.634521484375,-9.350708007812,1.7));
#7439 = CARTESIAN_POINT('',(35.056396484375,-9.350708007812,1.7));
#7440 = CARTESIAN_POINT('',(35.346435546875,-9.642944335938,1.7));
#7441 = PCURVE('',#1725,#7442);
#7442 = DEFINITIONAL_REPRESENTATION('',(#7443),#7447);
#7443 = LINE('',#7444,#7445);
#7444 = CARTESIAN_POINT('',(0.,-0.8));
#7445 = VECTOR('',#7446,1.);
#7446 = DIRECTION('',(1.,0.));
#7447 = ( GEOMETRIC_REPRESENTATION_CONTEXT(2) 
PARAMETRIC_REPRESENTATION_CONTEXT() REPRESENTATION_CONTEXT('2D SPACE',''
  ) );
#7448 = PCURVE('',#6983,#7449);
#7449 = DEFINITIONAL_REPRESENTATION('',(#7450),#7454);
#7450 = B_SPLINE_CURVE_WITH_KNOTS('',2,(#7451,#7452,#7453),
  .UNSPECIFIED.,.F.,.F.,(3,3),(0.,1.),.PIECEWISE_BEZIER_KNOTS.);
#7451 = CARTESIAN_POINT('',(1.320556640625,2.1357421875));
#7452 = CARTESIAN_POINT('',(1.742431640625,2.1357421875));
#7453 = CARTESIAN_POINT('',(2.032470703125,1.843505859375));
#7454 = ( GEOMETRIC_REPRESENTATION_CONTEXT(2) 
PARAMETRIC_REPRESENTATION_CONTEXT() REPRESENTATION_CONTEXT('2D SPACE',''
  ) );
#7455 = ORIENTED_EDGE('',*,*,#7314,.F.);
#7456 = ORIENTED_EDGE('',*,*,#1709,.F.);
#7457 = ADVANCED_FACE('',(#7458),#1377,.T.);
#7458 = FACE_BOUND('',#7459,.T.);
#7459 = EDGE_LOOP('',(#7460,#7461,#7484,#7505));
#7460 = ORIENTED_EDGE('',*,*,#7387,.T.);
#7461 = ORIENTED_EDGE('',*,*,#7462,.T.);
#7462 = EDGE_CURVE('',#7365,#7463,#7465,.T.);
#7463 = VERTEX_POINT('',#7464);
#7464 = CARTESIAN_POINT('',(35.216796875,-10.42956542968,1.7));
#7465 = SURFACE_CURVE('',#7466,(#7470,#7477),.PCURVE_S1.);
#7466 = B_SPLINE_CURVE_WITH_KNOTS('',2,(#7467,#7468,#7469),
  .UNSPECIFIED.,.F.,.F.,(3,3),(0.,1.),.PIECEWISE_BEZIER_KNOTS.);
#7467 = CARTESIAN_POINT('',(35.01904296875,-11.00085449218,1.7));
#7468 = CARTESIAN_POINT('',(35.216796875,-10.78552246093,1.7));
#7469 = CARTESIAN_POINT('',(35.216796875,-10.42956542968,1.7));
#7470 = PCURVE('',#1377,#7471);
#7471 = DEFINITIONAL_REPRESENTATION('',(#7472),#7476);
#7472 = LINE('',#7473,#7474);
#7473 = CARTESIAN_POINT('',(0.,-0.8));
#7474 = VECTOR('',#7475,1.);
#7475 = DIRECTION('',(1.,0.));
#7476 = ( GEOMETRIC_REPRESENTATION_CONTEXT(2) 
PARAMETRIC_REPRESENTATION_CONTEXT() REPRESENTATION_CONTEXT('2D SPACE',''
  ) );
#7477 = PCURVE('',#6983,#7478);
#7478 = DEFINITIONAL_REPRESENTATION('',(#7479),#7483);
#7479 = B_SPLINE_CURVE_WITH_KNOTS('',2,(#7480,#7481,#7482),
  .UNSPECIFIED.,.F.,.F.,(3,3),(0.,1.),.PIECEWISE_BEZIER_KNOTS.);
#7480 = CARTESIAN_POINT('',(1.705078125,0.485595703125));
#7481 = CARTESIAN_POINT('',(1.90283203125,0.700927734375));
#7482 = CARTESIAN_POINT('',(1.90283203125,1.056884765625));
#7483 = ( GEOMETRIC_REPRESENTATION_CONTEXT(2) 
PARAMETRIC_REPRESENTATION_CONTEXT() REPRESENTATION_CONTEXT('2D SPACE',''
  ) );
#7484 = ORIENTED_EDGE('',*,*,#7485,.F.);
#7485 = EDGE_CURVE('',#1362,#7463,#7486,.T.);
#7486 = SURFACE_CURVE('',#7487,(#7491,#7498),.PCURVE_S1.);
#7487 = LINE('',#7488,#7489);
#7488 = CARTESIAN_POINT('',(35.216796875,-10.42956542968,2.5));
#7489 = VECTOR('',#7490,1.);
#7490 = DIRECTION('',(-0.,-0.,-1.));
#7491 = PCURVE('',#1377,#7492);
#7492 = DEFINITIONAL_REPRESENTATION('',(#7493),#7497);
#7493 = LINE('',#7494,#7495);
#7494 = CARTESIAN_POINT('',(1.,0.));
#7495 = VECTOR('',#7496,1.);
#7496 = DIRECTION('',(0.,-1.));
#7497 = ( GEOMETRIC_REPRESENTATION_CONTEXT(2) 
PARAMETRIC_REPRESENTATION_CONTEXT() REPRESENTATION_CONTEXT('2D SPACE',''
  ) );
#7498 = PCURVE('',#1407,#7499);
#7499 = DEFINITIONAL_REPRESENTATION('',(#7500),#7504);
#7500 = LINE('',#7501,#7502);
#7501 = CARTESIAN_POINT('',(0.,0.));
#7502 = VECTOR('',#7503,1.);
#7503 = DIRECTION('',(0.,-1.));
#7504 = ( GEOMETRIC_REPRESENTATION_CONTEXT(2) 
PARAMETRIC_REPRESENTATION_CONTEXT() REPRESENTATION_CONTEXT('2D SPACE',''
  ) );
#7505 = ORIENTED_EDGE('',*,*,#1361,.F.);
#7506 = ADVANCED_FACE('',(#7507),#1695,.T.);
#7507 = FACE_BOUND('',#7508,.T.);
#7508 = EDGE_LOOP('',(#7509,#7532,#7553,#7554));
#7509 = ORIENTED_EDGE('',*,*,#7510,.T.);
#7510 = EDGE_CURVE('',#1652,#7511,#7513,.T.);
#7511 = VERTEX_POINT('',#7512);
#7512 = CARTESIAN_POINT('',(34.02587890625,-9.552856445312,1.7));
#7513 = SURFACE_CURVE('',#7514,(#7518,#7525),.PCURVE_S1.);
#7514 = LINE('',#7515,#7516);
#7515 = CARTESIAN_POINT('',(34.02587890625,-9.552856445312,2.5));
#7516 = VECTOR('',#7517,1.);
#7517 = DIRECTION('',(-0.,-0.,-1.));
#7518 = PCURVE('',#1695,#7519);
#7519 = DEFINITIONAL_REPRESENTATION('',(#7520),#7524);
#7520 = LINE('',#7521,#7522);
#7521 = CARTESIAN_POINT('',(0.,0.));
#7522 = VECTOR('',#7523,1.);
#7523 = DIRECTION('',(0.,-1.));
#7524 = ( GEOMETRIC_REPRESENTATION_CONTEXT(2) 
PARAMETRIC_REPRESENTATION_CONTEXT() REPRESENTATION_CONTEXT('2D SPACE',''
  ) );
#7525 = PCURVE('',#1667,#7526);
#7526 = DEFINITIONAL_REPRESENTATION('',(#7527),#7531);
#7527 = LINE('',#7528,#7529);
#7528 = CARTESIAN_POINT('',(0.882953632518,0.));
#7529 = VECTOR('',#7530,1.);
#7530 = DIRECTION('',(0.,-1.));
#7531 = ( GEOMETRIC_REPRESENTATION_CONTEXT(2) 
PARAMETRIC_REPRESENTATION_CONTEXT() REPRESENTATION_CONTEXT('2D SPACE',''
  ) );
#7532 = ORIENTED_EDGE('',*,*,#7533,.T.);
#7533 = EDGE_CURVE('',#7511,#7413,#7534,.T.);
#7534 = SURFACE_CURVE('',#7535,(#7539,#7546),.PCURVE_S1.);
#7535 = B_SPLINE_CURVE_WITH_KNOTS('',2,(#7536,#7537,#7538),
  .UNSPECIFIED.,.F.,.F.,(3,3),(0.,1.),.PIECEWISE_BEZIER_KNOTS.);
#7536 = CARTESIAN_POINT('',(34.02587890625,-9.552856445312,1.7));
#7537 = CARTESIAN_POINT('',(34.31591796875,-9.350708007812,1.7));
#7538 = CARTESIAN_POINT('',(34.634521484375,-9.350708007812,1.7));
#7539 = PCURVE('',#1695,#7540);
#7540 = DEFINITIONAL_REPRESENTATION('',(#7541),#7545);
#7541 = LINE('',#7542,#7543);
#7542 = CARTESIAN_POINT('',(0.,-0.8));
#7543 = VECTOR('',#7544,1.);
#7544 = DIRECTION('',(1.,0.));
#7545 = ( GEOMETRIC_REPRESENTATION_CONTEXT(2) 
PARAMETRIC_REPRESENTATION_CONTEXT() REPRESENTATION_CONTEXT('2D SPACE',''
  ) );
#7546 = PCURVE('',#6983,#7547);
#7547 = DEFINITIONAL_REPRESENTATION('',(#7548),#7552);
#7548 = B_SPLINE_CURVE_WITH_KNOTS('',2,(#7549,#7550,#7551),
  .UNSPECIFIED.,.F.,.F.,(3,3),(0.,1.),.PIECEWISE_BEZIER_KNOTS.);
#7549 = CARTESIAN_POINT('',(0.7119140625,1.93359375));
#7550 = CARTESIAN_POINT('',(1.001953125,2.1357421875));
#7551 = CARTESIAN_POINT('',(1.320556640625,2.1357421875));
#7552 = ( GEOMETRIC_REPRESENTATION_CONTEXT(2) 
PARAMETRIC_REPRESENTATION_CONTEXT() REPRESENTATION_CONTEXT('2D SPACE',''
  ) );
#7553 = ORIENTED_EDGE('',*,*,#7412,.F.);
#7554 = ORIENTED_EDGE('',*,*,#1679,.F.);
#7555 = ADVANCED_FACE('',(#7556),#1407,.T.);
#7556 = FACE_BOUND('',#7557,.T.);
#7557 = EDGE_LOOP('',(#7558,#7559,#7582,#7603));
#7558 = ORIENTED_EDGE('',*,*,#7485,.T.);
#7559 = ORIENTED_EDGE('',*,*,#7560,.T.);
#7560 = EDGE_CURVE('',#7463,#7561,#7563,.T.);
#7561 = VERTEX_POINT('',#7562);
#7562 = CARTESIAN_POINT('',(35.026733398438,-9.895629882812,1.7));
#7563 = SURFACE_CURVE('',#7564,(#7568,#7575),.PCURVE_S1.);
#7564 = B_SPLINE_CURVE_WITH_KNOTS('',2,(#7565,#7566,#7567),
  .UNSPECIFIED.,.F.,.F.,(3,3),(0.,1.),.PIECEWISE_BEZIER_KNOTS.);
#7565 = CARTESIAN_POINT('',(35.216796875,-10.42956542968,1.7));
#7566 = CARTESIAN_POINT('',(35.216796875,-10.09118652343,1.7));
#7567 = CARTESIAN_POINT('',(35.026733398438,-9.895629882812,1.7));
#7568 = PCURVE('',#1407,#7569);
#7569 = DEFINITIONAL_REPRESENTATION('',(#7570),#7574);
#7570 = LINE('',#7571,#7572);
#7571 = CARTESIAN_POINT('',(0.,-0.8));
#7572 = VECTOR('',#7573,1.);
#7573 = DIRECTION('',(1.,0.));
#7574 = ( GEOMETRIC_REPRESENTATION_CONTEXT(2) 
PARAMETRIC_REPRESENTATION_CONTEXT() REPRESENTATION_CONTEXT('2D SPACE',''
  ) );
#7575 = PCURVE('',#6983,#7576);
#7576 = DEFINITIONAL_REPRESENTATION('',(#7577),#7581);
#7577 = B_SPLINE_CURVE_WITH_KNOTS('',2,(#7578,#7579,#7580),
  .UNSPECIFIED.,.F.,.F.,(3,3),(0.,1.),.PIECEWISE_BEZIER_KNOTS.);
#7578 = CARTESIAN_POINT('',(1.90283203125,1.056884765625));
#7579 = CARTESIAN_POINT('',(1.90283203125,1.395263671875));
#7580 = CARTESIAN_POINT('',(1.712768554688,1.5908203125));
#7581 = ( GEOMETRIC_REPRESENTATION_CONTEXT(2) 
PARAMETRIC_REPRESENTATION_CONTEXT() REPRESENTATION_CONTEXT('2D SPACE',''
  ) );
#7582 = ORIENTED_EDGE('',*,*,#7583,.F.);
#7583 = EDGE_CURVE('',#1392,#7561,#7584,.T.);
#7584 = SURFACE_CURVE('',#7585,(#7589,#7596),.PCURVE_S1.);
#7585 = LINE('',#7586,#7587);
#7586 = CARTESIAN_POINT('',(35.026733398438,-9.895629882812,2.5));
#7587 = VECTOR('',#7588,1.);
#7588 = DIRECTION('',(-0.,-0.,-1.));
#7589 = PCURVE('',#1407,#7590);
#7590 = DEFINITIONAL_REPRESENTATION('',(#7591),#7595);
#7591 = LINE('',#7592,#7593);
#7592 = CARTESIAN_POINT('',(1.,0.));
#7593 = VECTOR('',#7594,1.);
#7594 = DIRECTION('',(0.,-1.));
#7595 = ( GEOMETRIC_REPRESENTATION_CONTEXT(2) 
PARAMETRIC_REPRESENTATION_CONTEXT() REPRESENTATION_CONTEXT('2D SPACE',''
  ) );
#7596 = PCURVE('',#1437,#7597);
#7597 = DEFINITIONAL_REPRESENTATION('',(#7598),#7602);
#7598 = LINE('',#7599,#7600);
#7599 = CARTESIAN_POINT('',(0.,0.));
#7600 = VECTOR('',#7601,1.);
#7601 = DIRECTION('',(0.,-1.));
#7602 = ( GEOMETRIC_REPRESENTATION_CONTEXT(2) 
PARAMETRIC_REPRESENTATION_CONTEXT() REPRESENTATION_CONTEXT('2D SPACE',''
  ) );
#7603 = ORIENTED_EDGE('',*,*,#1391,.F.);
#7604 = ADVANCED_FACE('',(#7605),#1667,.T.);
#7605 = FACE_BOUND('',#7606,.T.);
#7606 = EDGE_LOOP('',(#7607,#7630,#7651,#7652));
#7607 = ORIENTED_EDGE('',*,*,#7608,.T.);
#7608 = EDGE_CURVE('',#1624,#7609,#7611,.T.);
#7609 = VERTEX_POINT('',#7610);
#7610 = CARTESIAN_POINT('',(34.199462890625,-8.687133789062,1.7));
#7611 = SURFACE_CURVE('',#7612,(#7616,#7623),.PCURVE_S1.);
#7612 = LINE('',#7613,#7614);
#7613 = CARTESIAN_POINT('',(34.199462890625,-8.687133789062,2.5));
#7614 = VECTOR('',#7615,1.);
#7615 = DIRECTION('',(-0.,-0.,-1.));
#7616 = PCURVE('',#1667,#7617);
#7617 = DEFINITIONAL_REPRESENTATION('',(#7618),#7622);
#7618 = LINE('',#7619,#7620);
#7619 = CARTESIAN_POINT('',(0.,0.));
#7620 = VECTOR('',#7621,1.);
#7621 = DIRECTION('',(0.,-1.));
#7622 = ( GEOMETRIC_REPRESENTATION_CONTEXT(2) 
PARAMETRIC_REPRESENTATION_CONTEXT() REPRESENTATION_CONTEXT('2D SPACE',''
  ) );
#7623 = PCURVE('',#1639,#7624);
#7624 = DEFINITIONAL_REPRESENTATION('',(#7625),#7629);
#7625 = LINE('',#7626,#7627);
#7626 = CARTESIAN_POINT('',(1.285400390625,0.));
#7627 = VECTOR('',#7628,1.);
#7628 = DIRECTION('',(0.,-1.));
#7629 = ( GEOMETRIC_REPRESENTATION_CONTEXT(2) 
PARAMETRIC_REPRESENTATION_CONTEXT() REPRESENTATION_CONTEXT('2D SPACE',''
  ) );
#7630 = ORIENTED_EDGE('',*,*,#7631,.T.);
#7631 = EDGE_CURVE('',#7609,#7511,#7632,.T.);
#7632 = SURFACE_CURVE('',#7633,(#7637,#7644),.PCURVE_S1.);
#7633 = LINE('',#7634,#7635);
#7634 = CARTESIAN_POINT('',(34.199462890625,-8.687133789062,1.7));
#7635 = VECTOR('',#7636,1.);
#7636 = DIRECTION('',(-0.196594677209,-0.980484845825,0.));
#7637 = PCURVE('',#1667,#7638);
#7638 = DEFINITIONAL_REPRESENTATION('',(#7639),#7643);
#7639 = LINE('',#7640,#7641);
#7640 = CARTESIAN_POINT('',(-0.,-0.8));
#7641 = VECTOR('',#7642,1.);
#7642 = DIRECTION('',(1.,0.));
#7643 = ( GEOMETRIC_REPRESENTATION_CONTEXT(2) 
PARAMETRIC_REPRESENTATION_CONTEXT() REPRESENTATION_CONTEXT('2D SPACE',''
  ) );
#7644 = PCURVE('',#6983,#7645);
#7645 = DEFINITIONAL_REPRESENTATION('',(#7646),#7650);
#7646 = LINE('',#7647,#7648);
#7647 = CARTESIAN_POINT('',(0.885498046875,2.79931640625));
#7648 = VECTOR('',#7649,1.);
#7649 = DIRECTION('',(-0.196594677209,-0.980484845825));
#7650 = ( GEOMETRIC_REPRESENTATION_CONTEXT(2) 
PARAMETRIC_REPRESENTATION_CONTEXT() REPRESENTATION_CONTEXT('2D SPACE',''
  ) );
#7651 = ORIENTED_EDGE('',*,*,#7510,.F.);
#7652 = ORIENTED_EDGE('',*,*,#1651,.F.);
#7653 = ADVANCED_FACE('',(#7654),#1437,.T.);
#7654 = FACE_BOUND('',#7655,.T.);
#7655 = EDGE_LOOP('',(#7656,#7657,#7680,#7701));
#7656 = ORIENTED_EDGE('',*,*,#7583,.T.);
#7657 = ORIENTED_EDGE('',*,*,#7658,.T.);
#7658 = EDGE_CURVE('',#7561,#7659,#7661,.T.);
#7659 = VERTEX_POINT('',#7660);
#7660 = CARTESIAN_POINT('',(34.529052734375,-9.700073242188,1.7));
#7661 = SURFACE_CURVE('',#7662,(#7666,#7673),.PCURVE_S1.);
#7662 = B_SPLINE_CURVE_WITH_KNOTS('',2,(#7663,#7664,#7665),
  .UNSPECIFIED.,.F.,.F.,(3,3),(0.,1.),.PIECEWISE_BEZIER_KNOTS.);
#7663 = CARTESIAN_POINT('',(35.026733398438,-9.895629882812,1.7));
#7664 = CARTESIAN_POINT('',(34.836669921875,-9.700073242188,1.7));
#7665 = CARTESIAN_POINT('',(34.529052734375,-9.700073242188,1.7));
#7666 = PCURVE('',#1437,#7667);
#7667 = DEFINITIONAL_REPRESENTATION('',(#7668),#7672);
#7668 = LINE('',#7669,#7670);
#7669 = CARTESIAN_POINT('',(0.,-0.8));
#7670 = VECTOR('',#7671,1.);
#7671 = DIRECTION('',(1.,0.));
#7672 = ( GEOMETRIC_REPRESENTATION_CONTEXT(2) 
PARAMETRIC_REPRESENTATION_CONTEXT() REPRESENTATION_CONTEXT('2D SPACE',''
  ) );
#7673 = PCURVE('',#6983,#7674);
#7674 = DEFINITIONAL_REPRESENTATION('',(#7675),#7679);
#7675 = B_SPLINE_CURVE_WITH_KNOTS('',2,(#7676,#7677,#7678),
  .UNSPECIFIED.,.F.,.F.,(3,3),(0.,1.),.PIECEWISE_BEZIER_KNOTS.);
#7676 = CARTESIAN_POINT('',(1.712768554688,1.5908203125));
#7677 = CARTESIAN_POINT('',(1.522705078125,1.786376953125));
#7678 = CARTESIAN_POINT('',(1.215087890625,1.786376953125));
#7679 = ( GEOMETRIC_REPRESENTATION_CONTEXT(2) 
PARAMETRIC_REPRESENTATION_CONTEXT() REPRESENTATION_CONTEXT('2D SPACE',''
  ) );
#7680 = ORIENTED_EDGE('',*,*,#7681,.F.);
#7681 = EDGE_CURVE('',#1422,#7659,#7682,.T.);
#7682 = SURFACE_CURVE('',#7683,(#7687,#7694),.PCURVE_S1.);
#7683 = LINE('',#7684,#7685);
#7684 = CARTESIAN_POINT('',(34.529052734375,-9.700073242188,2.5));
#7685 = VECTOR('',#7686,1.);
#7686 = DIRECTION('',(-0.,-0.,-1.));
#7687 = PCURVE('',#1437,#7688);
#7688 = DEFINITIONAL_REPRESENTATION('',(#7689),#7693);
#7689 = LINE('',#7690,#7691);
#7690 = CARTESIAN_POINT('',(1.,0.));
#7691 = VECTOR('',#7692,1.);
#7692 = DIRECTION('',(0.,-1.));
#7693 = ( GEOMETRIC_REPRESENTATION_CONTEXT(2) 
PARAMETRIC_REPRESENTATION_CONTEXT() REPRESENTATION_CONTEXT('2D SPACE',''
  ) );
#7694 = PCURVE('',#1467,#7695);
#7695 = DEFINITIONAL_REPRESENTATION('',(#7696),#7700);
#7696 = LINE('',#7697,#7698);
#7697 = CARTESIAN_POINT('',(0.,0.));
#7698 = VECTOR('',#7699,1.);
#7699 = DIRECTION('',(0.,-1.));
#7700 = ( GEOMETRIC_REPRESENTATION_CONTEXT(2) 
PARAMETRIC_REPRESENTATION_CONTEXT() REPRESENTATION_CONTEXT('2D SPACE',''
  ) );
#7701 = ORIENTED_EDGE('',*,*,#1421,.F.);
#7702 = ADVANCED_FACE('',(#7703),#1639,.T.);
#7703 = FACE_BOUND('',#7704,.T.);
#7704 = EDGE_LOOP('',(#7705,#7728,#7749,#7750));
#7705 = ORIENTED_EDGE('',*,*,#7706,.T.);
#7706 = EDGE_CURVE('',#1596,#7707,#7709,.T.);
#7707 = VERTEX_POINT('',#7708);
#7708 = CARTESIAN_POINT('',(35.48486328125,-8.687133789062,1.7));
#7709 = SURFACE_CURVE('',#7710,(#7714,#7721),.PCURVE_S1.);
#7710 = LINE('',#7711,#7712);
#7711 = CARTESIAN_POINT('',(35.48486328125,-8.687133789062,2.5));
#7712 = VECTOR('',#7713,1.);
#7713 = DIRECTION('',(-0.,-0.,-1.));
#7714 = PCURVE('',#1639,#7715);
#7715 = DEFINITIONAL_REPRESENTATION('',(#7716),#7720);
#7716 = LINE('',#7717,#7718);
#7717 = CARTESIAN_POINT('',(0.,0.));
#7718 = VECTOR('',#7719,1.);
#7719 = DIRECTION('',(0.,-1.));
#7720 = ( GEOMETRIC_REPRESENTATION_CONTEXT(2) 
PARAMETRIC_REPRESENTATION_CONTEXT() REPRESENTATION_CONTEXT('2D SPACE',''
  ) );
#7721 = PCURVE('',#1611,#7722);
#7722 = DEFINITIONAL_REPRESENTATION('',(#7723),#7727);
#7723 = LINE('',#7724,#7725);
#7724 = CARTESIAN_POINT('',(0.3779296875,0.));
#7725 = VECTOR('',#7726,1.);
#7726 = DIRECTION('',(0.,-1.));
#7727 = ( GEOMETRIC_REPRESENTATION_CONTEXT(2) 
PARAMETRIC_REPRESENTATION_CONTEXT() REPRESENTATION_CONTEXT('2D SPACE',''
  ) );
#7728 = ORIENTED_EDGE('',*,*,#7729,.T.);
#7729 = EDGE_CURVE('',#7707,#7609,#7730,.T.);
#7730 = SURFACE_CURVE('',#7731,(#7735,#7742),.PCURVE_S1.);
#7731 = LINE('',#7732,#7733);
#7732 = CARTESIAN_POINT('',(35.48486328125,-8.687133789062,1.7));
#7733 = VECTOR('',#7734,1.);
#7734 = DIRECTION('',(-1.,0.,0.));
#7735 = PCURVE('',#1639,#7736);
#7736 = DEFINITIONAL_REPRESENTATION('',(#7737),#7741);
#7737 = LINE('',#7738,#7739);
#7738 = CARTESIAN_POINT('',(0.,-0.8));
#7739 = VECTOR('',#7740,1.);
#7740 = DIRECTION('',(1.,0.));
#7741 = ( GEOMETRIC_REPRESENTATION_CONTEXT(2) 
PARAMETRIC_REPRESENTATION_CONTEXT() REPRESENTATION_CONTEXT('2D SPACE',''
  ) );
#7742 = PCURVE('',#6983,#7743);
#7743 = DEFINITIONAL_REPRESENTATION('',(#7744),#7748);
#7744 = LINE('',#7745,#7746);
#7745 = CARTESIAN_POINT('',(2.1708984375,2.79931640625));
#7746 = VECTOR('',#7747,1.);
#7747 = DIRECTION('',(-1.,0.));
#7748 = ( GEOMETRIC_REPRESENTATION_CONTEXT(2) 
PARAMETRIC_REPRESENTATION_CONTEXT() REPRESENTATION_CONTEXT('2D SPACE',''
  ) );
#7749 = ORIENTED_EDGE('',*,*,#7608,.F.);
#7750 = ORIENTED_EDGE('',*,*,#1623,.F.);
#7751 = ADVANCED_FACE('',(#7752),#1467,.T.);
#7752 = FACE_BOUND('',#7753,.T.);
#7753 = EDGE_LOOP('',(#7754,#7755,#7778,#7799));
#7754 = ORIENTED_EDGE('',*,*,#7681,.T.);
#7755 = ORIENTED_EDGE('',*,*,#7756,.T.);
#7756 = EDGE_CURVE('',#7659,#7757,#7759,.T.);
#7757 = VERTEX_POINT('',#7758);
#7758 = CARTESIAN_POINT('',(34.18408203125,-9.786865234375,1.7));
#7759 = SURFACE_CURVE('',#7760,(#7764,#7771),.PCURVE_S1.);
#7760 = B_SPLINE_CURVE_WITH_KNOTS('',2,(#7761,#7762,#7763),
  .UNSPECIFIED.,.F.,.F.,(3,3),(0.,1.),.PIECEWISE_BEZIER_KNOTS.);
#7761 = CARTESIAN_POINT('',(34.529052734375,-9.700073242188,1.7));
#7762 = CARTESIAN_POINT('',(34.337890625,-9.700073242188,1.7));
#7763 = CARTESIAN_POINT('',(34.18408203125,-9.786865234375,1.7));
#7764 = PCURVE('',#1467,#7765);
#7765 = DEFINITIONAL_REPRESENTATION('',(#7766),#7770);
#7766 = LINE('',#7767,#7768);
#7767 = CARTESIAN_POINT('',(0.,-0.8));
#7768 = VECTOR('',#7769,1.);
#7769 = DIRECTION('',(1.,0.));
#7770 = ( GEOMETRIC_REPRESENTATION_CONTEXT(2) 
PARAMETRIC_REPRESENTATION_CONTEXT() REPRESENTATION_CONTEXT('2D SPACE',''
  ) );
#7771 = PCURVE('',#6983,#7772);
#7772 = DEFINITIONAL_REPRESENTATION('',(#7773),#7777);
#7773 = B_SPLINE_CURVE_WITH_KNOTS('',2,(#7774,#7775,#7776),
  .UNSPECIFIED.,.F.,.F.,(3,3),(0.,1.),.PIECEWISE_BEZIER_KNOTS.);
#7774 = CARTESIAN_POINT('',(1.215087890625,1.786376953125));
#7775 = CARTESIAN_POINT('',(1.02392578125,1.786376953125));
#7776 = CARTESIAN_POINT('',(0.8701171875,1.699584960938));
#7777 = ( GEOMETRIC_REPRESENTATION_CONTEXT(2) 
PARAMETRIC_REPRESENTATION_CONTEXT() REPRESENTATION_CONTEXT('2D SPACE',''
  ) );
#7778 = ORIENTED_EDGE('',*,*,#7779,.F.);
#7779 = EDGE_CURVE('',#1452,#7757,#7780,.T.);
#7780 = SURFACE_CURVE('',#7781,(#7785,#7792),.PCURVE_S1.);
#7781 = LINE('',#7782,#7783);
#7782 = CARTESIAN_POINT('',(34.18408203125,-9.786865234375,2.5));
#7783 = VECTOR('',#7784,1.);
#7784 = DIRECTION('',(-0.,-0.,-1.));
#7785 = PCURVE('',#1467,#7786);
#7786 = DEFINITIONAL_REPRESENTATION('',(#7787),#7791);
#7787 = LINE('',#7788,#7789);
#7788 = CARTESIAN_POINT('',(1.,0.));
#7789 = VECTOR('',#7790,1.);
#7790 = DIRECTION('',(0.,-1.));
#7791 = ( GEOMETRIC_REPRESENTATION_CONTEXT(2) 
PARAMETRIC_REPRESENTATION_CONTEXT() REPRESENTATION_CONTEXT('2D SPACE',''
  ) );
#7792 = PCURVE('',#1497,#7793);
#7793 = DEFINITIONAL_REPRESENTATION('',(#7794),#7798);
#7794 = LINE('',#7795,#7796);
#7795 = CARTESIAN_POINT('',(0.,0.));
#7796 = VECTOR('',#7797,1.);
#7797 = DIRECTION('',(0.,-1.));
#7798 = ( GEOMETRIC_REPRESENTATION_CONTEXT(2) 
PARAMETRIC_REPRESENTATION_CONTEXT() REPRESENTATION_CONTEXT('2D SPACE',''
  ) );
#7799 = ORIENTED_EDGE('',*,*,#1451,.F.);
#7800 = ADVANCED_FACE('',(#7801),#1611,.T.);
#7801 = FACE_BOUND('',#7802,.T.);
#7802 = EDGE_LOOP('',(#7803,#7826,#7847,#7848));
#7803 = ORIENTED_EDGE('',*,*,#7804,.T.);
#7804 = EDGE_CURVE('',#1568,#7805,#7807,.T.);
#7805 = VERTEX_POINT('',#7806);
#7806 = CARTESIAN_POINT('',(35.48486328125,-8.309204101562,1.7));
#7807 = SURFACE_CURVE('',#7808,(#7812,#7819),.PCURVE_S1.);
#7808 = LINE('',#7809,#7810);
#7809 = CARTESIAN_POINT('',(35.48486328125,-8.309204101562,2.5));
#7810 = VECTOR('',#7811,1.);
#7811 = DIRECTION('',(-0.,-0.,-1.));
#7812 = PCURVE('',#1611,#7813);
#7813 = DEFINITIONAL_REPRESENTATION('',(#7814),#7818);
#7814 = LINE('',#7815,#7816);
#7815 = CARTESIAN_POINT('',(0.,0.));
#7816 = VECTOR('',#7817,1.);
#7817 = DIRECTION('',(0.,-1.));
#7818 = ( GEOMETRIC_REPRESENTATION_CONTEXT(2) 
PARAMETRIC_REPRESENTATION_CONTEXT() REPRESENTATION_CONTEXT('2D SPACE',''
  ) );
#7819 = PCURVE('',#1583,#7820);
#7820 = DEFINITIONAL_REPRESENTATION('',(#7821),#7825);
#7821 = LINE('',#7822,#7823);
#7822 = CARTESIAN_POINT('',(1.601806640625,0.));
#7823 = VECTOR('',#7824,1.);
#7824 = DIRECTION('',(0.,-1.));
#7825 = ( GEOMETRIC_REPRESENTATION_CONTEXT(2) 
PARAMETRIC_REPRESENTATION_CONTEXT() REPRESENTATION_CONTEXT('2D SPACE',''
  ) );
#7826 = ORIENTED_EDGE('',*,*,#7827,.T.);
#7827 = EDGE_CURVE('',#7805,#7707,#7828,.T.);
#7828 = SURFACE_CURVE('',#7829,(#7833,#7840),.PCURVE_S1.);
#7829 = LINE('',#7830,#7831);
#7830 = CARTESIAN_POINT('',(35.48486328125,-8.309204101562,1.7));
#7831 = VECTOR('',#7832,1.);
#7832 = DIRECTION('',(0.,-1.,0.));
#7833 = PCURVE('',#1611,#7834);
#7834 = DEFINITIONAL_REPRESENTATION('',(#7835),#7839);
#7835 = LINE('',#7836,#7837);
#7836 = CARTESIAN_POINT('',(0.,-0.8));
#7837 = VECTOR('',#7838,1.);
#7838 = DIRECTION('',(1.,0.));
#7839 = ( GEOMETRIC_REPRESENTATION_CONTEXT(2) 
PARAMETRIC_REPRESENTATION_CONTEXT() REPRESENTATION_CONTEXT('2D SPACE',''
  ) );
#7840 = PCURVE('',#6983,#7841);
#7841 = DEFINITIONAL_REPRESENTATION('',(#7842),#7846);
#7842 = LINE('',#7843,#7844);
#7843 = CARTESIAN_POINT('',(2.1708984375,3.17724609375));
#7844 = VECTOR('',#7845,1.);
#7845 = DIRECTION('',(0.,-1.));
#7846 = ( GEOMETRIC_REPRESENTATION_CONTEXT(2) 
PARAMETRIC_REPRESENTATION_CONTEXT() REPRESENTATION_CONTEXT('2D SPACE',''
  ) );
#7847 = ORIENTED_EDGE('',*,*,#7706,.F.);
#7848 = ORIENTED_EDGE('',*,*,#1595,.F.);
#7849 = ADVANCED_FACE('',(#7850),#1497,.T.);
#7850 = FACE_BOUND('',#7851,.T.);
#7851 = EDGE_LOOP('',(#7852,#7853,#7876,#7897));
#7852 = ORIENTED_EDGE('',*,*,#7779,.T.);
#7853 = ORIENTED_EDGE('',*,*,#7854,.T.);
#7854 = EDGE_CURVE('',#7757,#7855,#7857,.T.);
#7855 = VERTEX_POINT('',#7856);
#7856 = CARTESIAN_POINT('',(33.9423828125,-10.01208496093,1.7));
#7857 = SURFACE_CURVE('',#7858,(#7862,#7869),.PCURVE_S1.);
#7858 = B_SPLINE_CURVE_WITH_KNOTS('',2,(#7859,#7860,#7861),
  .UNSPECIFIED.,.F.,.F.,(3,3),(0.,1.),.PIECEWISE_BEZIER_KNOTS.);
#7859 = CARTESIAN_POINT('',(34.18408203125,-9.786865234375,1.7));
#7860 = CARTESIAN_POINT('',(34.0302734375,-9.873657226562,1.7));
#7861 = CARTESIAN_POINT('',(33.9423828125,-10.01208496093,1.7));
#7862 = PCURVE('',#1497,#7863);
#7863 = DEFINITIONAL_REPRESENTATION('',(#7864),#7868);
#7864 = LINE('',#7865,#7866);
#7865 = CARTESIAN_POINT('',(0.,-0.8));
#7866 = VECTOR('',#7867,1.);
#7867 = DIRECTION('',(1.,0.));
#7868 = ( GEOMETRIC_REPRESENTATION_CONTEXT(2) 
PARAMETRIC_REPRESENTATION_CONTEXT() REPRESENTATION_CONTEXT('2D SPACE',''
  ) );
#7869 = PCURVE('',#6983,#7870);
#7870 = DEFINITIONAL_REPRESENTATION('',(#7871),#7875);
#7871 = B_SPLINE_CURVE_WITH_KNOTS('',2,(#7872,#7873,#7874),
  .UNSPECIFIED.,.F.,.F.,(3,3),(0.,1.),.PIECEWISE_BEZIER_KNOTS.);
#7872 = CARTESIAN_POINT('',(0.8701171875,1.699584960938));
#7873 = CARTESIAN_POINT('',(0.71630859375,1.61279296875));
#7874 = CARTESIAN_POINT('',(0.62841796875,1.474365234375));
#7875 = ( GEOMETRIC_REPRESENTATION_CONTEXT(2) 
PARAMETRIC_REPRESENTATION_CONTEXT() REPRESENTATION_CONTEXT('2D SPACE',''
  ) );
#7876 = ORIENTED_EDGE('',*,*,#7877,.F.);
#7877 = EDGE_CURVE('',#1482,#7855,#7878,.T.);
#7878 = SURFACE_CURVE('',#7879,(#7883,#7890),.PCURVE_S1.);
#7879 = LINE('',#7880,#7881);
#7880 = CARTESIAN_POINT('',(33.9423828125,-10.01208496093,2.5));
#7881 = VECTOR('',#7882,1.);
#7882 = DIRECTION('',(-0.,-0.,-1.));
#7883 = PCURVE('',#1497,#7884);
#7884 = DEFINITIONAL_REPRESENTATION('',(#7885),#7889);
#7885 = LINE('',#7886,#7887);
#7886 = CARTESIAN_POINT('',(1.,0.));
#7887 = VECTOR('',#7888,1.);
#7888 = DIRECTION('',(0.,-1.));
#7889 = ( GEOMETRIC_REPRESENTATION_CONTEXT(2) 
PARAMETRIC_REPRESENTATION_CONTEXT() REPRESENTATION_CONTEXT('2D SPACE',''
  ) );
#7890 = PCURVE('',#1527,#7891);
#7891 = DEFINITIONAL_REPRESENTATION('',(#7892),#7896);
#7892 = LINE('',#7893,#7894);
#7893 = CARTESIAN_POINT('',(0.,0.));
#7894 = VECTOR('',#7895,1.);
#7895 = DIRECTION('',(0.,-1.));
#7896 = ( GEOMETRIC_REPRESENTATION_CONTEXT(2) 
PARAMETRIC_REPRESENTATION_CONTEXT() REPRESENTATION_CONTEXT('2D SPACE',''
  ) );
#7897 = ORIENTED_EDGE('',*,*,#1481,.F.);
#7898 = ADVANCED_FACE('',(#7899),#1583,.T.);
#7899 = FACE_BOUND('',#7900,.T.);
#7900 = EDGE_LOOP('',(#7901,#7924,#7945,#7946));
#7901 = ORIENTED_EDGE('',*,*,#7902,.T.);
#7902 = EDGE_CURVE('',#1540,#7903,#7905,.T.);
#7903 = VERTEX_POINT('',#7904);
#7904 = CARTESIAN_POINT('',(33.883056640625,-8.309204101562,1.7));
#7905 = SURFACE_CURVE('',#7906,(#7910,#7917),.PCURVE_S1.);
#7906 = LINE('',#7907,#7908);
#7907 = CARTESIAN_POINT('',(33.883056640625,-8.309204101562,2.5));
#7908 = VECTOR('',#7909,1.);
#7909 = DIRECTION('',(-0.,-0.,-1.));
#7910 = PCURVE('',#1583,#7911);
#7911 = DEFINITIONAL_REPRESENTATION('',(#7912),#7916);
#7912 = LINE('',#7913,#7914);
#7913 = CARTESIAN_POINT('',(0.,0.));
#7914 = VECTOR('',#7915,1.);
#7915 = DIRECTION('',(0.,-1.));
#7916 = ( GEOMETRIC_REPRESENTATION_CONTEXT(2) 
PARAMETRIC_REPRESENTATION_CONTEXT() REPRESENTATION_CONTEXT('2D SPACE',''
  ) );
#7917 = PCURVE('',#1555,#7918);
#7918 = DEFINITIONAL_REPRESENTATION('',(#7919),#7923);
#7919 = LINE('',#7920,#7921);
#7920 = CARTESIAN_POINT('',(1.683703443313,0.));
#7921 = VECTOR('',#7922,1.);
#7922 = DIRECTION('',(0.,-1.));
#7923 = ( GEOMETRIC_REPRESENTATION_CONTEXT(2) 
PARAMETRIC_REPRESENTATION_CONTEXT() REPRESENTATION_CONTEXT('2D SPACE',''
  ) );
#7924 = ORIENTED_EDGE('',*,*,#7925,.T.);
#7925 = EDGE_CURVE('',#7903,#7805,#7926,.T.);
#7926 = SURFACE_CURVE('',#7927,(#7931,#7938),.PCURVE_S1.);
#7927 = LINE('',#7928,#7929);
#7928 = CARTESIAN_POINT('',(33.883056640625,-8.309204101562,1.7));
#7929 = VECTOR('',#7930,1.);
#7930 = DIRECTION('',(1.,0.,0.));
#7931 = PCURVE('',#1583,#7932);
#7932 = DEFINITIONAL_REPRESENTATION('',(#7933),#7937);
#7933 = LINE('',#7934,#7935);
#7934 = CARTESIAN_POINT('',(0.,-0.8));
#7935 = VECTOR('',#7936,1.);
#7936 = DIRECTION('',(1.,0.));
#7937 = ( GEOMETRIC_REPRESENTATION_CONTEXT(2) 
PARAMETRIC_REPRESENTATION_CONTEXT() REPRESENTATION_CONTEXT('2D SPACE',''
  ) );
#7938 = PCURVE('',#6983,#7939);
#7939 = DEFINITIONAL_REPRESENTATION('',(#7940),#7944);
#7940 = LINE('',#7941,#7942);
#7941 = CARTESIAN_POINT('',(0.569091796875,3.17724609375));
#7942 = VECTOR('',#7943,1.);
#7943 = DIRECTION('',(1.,0.));
#7944 = ( GEOMETRIC_REPRESENTATION_CONTEXT(2) 
PARAMETRIC_REPRESENTATION_CONTEXT() REPRESENTATION_CONTEXT('2D SPACE',''
  ) );
#7945 = ORIENTED_EDGE('',*,*,#7804,.F.);
#7946 = ORIENTED_EDGE('',*,*,#1567,.F.);
#7947 = ADVANCED_FACE('',(#7948),#1527,.T.);
#7948 = FACE_BOUND('',#7949,.T.);
#7949 = EDGE_LOOP('',(#7950,#7951,#7974,#7995));
#7950 = ORIENTED_EDGE('',*,*,#7877,.T.);
#7951 = ORIENTED_EDGE('',*,*,#7952,.T.);
#7952 = EDGE_CURVE('',#7855,#7953,#7955,.T.);
#7953 = VERTEX_POINT('',#7954);
#7954 = CARTESIAN_POINT('',(33.571044921875,-9.963745117188,1.7));
#7955 = SURFACE_CURVE('',#7956,(#7960,#7967),.PCURVE_S1.);
#7956 = LINE('',#7957,#7958);
#7957 = CARTESIAN_POINT('',(33.9423828125,-10.01208496093,1.7));
#7958 = VECTOR('',#7959,1.);
#7959 = DIRECTION('',(-0.991633098704,0.129088332376,0.));
#7960 = PCURVE('',#1527,#7961);
#7961 = DEFINITIONAL_REPRESENTATION('',(#7962),#7966);
#7962 = LINE('',#7963,#7964);
#7963 = CARTESIAN_POINT('',(0.,-0.8));
#7964 = VECTOR('',#7965,1.);
#7965 = DIRECTION('',(1.,0.));
#7966 = ( GEOMETRIC_REPRESENTATION_CONTEXT(2) 
PARAMETRIC_REPRESENTATION_CONTEXT() REPRESENTATION_CONTEXT('2D SPACE',''
  ) );
#7967 = PCURVE('',#6983,#7968);
#7968 = DEFINITIONAL_REPRESENTATION('',(#7969),#7973);
#7969 = LINE('',#7970,#7971);
#7970 = CARTESIAN_POINT('',(0.62841796875,1.474365234375));
#7971 = VECTOR('',#7972,1.);
#7972 = DIRECTION('',(-0.991633098704,0.129088332376));
#7973 = ( GEOMETRIC_REPRESENTATION_CONTEXT(2) 
PARAMETRIC_REPRESENTATION_CONTEXT() REPRESENTATION_CONTEXT('2D SPACE',''
  ) );
#7974 = ORIENTED_EDGE('',*,*,#7975,.F.);
#7975 = EDGE_CURVE('',#1512,#7953,#7976,.T.);
#7976 = SURFACE_CURVE('',#7977,(#7981,#7988),.PCURVE_S1.);
#7977 = LINE('',#7978,#7979);
#7978 = CARTESIAN_POINT('',(33.571044921875,-9.963745117188,2.5));
#7979 = VECTOR('',#7980,1.);
#7980 = DIRECTION('',(-0.,-0.,-1.));
#7981 = PCURVE('',#1527,#7982);
#7982 = DEFINITIONAL_REPRESENTATION('',(#7983),#7987);
#7983 = LINE('',#7984,#7985);
#7984 = CARTESIAN_POINT('',(0.374471052964,0.));
#7985 = VECTOR('',#7986,1.);
#7986 = DIRECTION('',(0.,-1.));
#7987 = ( GEOMETRIC_REPRESENTATION_CONTEXT(2) 
PARAMETRIC_REPRESENTATION_CONTEXT() REPRESENTATION_CONTEXT('2D SPACE',''
  ) );
#7988 = PCURVE('',#1555,#7989);
#7989 = DEFINITIONAL_REPRESENTATION('',(#7990),#7994);
#7990 = LINE('',#7991,#7992);
#7991 = CARTESIAN_POINT('',(0.,0.));
#7992 = VECTOR('',#7993,1.);
#7993 = DIRECTION('',(0.,-1.));
#7994 = ( GEOMETRIC_REPRESENTATION_CONTEXT(2) 
PARAMETRIC_REPRESENTATION_CONTEXT() REPRESENTATION_CONTEXT('2D SPACE',''
  ) );
#7995 = ORIENTED_EDGE('',*,*,#1511,.F.);
#7996 = ADVANCED_FACE('',(#7997),#1555,.T.);
#7997 = FACE_BOUND('',#7998,.T.);
#7998 = EDGE_LOOP('',(#7999,#8000,#8021,#8022));
#7999 = ORIENTED_EDGE('',*,*,#7975,.T.);
#8000 = ORIENTED_EDGE('',*,*,#8001,.T.);
#8001 = EDGE_CURVE('',#7953,#7903,#8002,.T.);
#8002 = SURFACE_CURVE('',#8003,(#8007,#8014),.PCURVE_S1.);
#8003 = LINE('',#8004,#8005);
#8004 = CARTESIAN_POINT('',(33.571044921875,-9.963745117188,1.7));
#8005 = VECTOR('',#8006,1.);
#8006 = DIRECTION('',(0.18531275207,0.982679593723,0.));
#8007 = PCURVE('',#1555,#8008);
#8008 = DEFINITIONAL_REPRESENTATION('',(#8009),#8013);
#8009 = LINE('',#8010,#8011);
#8010 = CARTESIAN_POINT('',(0.,-0.8));
#8011 = VECTOR('',#8012,1.);
#8012 = DIRECTION('',(1.,0.));
#8013 = ( GEOMETRIC_REPRESENTATION_CONTEXT(2) 
PARAMETRIC_REPRESENTATION_CONTEXT() REPRESENTATION_CONTEXT('2D SPACE',''
  ) );
#8014 = PCURVE('',#6983,#8015);
#8015 = DEFINITIONAL_REPRESENTATION('',(#8016),#8020);
#8016 = LINE('',#8017,#8018);
#8017 = CARTESIAN_POINT('',(0.257080078125,1.522705078125));
#8018 = VECTOR('',#8019,1.);
#8019 = DIRECTION('',(0.18531275207,0.982679593723));
#8020 = ( GEOMETRIC_REPRESENTATION_CONTEXT(2) 
PARAMETRIC_REPRESENTATION_CONTEXT() REPRESENTATION_CONTEXT('2D SPACE',''
  ) );
#8021 = ORIENTED_EDGE('',*,*,#7902,.F.);
#8022 = ORIENTED_EDGE('',*,*,#1539,.F.);
#8023 = ADVANCED_FACE('',(#8024),#1877,.T.);
#8024 = FACE_BOUND('',#8025,.T.);
#8025 = EDGE_LOOP('',(#8026,#8049,#8077,#8098));
#8026 = ORIENTED_EDGE('',*,*,#8027,.T.);
#8027 = EDGE_CURVE('',#1860,#8028,#8030,.T.);
#8028 = VERTEX_POINT('',#8029);
#8029 = CARTESIAN_POINT('',(61.68408203125,-10.08239746093,1.7));
#8030 = SURFACE_CURVE('',#8031,(#8035,#8042),.PCURVE_S1.);
#8031 = LINE('',#8032,#8033);
#8032 = CARTESIAN_POINT('',(61.68408203125,-10.08239746093,2.5));
#8033 = VECTOR('',#8034,1.);
#8034 = DIRECTION('',(-0.,-0.,-1.));
#8035 = PCURVE('',#1877,#8036);
#8036 = DEFINITIONAL_REPRESENTATION('',(#8037),#8041);
#8037 = LINE('',#8038,#8039);
#8038 = CARTESIAN_POINT('',(0.,0.));
#8039 = VECTOR('',#8040,1.);
#8040 = DIRECTION('',(0.,-1.));
#8041 = ( GEOMETRIC_REPRESENTATION_CONTEXT(2) 
PARAMETRIC_REPRESENTATION_CONTEXT() REPRESENTATION_CONTEXT('2D SPACE',''
  ) );
#8042 = PCURVE('',#2183,#8043);
#8043 = DEFINITIONAL_REPRESENTATION('',(#8044),#8048);
#8044 = LINE('',#8045,#8046);
#8045 = CARTESIAN_POINT('',(0.876708984375,0.));
#8046 = VECTOR('',#8047,1.);
#8047 = DIRECTION('',(0.,-1.));
#8048 = ( GEOMETRIC_REPRESENTATION_CONTEXT(2) 
PARAMETRIC_REPRESENTATION_CONTEXT() REPRESENTATION_CONTEXT('2D SPACE',''
  ) );
#8049 = ORIENTED_EDGE('',*,*,#8050,.T.);
#8050 = EDGE_CURVE('',#8028,#8051,#8053,.T.);
#8051 = VERTEX_POINT('',#8052);
#8052 = CARTESIAN_POINT('',(61.68408203125,-10.96569824218,1.7));
#8053 = SURFACE_CURVE('',#8054,(#8058,#8065),.PCURVE_S1.);
#8054 = LINE('',#8055,#8056);
#8055 = CARTESIAN_POINT('',(61.68408203125,-10.08239746093,1.7));
#8056 = VECTOR('',#8057,1.);
#8057 = DIRECTION('',(0.,-1.,0.));
#8058 = PCURVE('',#1877,#8059);
#8059 = DEFINITIONAL_REPRESENTATION('',(#8060),#8064);
#8060 = LINE('',#8061,#8062);
#8061 = CARTESIAN_POINT('',(0.,-0.8));
#8062 = VECTOR('',#8063,1.);
#8063 = DIRECTION('',(1.,0.));
#8064 = ( GEOMETRIC_REPRESENTATION_CONTEXT(2) 
PARAMETRIC_REPRESENTATION_CONTEXT() REPRESENTATION_CONTEXT('2D SPACE',''
  ) );
#8065 = PCURVE('',#8066,#8071);
#8066 = PLANE('',#8067);
#8067 = AXIS2_PLACEMENT_3D('',#8068,#8069,#8070);
#8068 = CARTESIAN_POINT('',(60.183349609375,-11.48645019531,1.7));
#8069 = DIRECTION('',(0.,0.,1.));
#8070 = DIRECTION('',(1.,0.,0.));
#8071 = DEFINITIONAL_REPRESENTATION('',(#8072),#8076);
#8072 = LINE('',#8073,#8074);
#8073 = CARTESIAN_POINT('',(1.500732421875,1.404052734375));
#8074 = VECTOR('',#8075,1.);
#8075 = DIRECTION('',(0.,-1.));
#8076 = ( GEOMETRIC_REPRESENTATION_CONTEXT(2) 
PARAMETRIC_REPRESENTATION_CONTEXT() REPRESENTATION_CONTEXT('2D SPACE',''
  ) );
#8077 = ORIENTED_EDGE('',*,*,#8078,.F.);
#8078 = EDGE_CURVE('',#1862,#8051,#8079,.T.);
#8079 = SURFACE_CURVE('',#8080,(#8084,#8091),.PCURVE_S1.);
#8080 = LINE('',#8081,#8082);
#8081 = CARTESIAN_POINT('',(61.68408203125,-10.96569824218,2.5));
#8082 = VECTOR('',#8083,1.);
#8083 = DIRECTION('',(-0.,-0.,-1.));
#8084 = PCURVE('',#1877,#8085);
#8085 = DEFINITIONAL_REPRESENTATION('',(#8086),#8090);
#8086 = LINE('',#8087,#8088);
#8087 = CARTESIAN_POINT('',(0.88330078125,0.));
#8088 = VECTOR('',#8089,1.);
#8089 = DIRECTION('',(0.,-1.));
#8090 = ( GEOMETRIC_REPRESENTATION_CONTEXT(2) 
PARAMETRIC_REPRESENTATION_CONTEXT() REPRESENTATION_CONTEXT('2D SPACE',''
  ) );
#8091 = PCURVE('',#1905,#8092);
#8092 = DEFINITIONAL_REPRESENTATION('',(#8093),#8097);
#8093 = LINE('',#8094,#8095);
#8094 = CARTESIAN_POINT('',(0.,0.));
#8095 = VECTOR('',#8096,1.);
#8096 = DIRECTION('',(0.,-1.));
#8097 = ( GEOMETRIC_REPRESENTATION_CONTEXT(2) 
PARAMETRIC_REPRESENTATION_CONTEXT() REPRESENTATION_CONTEXT('2D SPACE',''
  ) );
#8098 = ORIENTED_EDGE('',*,*,#1859,.F.);
#8099 = ADVANCED_FACE('',(#8100),#2183,.T.);
#8100 = FACE_BOUND('',#8101,.T.);
#8101 = EDGE_LOOP('',(#8102,#8125,#8146,#8147));
#8102 = ORIENTED_EDGE('',*,*,#8103,.T.);
#8103 = EDGE_CURVE('',#2142,#8104,#8106,.T.);
#8104 = VERTEX_POINT('',#8105);
#8105 = CARTESIAN_POINT('',(62.560791015625,-10.08239746093,1.7));
#8106 = SURFACE_CURVE('',#8107,(#8111,#8118),.PCURVE_S1.);
#8107 = LINE('',#8108,#8109);
#8108 = CARTESIAN_POINT('',(62.560791015625,-10.08239746093,2.5));
#8109 = VECTOR('',#8110,1.);
#8110 = DIRECTION('',(-0.,-0.,-1.));
#8111 = PCURVE('',#2183,#8112);
#8112 = DEFINITIONAL_REPRESENTATION('',(#8113),#8117);
#8113 = LINE('',#8114,#8115);
#8114 = CARTESIAN_POINT('',(0.,0.));
#8115 = VECTOR('',#8116,1.);
#8116 = DIRECTION('',(0.,-1.));
#8117 = ( GEOMETRIC_REPRESENTATION_CONTEXT(2) 
PARAMETRIC_REPRESENTATION_CONTEXT() REPRESENTATION_CONTEXT('2D SPACE',''
  ) );
#8118 = PCURVE('',#2157,#8119);
#8119 = DEFINITIONAL_REPRESENTATION('',(#8120),#8124);
#8120 = LINE('',#8121,#8122);
#8121 = CARTESIAN_POINT('',(0.369140625,0.));
#8122 = VECTOR('',#8123,1.);
#8123 = DIRECTION('',(0.,-1.));
#8124 = ( GEOMETRIC_REPRESENTATION_CONTEXT(2) 
PARAMETRIC_REPRESENTATION_CONTEXT() REPRESENTATION_CONTEXT('2D SPACE',''
  ) );
#8125 = ORIENTED_EDGE('',*,*,#8126,.T.);
#8126 = EDGE_CURVE('',#8104,#8028,#8127,.T.);
#8127 = SURFACE_CURVE('',#8128,(#8132,#8139),.PCURVE_S1.);
#8128 = LINE('',#8129,#8130);
#8129 = CARTESIAN_POINT('',(62.560791015625,-10.08239746093,1.7));
#8130 = VECTOR('',#8131,1.);
#8131 = DIRECTION('',(-1.,0.,0.));
#8132 = PCURVE('',#2183,#8133);
#8133 = DEFINITIONAL_REPRESENTATION('',(#8134),#8138);
#8134 = LINE('',#8135,#8136);
#8135 = CARTESIAN_POINT('',(0.,-0.8));
#8136 = VECTOR('',#8137,1.);
#8137 = DIRECTION('',(1.,0.));
#8138 = ( GEOMETRIC_REPRESENTATION_CONTEXT(2) 
PARAMETRIC_REPRESENTATION_CONTEXT() REPRESENTATION_CONTEXT('2D SPACE',''
  ) );
#8139 = PCURVE('',#8066,#8140);
#8140 = DEFINITIONAL_REPRESENTATION('',(#8141),#8145);
#8141 = LINE('',#8142,#8143);
#8142 = CARTESIAN_POINT('',(2.37744140625,1.404052734375));
#8143 = VECTOR('',#8144,1.);
#8144 = DIRECTION('',(-1.,0.));
#8145 = ( GEOMETRIC_REPRESENTATION_CONTEXT(2) 
PARAMETRIC_REPRESENTATION_CONTEXT() REPRESENTATION_CONTEXT('2D SPACE',''
  ) );
#8146 = ORIENTED_EDGE('',*,*,#8027,.F.);
#8147 = ORIENTED_EDGE('',*,*,#2169,.F.);
#8148 = ADVANCED_FACE('',(#8149),#2157,.T.);
#8149 = FACE_BOUND('',#8150,.T.);
#8150 = EDGE_LOOP('',(#8151,#8174,#8195,#8196));
#8151 = ORIENTED_EDGE('',*,*,#8152,.T.);
#8152 = EDGE_CURVE('',#2114,#8153,#8155,.T.);
#8153 = VERTEX_POINT('',#8154);
#8154 = CARTESIAN_POINT('',(62.560791015625,-9.713256835938,1.7));
#8155 = SURFACE_CURVE('',#8156,(#8160,#8167),.PCURVE_S1.);
#8156 = LINE('',#8157,#8158);
#8157 = CARTESIAN_POINT('',(62.560791015625,-9.713256835938,2.5));
#8158 = VECTOR('',#8159,1.);
#8159 = DIRECTION('',(-0.,-0.,-1.));
#8160 = PCURVE('',#2157,#8161);
#8161 = DEFINITIONAL_REPRESENTATION('',(#8162),#8166);
#8162 = LINE('',#8163,#8164);
#8163 = CARTESIAN_POINT('',(0.,0.));
#8164 = VECTOR('',#8165,1.);
#8165 = DIRECTION('',(0.,-1.));
#8166 = ( GEOMETRIC_REPRESENTATION_CONTEXT(2) 
PARAMETRIC_REPRESENTATION_CONTEXT() REPRESENTATION_CONTEXT('2D SPACE',''
  ) );
#8167 = PCURVE('',#2129,#8168);
#8168 = DEFINITIONAL_REPRESENTATION('',(#8169),#8173);
#8169 = LINE('',#8170,#8171);
#8170 = CARTESIAN_POINT('',(0.876708984375,0.));
#8171 = VECTOR('',#8172,1.);
#8172 = DIRECTION('',(0.,-1.));
#8173 = ( GEOMETRIC_REPRESENTATION_CONTEXT(2) 
PARAMETRIC_REPRESENTATION_CONTEXT() REPRESENTATION_CONTEXT('2D SPACE',''
  ) );
#8174 = ORIENTED_EDGE('',*,*,#8175,.T.);
#8175 = EDGE_CURVE('',#8153,#8104,#8176,.T.);
#8176 = SURFACE_CURVE('',#8177,(#8181,#8188),.PCURVE_S1.);
#8177 = LINE('',#8178,#8179);
#8178 = CARTESIAN_POINT('',(62.560791015625,-9.713256835938,1.7));
#8179 = VECTOR('',#8180,1.);
#8180 = DIRECTION('',(0.,-1.,0.));
#8181 = PCURVE('',#2157,#8182);
#8182 = DEFINITIONAL_REPRESENTATION('',(#8183),#8187);
#8183 = LINE('',#8184,#8185);
#8184 = CARTESIAN_POINT('',(0.,-0.8));
#8185 = VECTOR('',#8186,1.);
#8186 = DIRECTION('',(1.,0.));
#8187 = ( GEOMETRIC_REPRESENTATION_CONTEXT(2) 
PARAMETRIC_REPRESENTATION_CONTEXT() REPRESENTATION_CONTEXT('2D SPACE',''
  ) );
#8188 = PCURVE('',#8066,#8189);
#8189 = DEFINITIONAL_REPRESENTATION('',(#8190),#8194);
#8190 = LINE('',#8191,#8192);
#8191 = CARTESIAN_POINT('',(2.37744140625,1.773193359375));
#8192 = VECTOR('',#8193,1.);
#8193 = DIRECTION('',(0.,-1.));
#8194 = ( GEOMETRIC_REPRESENTATION_CONTEXT(2) 
PARAMETRIC_REPRESENTATION_CONTEXT() REPRESENTATION_CONTEXT('2D SPACE',''
  ) );
#8195 = ORIENTED_EDGE('',*,*,#8103,.F.);
#8196 = ORIENTED_EDGE('',*,*,#2141,.F.);
#8197 = ADVANCED_FACE('',(#8198),#2129,.T.);
#8198 = FACE_BOUND('',#8199,.T.);
#8199 = EDGE_LOOP('',(#8200,#8223,#8244,#8245));
#8200 = ORIENTED_EDGE('',*,*,#8201,.T.);
#8201 = EDGE_CURVE('',#2086,#8202,#8204,.T.);
#8202 = VERTEX_POINT('',#8203);
#8203 = CARTESIAN_POINT('',(61.68408203125,-9.713256835938,1.7));
#8204 = SURFACE_CURVE('',#8205,(#8209,#8216),.PCURVE_S1.);
#8205 = LINE('',#8206,#8207);
#8206 = CARTESIAN_POINT('',(61.68408203125,-9.713256835938,2.5));
#8207 = VECTOR('',#8208,1.);
#8208 = DIRECTION('',(-0.,-0.,-1.));
#8209 = PCURVE('',#2129,#8210);
#8210 = DEFINITIONAL_REPRESENTATION('',(#8211),#8215);
#8211 = LINE('',#8212,#8213);
#8212 = CARTESIAN_POINT('',(0.,0.));
#8213 = VECTOR('',#8214,1.);
#8214 = DIRECTION('',(0.,-1.));
#8215 = ( GEOMETRIC_REPRESENTATION_CONTEXT(2) 
PARAMETRIC_REPRESENTATION_CONTEXT() REPRESENTATION_CONTEXT('2D SPACE',''
  ) );
#8216 = PCURVE('',#2101,#8217);
#8217 = DEFINITIONAL_REPRESENTATION('',(#8218),#8222);
#8218 = LINE('',#8219,#8220);
#8219 = CARTESIAN_POINT('',(0.876708984375,0.));
#8220 = VECTOR('',#8221,1.);
#8221 = DIRECTION('',(0.,-1.));
#8222 = ( GEOMETRIC_REPRESENTATION_CONTEXT(2) 
PARAMETRIC_REPRESENTATION_CONTEXT() REPRESENTATION_CONTEXT('2D SPACE',''
  ) );
#8223 = ORIENTED_EDGE('',*,*,#8224,.T.);
#8224 = EDGE_CURVE('',#8202,#8153,#8225,.T.);
#8225 = SURFACE_CURVE('',#8226,(#8230,#8237),.PCURVE_S1.);
#8226 = LINE('',#8227,#8228);
#8227 = CARTESIAN_POINT('',(61.68408203125,-9.713256835938,1.7));
#8228 = VECTOR('',#8229,1.);
#8229 = DIRECTION('',(1.,0.,0.));
#8230 = PCURVE('',#2129,#8231);
#8231 = DEFINITIONAL_REPRESENTATION('',(#8232),#8236);
#8232 = LINE('',#8233,#8234);
#8233 = CARTESIAN_POINT('',(0.,-0.8));
#8234 = VECTOR('',#8235,1.);
#8235 = DIRECTION('',(1.,0.));
#8236 = ( GEOMETRIC_REPRESENTATION_CONTEXT(2) 
PARAMETRIC_REPRESENTATION_CONTEXT() REPRESENTATION_CONTEXT('2D SPACE',''
  ) );
#8237 = PCURVE('',#8066,#8238);
#8238 = DEFINITIONAL_REPRESENTATION('',(#8239),#8243);
#8239 = LINE('',#8240,#8241);
#8240 = CARTESIAN_POINT('',(1.500732421875,1.773193359375));
#8241 = VECTOR('',#8242,1.);
#8242 = DIRECTION('',(1.,0.));
#8243 = ( GEOMETRIC_REPRESENTATION_CONTEXT(2) 
PARAMETRIC_REPRESENTATION_CONTEXT() REPRESENTATION_CONTEXT('2D SPACE',''
  ) );
#8244 = ORIENTED_EDGE('',*,*,#8152,.F.);
#8245 = ORIENTED_EDGE('',*,*,#2113,.F.);
#8246 = ADVANCED_FACE('',(#8247),#2101,.T.);
#8247 = FACE_BOUND('',#8248,.T.);
#8248 = EDGE_LOOP('',(#8249,#8272,#8293,#8294));
#8249 = ORIENTED_EDGE('',*,*,#8250,.T.);
#8250 = EDGE_CURVE('',#2058,#8251,#8253,.T.);
#8251 = VERTEX_POINT('',#8252);
#8252 = CARTESIAN_POINT('',(61.68408203125,-8.836547851562,1.7));
#8253 = SURFACE_CURVE('',#8254,(#8258,#8265),.PCURVE_S1.);
#8254 = LINE('',#8255,#8256);
#8255 = CARTESIAN_POINT('',(61.68408203125,-8.836547851562,2.5));
#8256 = VECTOR('',#8257,1.);
#8257 = DIRECTION('',(-0.,-0.,-1.));
#8258 = PCURVE('',#2101,#8259);
#8259 = DEFINITIONAL_REPRESENTATION('',(#8260),#8264);
#8260 = LINE('',#8261,#8262);
#8261 = CARTESIAN_POINT('',(0.,0.));
#8262 = VECTOR('',#8263,1.);
#8263 = DIRECTION('',(0.,-1.));
#8264 = ( GEOMETRIC_REPRESENTATION_CONTEXT(2) 
PARAMETRIC_REPRESENTATION_CONTEXT() REPRESENTATION_CONTEXT('2D SPACE',''
  ) );
#8265 = PCURVE('',#2073,#8266);
#8266 = DEFINITIONAL_REPRESENTATION('',(#8267),#8271);
#8267 = LINE('',#8268,#8269);
#8268 = CARTESIAN_POINT('',(0.37353515625,0.));
#8269 = VECTOR('',#8270,1.);
#8270 = DIRECTION('',(0.,-1.));
#8271 = ( GEOMETRIC_REPRESENTATION_CONTEXT(2) 
PARAMETRIC_REPRESENTATION_CONTEXT() REPRESENTATION_CONTEXT('2D SPACE',''
  ) );
#8272 = ORIENTED_EDGE('',*,*,#8273,.T.);
#8273 = EDGE_CURVE('',#8251,#8202,#8274,.T.);
#8274 = SURFACE_CURVE('',#8275,(#8279,#8286),.PCURVE_S1.);
#8275 = LINE('',#8276,#8277);
#8276 = CARTESIAN_POINT('',(61.68408203125,-8.836547851562,1.7));
#8277 = VECTOR('',#8278,1.);
#8278 = DIRECTION('',(0.,-1.,0.));
#8279 = PCURVE('',#2101,#8280);
#8280 = DEFINITIONAL_REPRESENTATION('',(#8281),#8285);
#8281 = LINE('',#8282,#8283);
#8282 = CARTESIAN_POINT('',(0.,-0.8));
#8283 = VECTOR('',#8284,1.);
#8284 = DIRECTION('',(1.,0.));
#8285 = ( GEOMETRIC_REPRESENTATION_CONTEXT(2) 
PARAMETRIC_REPRESENTATION_CONTEXT() REPRESENTATION_CONTEXT('2D SPACE',''
  ) );
#8286 = PCURVE('',#8066,#8287);
#8287 = DEFINITIONAL_REPRESENTATION('',(#8288),#8292);
#8288 = LINE('',#8289,#8290);
#8289 = CARTESIAN_POINT('',(1.500732421875,2.64990234375));
#8290 = VECTOR('',#8291,1.);
#8291 = DIRECTION('',(0.,-1.));
#8292 = ( GEOMETRIC_REPRESENTATION_CONTEXT(2) 
PARAMETRIC_REPRESENTATION_CONTEXT() REPRESENTATION_CONTEXT('2D SPACE',''
  ) );
#8293 = ORIENTED_EDGE('',*,*,#8201,.F.);
#8294 = ORIENTED_EDGE('',*,*,#2085,.F.);
#8295 = ADVANCED_FACE('',(#8296),#2073,.T.);
#8296 = FACE_BOUND('',#8297,.T.);
#8297 = EDGE_LOOP('',(#8298,#8321,#8342,#8343));
#8298 = ORIENTED_EDGE('',*,*,#8299,.T.);
#8299 = EDGE_CURVE('',#2030,#8300,#8302,.T.);
#8300 = VERTEX_POINT('',#8301);
#8301 = CARTESIAN_POINT('',(61.310546875,-8.836547851562,1.7));
#8302 = SURFACE_CURVE('',#8303,(#8307,#8314),.PCURVE_S1.);
#8303 = LINE('',#8304,#8305);
#8304 = CARTESIAN_POINT('',(61.310546875,-8.836547851562,2.5));
#8305 = VECTOR('',#8306,1.);
#8306 = DIRECTION('',(-0.,-0.,-1.));
#8307 = PCURVE('',#2073,#8308);
#8308 = DEFINITIONAL_REPRESENTATION('',(#8309),#8313);
#8309 = LINE('',#8310,#8311);
#8310 = CARTESIAN_POINT('',(0.,0.));
#8311 = VECTOR('',#8312,1.);
#8312 = DIRECTION('',(0.,-1.));
#8313 = ( GEOMETRIC_REPRESENTATION_CONTEXT(2) 
PARAMETRIC_REPRESENTATION_CONTEXT() REPRESENTATION_CONTEXT('2D SPACE',''
  ) );
#8314 = PCURVE('',#2045,#8315);
#8315 = DEFINITIONAL_REPRESENTATION('',(#8316),#8320);
#8316 = LINE('',#8317,#8318);
#8317 = CARTESIAN_POINT('',(0.876708984375,0.));
#8318 = VECTOR('',#8319,1.);
#8319 = DIRECTION('',(0.,-1.));
#8320 = ( GEOMETRIC_REPRESENTATION_CONTEXT(2) 
PARAMETRIC_REPRESENTATION_CONTEXT() REPRESENTATION_CONTEXT('2D SPACE',''
  ) );
#8321 = ORIENTED_EDGE('',*,*,#8322,.T.);
#8322 = EDGE_CURVE('',#8300,#8251,#8323,.T.);
#8323 = SURFACE_CURVE('',#8324,(#8328,#8335),.PCURVE_S1.);
#8324 = LINE('',#8325,#8326);
#8325 = CARTESIAN_POINT('',(61.310546875,-8.836547851562,1.7));
#8326 = VECTOR('',#8327,1.);
#8327 = DIRECTION('',(1.,0.,0.));
#8328 = PCURVE('',#2073,#8329);
#8329 = DEFINITIONAL_REPRESENTATION('',(#8330),#8334);
#8330 = LINE('',#8331,#8332);
#8331 = CARTESIAN_POINT('',(0.,-0.8));
#8332 = VECTOR('',#8333,1.);
#8333 = DIRECTION('',(1.,0.));
#8334 = ( GEOMETRIC_REPRESENTATION_CONTEXT(2) 
PARAMETRIC_REPRESENTATION_CONTEXT() REPRESENTATION_CONTEXT('2D SPACE',''
  ) );
#8335 = PCURVE('',#8066,#8336);
#8336 = DEFINITIONAL_REPRESENTATION('',(#8337),#8341);
#8337 = LINE('',#8338,#8339);
#8338 = CARTESIAN_POINT('',(1.127197265625,2.64990234375));
#8339 = VECTOR('',#8340,1.);
#8340 = DIRECTION('',(1.,0.));
#8341 = ( GEOMETRIC_REPRESENTATION_CONTEXT(2) 
PARAMETRIC_REPRESENTATION_CONTEXT() REPRESENTATION_CONTEXT('2D SPACE',''
  ) );
#8342 = ORIENTED_EDGE('',*,*,#8250,.F.);
#8343 = ORIENTED_EDGE('',*,*,#2057,.F.);
#8344 = ADVANCED_FACE('',(#8345),#2045,.T.);
#8345 = FACE_BOUND('',#8346,.T.);
#8346 = EDGE_LOOP('',(#8347,#8370,#8391,#8392));
#8347 = ORIENTED_EDGE('',*,*,#8348,.T.);
#8348 = EDGE_CURVE('',#2002,#8349,#8351,.T.);
#8349 = VERTEX_POINT('',#8350);
#8350 = CARTESIAN_POINT('',(61.310546875,-9.713256835938,1.7));
#8351 = SURFACE_CURVE('',#8352,(#8356,#8363),.PCURVE_S1.);
#8352 = LINE('',#8353,#8354);
#8353 = CARTESIAN_POINT('',(61.310546875,-9.713256835938,2.5));
#8354 = VECTOR('',#8355,1.);
#8355 = DIRECTION('',(-0.,-0.,-1.));
#8356 = PCURVE('',#2045,#8357);
#8357 = DEFINITIONAL_REPRESENTATION('',(#8358),#8362);
#8358 = LINE('',#8359,#8360);
#8359 = CARTESIAN_POINT('',(0.,0.));
#8360 = VECTOR('',#8361,1.);
#8361 = DIRECTION('',(0.,-1.));
#8362 = ( GEOMETRIC_REPRESENTATION_CONTEXT(2) 
PARAMETRIC_REPRESENTATION_CONTEXT() REPRESENTATION_CONTEXT('2D SPACE',''
  ) );
#8363 = PCURVE('',#2017,#8364);
#8364 = DEFINITIONAL_REPRESENTATION('',(#8365),#8369);
#8365 = LINE('',#8366,#8367);
#8366 = CARTESIAN_POINT('',(0.876708984375,0.));
#8367 = VECTOR('',#8368,1.);
#8368 = DIRECTION('',(0.,-1.));
#8369 = ( GEOMETRIC_REPRESENTATION_CONTEXT(2) 
PARAMETRIC_REPRESENTATION_CONTEXT() REPRESENTATION_CONTEXT('2D SPACE',''
  ) );
#8370 = ORIENTED_EDGE('',*,*,#8371,.T.);
#8371 = EDGE_CURVE('',#8349,#8300,#8372,.T.);
#8372 = SURFACE_CURVE('',#8373,(#8377,#8384),.PCURVE_S1.);
#8373 = LINE('',#8374,#8375);
#8374 = CARTESIAN_POINT('',(61.310546875,-9.713256835938,1.7));
#8375 = VECTOR('',#8376,1.);
#8376 = DIRECTION('',(0.,1.,0.));
#8377 = PCURVE('',#2045,#8378);
#8378 = DEFINITIONAL_REPRESENTATION('',(#8379),#8383);
#8379 = LINE('',#8380,#8381);
#8380 = CARTESIAN_POINT('',(0.,-0.8));
#8381 = VECTOR('',#8382,1.);
#8382 = DIRECTION('',(1.,0.));
#8383 = ( GEOMETRIC_REPRESENTATION_CONTEXT(2) 
PARAMETRIC_REPRESENTATION_CONTEXT() REPRESENTATION_CONTEXT('2D SPACE',''
  ) );
#8384 = PCURVE('',#8066,#8385);
#8385 = DEFINITIONAL_REPRESENTATION('',(#8386),#8390);
#8386 = LINE('',#8387,#8388);
#8387 = CARTESIAN_POINT('',(1.127197265625,1.773193359375));
#8388 = VECTOR('',#8389,1.);
#8389 = DIRECTION('',(0.,1.));
#8390 = ( GEOMETRIC_REPRESENTATION_CONTEXT(2) 
PARAMETRIC_REPRESENTATION_CONTEXT() REPRESENTATION_CONTEXT('2D SPACE',''
  ) );
#8391 = ORIENTED_EDGE('',*,*,#8299,.F.);
#8392 = ORIENTED_EDGE('',*,*,#2029,.F.);
#8393 = ADVANCED_FACE('',(#8394),#2017,.T.);
#8394 = FACE_BOUND('',#8395,.T.);
#8395 = EDGE_LOOP('',(#8396,#8419,#8440,#8441));
#8396 = ORIENTED_EDGE('',*,*,#8397,.T.);
#8397 = EDGE_CURVE('',#1974,#8398,#8400,.T.);
#8398 = VERTEX_POINT('',#8399);
#8399 = CARTESIAN_POINT('',(60.433837890625,-9.713256835938,1.7));
#8400 = SURFACE_CURVE('',#8401,(#8405,#8412),.PCURVE_S1.);
#8401 = LINE('',#8402,#8403);
#8402 = CARTESIAN_POINT('',(60.433837890625,-9.713256835938,2.5));
#8403 = VECTOR('',#8404,1.);
#8404 = DIRECTION('',(-0.,-0.,-1.));
#8405 = PCURVE('',#2017,#8406);
#8406 = DEFINITIONAL_REPRESENTATION('',(#8407),#8411);
#8407 = LINE('',#8408,#8409);
#8408 = CARTESIAN_POINT('',(0.,0.));
#8409 = VECTOR('',#8410,1.);
#8410 = DIRECTION('',(0.,-1.));
#8411 = ( GEOMETRIC_REPRESENTATION_CONTEXT(2) 
PARAMETRIC_REPRESENTATION_CONTEXT() REPRESENTATION_CONTEXT('2D SPACE',''
  ) );
#8412 = PCURVE('',#1989,#8413);
#8413 = DEFINITIONAL_REPRESENTATION('',(#8414),#8418);
#8414 = LINE('',#8415,#8416);
#8415 = CARTESIAN_POINT('',(0.369140625,0.));
#8416 = VECTOR('',#8417,1.);
#8417 = DIRECTION('',(0.,-1.));
#8418 = ( GEOMETRIC_REPRESENTATION_CONTEXT(2) 
PARAMETRIC_REPRESENTATION_CONTEXT() REPRESENTATION_CONTEXT('2D SPACE',''
  ) );
#8419 = ORIENTED_EDGE('',*,*,#8420,.T.);
#8420 = EDGE_CURVE('',#8398,#8349,#8421,.T.);
#8421 = SURFACE_CURVE('',#8422,(#8426,#8433),.PCURVE_S1.);
#8422 = LINE('',#8423,#8424);
#8423 = CARTESIAN_POINT('',(60.433837890625,-9.713256835938,1.7));
#8424 = VECTOR('',#8425,1.);
#8425 = DIRECTION('',(1.,0.,0.));
#8426 = PCURVE('',#2017,#8427);
#8427 = DEFINITIONAL_REPRESENTATION('',(#8428),#8432);
#8428 = LINE('',#8429,#8430);
#8429 = CARTESIAN_POINT('',(0.,-0.8));
#8430 = VECTOR('',#8431,1.);
#8431 = DIRECTION('',(1.,0.));
#8432 = ( GEOMETRIC_REPRESENTATION_CONTEXT(2) 
PARAMETRIC_REPRESENTATION_CONTEXT() REPRESENTATION_CONTEXT('2D SPACE',''
  ) );
#8433 = PCURVE('',#8066,#8434);
#8434 = DEFINITIONAL_REPRESENTATION('',(#8435),#8439);
#8435 = LINE('',#8436,#8437);
#8436 = CARTESIAN_POINT('',(0.25048828125,1.773193359375));
#8437 = VECTOR('',#8438,1.);
#8438 = DIRECTION('',(1.,0.));
#8439 = ( GEOMETRIC_REPRESENTATION_CONTEXT(2) 
PARAMETRIC_REPRESENTATION_CONTEXT() REPRESENTATION_CONTEXT('2D SPACE',''
  ) );
#8440 = ORIENTED_EDGE('',*,*,#8348,.F.);
#8441 = ORIENTED_EDGE('',*,*,#2001,.F.);
#8442 = ADVANCED_FACE('',(#8443),#1989,.T.);
#8443 = FACE_BOUND('',#8444,.T.);
#8444 = EDGE_LOOP('',(#8445,#8468,#8489,#8490));
#8445 = ORIENTED_EDGE('',*,*,#8446,.T.);
#8446 = EDGE_CURVE('',#1946,#8447,#8449,.T.);
#8447 = VERTEX_POINT('',#8448);
#8448 = CARTESIAN_POINT('',(60.433837890625,-10.08239746093,1.7));
#8449 = SURFACE_CURVE('',#8450,(#8454,#8461),.PCURVE_S1.);
#8450 = LINE('',#8451,#8452);
#8451 = CARTESIAN_POINT('',(60.433837890625,-10.08239746093,2.5));
#8452 = VECTOR('',#8453,1.);
#8453 = DIRECTION('',(-0.,-0.,-1.));
#8454 = PCURVE('',#1989,#8455);
#8455 = DEFINITIONAL_REPRESENTATION('',(#8456),#8460);
#8456 = LINE('',#8457,#8458);
#8457 = CARTESIAN_POINT('',(0.,0.));
#8458 = VECTOR('',#8459,1.);
#8459 = DIRECTION('',(0.,-1.));
#8460 = ( GEOMETRIC_REPRESENTATION_CONTEXT(2) 
PARAMETRIC_REPRESENTATION_CONTEXT() REPRESENTATION_CONTEXT('2D SPACE',''
  ) );
#8461 = PCURVE('',#1961,#8462);
#8462 = DEFINITIONAL_REPRESENTATION('',(#8463),#8467);
#8463 = LINE('',#8464,#8465);
#8464 = CARTESIAN_POINT('',(0.876708984375,0.));
#8465 = VECTOR('',#8466,1.);
#8466 = DIRECTION('',(0.,-1.));
#8467 = ( GEOMETRIC_REPRESENTATION_CONTEXT(2) 
PARAMETRIC_REPRESENTATION_CONTEXT() REPRESENTATION_CONTEXT('2D SPACE',''
  ) );
#8468 = ORIENTED_EDGE('',*,*,#8469,.T.);
#8469 = EDGE_CURVE('',#8447,#8398,#8470,.T.);
#8470 = SURFACE_CURVE('',#8471,(#8475,#8482),.PCURVE_S1.);
#8471 = LINE('',#8472,#8473);
#8472 = CARTESIAN_POINT('',(60.433837890625,-10.08239746093,1.7));
#8473 = VECTOR('',#8474,1.);
#8474 = DIRECTION('',(0.,1.,0.));
#8475 = PCURVE('',#1989,#8476);
#8476 = DEFINITIONAL_REPRESENTATION('',(#8477),#8481);
#8477 = LINE('',#8478,#8479);
#8478 = CARTESIAN_POINT('',(0.,-0.8));
#8479 = VECTOR('',#8480,1.);
#8480 = DIRECTION('',(1.,0.));
#8481 = ( GEOMETRIC_REPRESENTATION_CONTEXT(2) 
PARAMETRIC_REPRESENTATION_CONTEXT() REPRESENTATION_CONTEXT('2D SPACE',''
  ) );
#8482 = PCURVE('',#8066,#8483);
#8483 = DEFINITIONAL_REPRESENTATION('',(#8484),#8488);
#8484 = LINE('',#8485,#8486);
#8485 = CARTESIAN_POINT('',(0.25048828125,1.404052734375));
#8486 = VECTOR('',#8487,1.);
#8487 = DIRECTION('',(0.,1.));
#8488 = ( GEOMETRIC_REPRESENTATION_CONTEXT(2) 
PARAMETRIC_REPRESENTATION_CONTEXT() REPRESENTATION_CONTEXT('2D SPACE',''
  ) );
#8489 = ORIENTED_EDGE('',*,*,#8397,.F.);
#8490 = ORIENTED_EDGE('',*,*,#1973,.F.);
#8491 = ADVANCED_FACE('',(#8492),#1961,.T.);
#8492 = FACE_BOUND('',#8493,.T.);
#8493 = EDGE_LOOP('',(#8494,#8517,#8538,#8539));
#8494 = ORIENTED_EDGE('',*,*,#8495,.T.);
#8495 = EDGE_CURVE('',#1918,#8496,#8498,.T.);
#8496 = VERTEX_POINT('',#8497);
#8497 = CARTESIAN_POINT('',(61.310546875,-10.08239746093,1.7));
#8498 = SURFACE_CURVE('',#8499,(#8503,#8510),.PCURVE_S1.);
#8499 = LINE('',#8500,#8501);
#8500 = CARTESIAN_POINT('',(61.310546875,-10.08239746093,2.5));
#8501 = VECTOR('',#8502,1.);
#8502 = DIRECTION('',(-0.,-0.,-1.));
#8503 = PCURVE('',#1961,#8504);
#8504 = DEFINITIONAL_REPRESENTATION('',(#8505),#8509);
#8505 = LINE('',#8506,#8507);
#8506 = CARTESIAN_POINT('',(0.,0.));
#8507 = VECTOR('',#8508,1.);
#8508 = DIRECTION('',(0.,-1.));
#8509 = ( GEOMETRIC_REPRESENTATION_CONTEXT(2) 
PARAMETRIC_REPRESENTATION_CONTEXT() REPRESENTATION_CONTEXT('2D SPACE',''
  ) );
#8510 = PCURVE('',#1933,#8511);
#8511 = DEFINITIONAL_REPRESENTATION('',(#8512),#8516);
#8512 = LINE('',#8513,#8514);
#8513 = CARTESIAN_POINT('',(0.88330078125,0.));
#8514 = VECTOR('',#8515,1.);
#8515 = DIRECTION('',(0.,-1.));
#8516 = ( GEOMETRIC_REPRESENTATION_CONTEXT(2) 
PARAMETRIC_REPRESENTATION_CONTEXT() REPRESENTATION_CONTEXT('2D SPACE',''
  ) );
#8517 = ORIENTED_EDGE('',*,*,#8518,.T.);
#8518 = EDGE_CURVE('',#8496,#8447,#8519,.T.);
#8519 = SURFACE_CURVE('',#8520,(#8524,#8531),.PCURVE_S1.);
#8520 = LINE('',#8521,#8522);
#8521 = CARTESIAN_POINT('',(61.310546875,-10.08239746093,1.7));
#8522 = VECTOR('',#8523,1.);
#8523 = DIRECTION('',(-1.,0.,0.));
#8524 = PCURVE('',#1961,#8525);
#8525 = DEFINITIONAL_REPRESENTATION('',(#8526),#8530);
#8526 = LINE('',#8527,#8528);
#8527 = CARTESIAN_POINT('',(0.,-0.8));
#8528 = VECTOR('',#8529,1.);
#8529 = DIRECTION('',(1.,0.));
#8530 = ( GEOMETRIC_REPRESENTATION_CONTEXT(2) 
PARAMETRIC_REPRESENTATION_CONTEXT() REPRESENTATION_CONTEXT('2D SPACE',''
  ) );
#8531 = PCURVE('',#8066,#8532);
#8532 = DEFINITIONAL_REPRESENTATION('',(#8533),#8537);
#8533 = LINE('',#8534,#8535);
#8534 = CARTESIAN_POINT('',(1.127197265625,1.404052734375));
#8535 = VECTOR('',#8536,1.);
#8536 = DIRECTION('',(-1.,0.));
#8537 = ( GEOMETRIC_REPRESENTATION_CONTEXT(2) 
PARAMETRIC_REPRESENTATION_CONTEXT() REPRESENTATION_CONTEXT('2D SPACE',''
  ) );
#8538 = ORIENTED_EDGE('',*,*,#8446,.F.);
#8539 = ORIENTED_EDGE('',*,*,#1945,.F.);
#8540 = ADVANCED_FACE('',(#8541),#1933,.T.);
#8541 = FACE_BOUND('',#8542,.T.);
#8542 = EDGE_LOOP('',(#8543,#8566,#8587,#8588));
#8543 = ORIENTED_EDGE('',*,*,#8544,.T.);
#8544 = EDGE_CURVE('',#1890,#8545,#8547,.T.);
#8545 = VERTEX_POINT('',#8546);
#8546 = CARTESIAN_POINT('',(61.310546875,-10.96569824218,1.7));
#8547 = SURFACE_CURVE('',#8548,(#8552,#8559),.PCURVE_S1.);
#8548 = LINE('',#8549,#8550);
#8549 = CARTESIAN_POINT('',(61.310546875,-10.96569824218,2.5));
#8550 = VECTOR('',#8551,1.);
#8551 = DIRECTION('',(-0.,-0.,-1.));
#8552 = PCURVE('',#1933,#8553);
#8553 = DEFINITIONAL_REPRESENTATION('',(#8554),#8558);
#8554 = LINE('',#8555,#8556);
#8555 = CARTESIAN_POINT('',(0.,0.));
#8556 = VECTOR('',#8557,1.);
#8557 = DIRECTION('',(0.,-1.));
#8558 = ( GEOMETRIC_REPRESENTATION_CONTEXT(2) 
PARAMETRIC_REPRESENTATION_CONTEXT() REPRESENTATION_CONTEXT('2D SPACE',''
  ) );
#8559 = PCURVE('',#1905,#8560);
#8560 = DEFINITIONAL_REPRESENTATION('',(#8561),#8565);
#8561 = LINE('',#8562,#8563);
#8562 = CARTESIAN_POINT('',(0.37353515625,0.));
#8563 = VECTOR('',#8564,1.);
#8564 = DIRECTION('',(0.,-1.));
#8565 = ( GEOMETRIC_REPRESENTATION_CONTEXT(2) 
PARAMETRIC_REPRESENTATION_CONTEXT() REPRESENTATION_CONTEXT('2D SPACE',''
  ) );
#8566 = ORIENTED_EDGE('',*,*,#8567,.T.);
#8567 = EDGE_CURVE('',#8545,#8496,#8568,.T.);
#8568 = SURFACE_CURVE('',#8569,(#8573,#8580),.PCURVE_S1.);
#8569 = LINE('',#8570,#8571);
#8570 = CARTESIAN_POINT('',(61.310546875,-10.96569824218,1.7));
#8571 = VECTOR('',#8572,1.);
#8572 = DIRECTION('',(0.,1.,0.));
#8573 = PCURVE('',#1933,#8574);
#8574 = DEFINITIONAL_REPRESENTATION('',(#8575),#8579);
#8575 = LINE('',#8576,#8577);
#8576 = CARTESIAN_POINT('',(0.,-0.8));
#8577 = VECTOR('',#8578,1.);
#8578 = DIRECTION('',(1.,0.));
#8579 = ( GEOMETRIC_REPRESENTATION_CONTEXT(2) 
PARAMETRIC_REPRESENTATION_CONTEXT() REPRESENTATION_CONTEXT('2D SPACE',''
  ) );
#8580 = PCURVE('',#8066,#8581);
#8581 = DEFINITIONAL_REPRESENTATION('',(#8582),#8586);
#8582 = LINE('',#8583,#8584);
#8583 = CARTESIAN_POINT('',(1.127197265625,0.520751953125));
#8584 = VECTOR('',#8585,1.);
#8585 = DIRECTION('',(0.,1.));
#8586 = ( GEOMETRIC_REPRESENTATION_CONTEXT(2) 
PARAMETRIC_REPRESENTATION_CONTEXT() REPRESENTATION_CONTEXT('2D SPACE',''
  ) );
#8587 = ORIENTED_EDGE('',*,*,#8495,.F.);
#8588 = ORIENTED_EDGE('',*,*,#1917,.F.);
#8589 = ADVANCED_FACE('',(#8590),#1905,.T.);
#8590 = FACE_BOUND('',#8591,.T.);
#8591 = EDGE_LOOP('',(#8592,#8593,#8614,#8615));
#8592 = ORIENTED_EDGE('',*,*,#8078,.T.);
#8593 = ORIENTED_EDGE('',*,*,#8594,.T.);
#8594 = EDGE_CURVE('',#8051,#8545,#8595,.T.);
#8595 = SURFACE_CURVE('',#8596,(#8600,#8607),.PCURVE_S1.);
#8596 = LINE('',#8597,#8598);
#8597 = CARTESIAN_POINT('',(61.68408203125,-10.96569824218,1.7));
#8598 = VECTOR('',#8599,1.);
#8599 = DIRECTION('',(-1.,0.,0.));
#8600 = PCURVE('',#1905,#8601);
#8601 = DEFINITIONAL_REPRESENTATION('',(#8602),#8606);
#8602 = LINE('',#8603,#8604);
#8603 = CARTESIAN_POINT('',(0.,-0.8));
#8604 = VECTOR('',#8605,1.);
#8605 = DIRECTION('',(1.,0.));
#8606 = ( GEOMETRIC_REPRESENTATION_CONTEXT(2) 
PARAMETRIC_REPRESENTATION_CONTEXT() REPRESENTATION_CONTEXT('2D SPACE',''
  ) );
#8607 = PCURVE('',#8066,#8608);
#8608 = DEFINITIONAL_REPRESENTATION('',(#8609),#8613);
#8609 = LINE('',#8610,#8611);
#8610 = CARTESIAN_POINT('',(1.500732421875,0.520751953125));
#8611 = VECTOR('',#8612,1.);
#8612 = DIRECTION('',(-1.,0.));
#8613 = ( GEOMETRIC_REPRESENTATION_CONTEXT(2) 
PARAMETRIC_REPRESENTATION_CONTEXT() REPRESENTATION_CONTEXT('2D SPACE',''
  ) );
#8614 = ORIENTED_EDGE('',*,*,#8544,.F.);
#8615 = ORIENTED_EDGE('',*,*,#1889,.F.);
#8616 = ADVANCED_FACE('',(#8617),#2215,.T.);
#8617 = FACE_BOUND('',#8618,.T.);
#8618 = EDGE_LOOP('',(#8619,#8642,#8670,#8691));
#8619 = ORIENTED_EDGE('',*,*,#8620,.T.);
#8620 = EDGE_CURVE('',#2198,#8621,#8623,.T.);
#8621 = VERTEX_POINT('',#8622);
#8622 = CARTESIAN_POINT('',(-64.90087890625,-10.89208984375,1.7));
#8623 = SURFACE_CURVE('',#8624,(#8628,#8635),.PCURVE_S1.);
#8624 = LINE('',#8625,#8626);
#8625 = CARTESIAN_POINT('',(-64.90087890625,-10.89208984375,2.5));
#8626 = VECTOR('',#8627,1.);
#8627 = DIRECTION('',(-0.,-0.,-1.));
#8628 = PCURVE('',#2215,#8629);
#8629 = DEFINITIONAL_REPRESENTATION('',(#8630),#8634);
#8630 = LINE('',#8631,#8632);
#8631 = CARTESIAN_POINT('',(0.,0.));
#8632 = VECTOR('',#8633,1.);
#8633 = DIRECTION('',(0.,-1.));
#8634 = ( GEOMETRIC_REPRESENTATION_CONTEXT(2) 
PARAMETRIC_REPRESENTATION_CONTEXT() REPRESENTATION_CONTEXT('2D SPACE',''
  ) );
#8635 = PCURVE('',#2835,#8636);
#8636 = DEFINITIONAL_REPRESENTATION('',(#8637),#8641);
#8637 = LINE('',#8638,#8639);
#8638 = CARTESIAN_POINT('',(1.,0.));
#8639 = VECTOR('',#8640,1.);
#8640 = DIRECTION('',(0.,-1.));
#8641 = ( GEOMETRIC_REPRESENTATION_CONTEXT(2) 
PARAMETRIC_REPRESENTATION_CONTEXT() REPRESENTATION_CONTEXT('2D SPACE',''
  ) );
#8642 = ORIENTED_EDGE('',*,*,#8643,.T.);
#8643 = EDGE_CURVE('',#8621,#8644,#8646,.T.);
#8644 = VERTEX_POINT('',#8645);
#8645 = CARTESIAN_POINT('',(-65.06787109375,-11.10632324218,1.7));
#8646 = SURFACE_CURVE('',#8647,(#8651,#8658),.PCURVE_S1.);
#8647 = B_SPLINE_CURVE_WITH_KNOTS('',2,(#8648,#8649,#8650),
  .UNSPECIFIED.,.F.,.F.,(3,3),(0.,1.),.PIECEWISE_BEZIER_KNOTS.);
#8648 = CARTESIAN_POINT('',(-64.90087890625,-10.89208984375,1.7));
#8649 = CARTESIAN_POINT('',(-65.001953125,-10.99865722656,1.7));
#8650 = CARTESIAN_POINT('',(-65.06787109375,-11.10632324218,1.7));
#8651 = PCURVE('',#2215,#8652);
#8652 = DEFINITIONAL_REPRESENTATION('',(#8653),#8657);
#8653 = LINE('',#8654,#8655);
#8654 = CARTESIAN_POINT('',(0.,-0.8));
#8655 = VECTOR('',#8656,1.);
#8656 = DIRECTION('',(1.,0.));
#8657 = ( GEOMETRIC_REPRESENTATION_CONTEXT(2) 
PARAMETRIC_REPRESENTATION_CONTEXT() REPRESENTATION_CONTEXT('2D SPACE',''
  ) );
#8658 = PCURVE('',#8659,#8664);
#8659 = PLANE('',#8660);
#8660 = AXIS2_PLACEMENT_3D('',#8661,#8662,#8663);
#8661 = CARTESIAN_POINT('',(-65.75341796875,-11.48645019531,1.7));
#8662 = DIRECTION('',(0.,0.,1.));
#8663 = DIRECTION('',(1.,0.,0.));
#8664 = DEFINITIONAL_REPRESENTATION('',(#8665),#8669);
#8665 = B_SPLINE_CURVE_WITH_KNOTS('',2,(#8666,#8667,#8668),
  .UNSPECIFIED.,.F.,.F.,(3,3),(0.,1.),.PIECEWISE_BEZIER_KNOTS.);
#8666 = CARTESIAN_POINT('',(0.8525390625,0.594360351562));
#8667 = CARTESIAN_POINT('',(0.75146484375,0.48779296875));
#8668 = CARTESIAN_POINT('',(0.685546875,0.380126953125));
#8669 = ( GEOMETRIC_REPRESENTATION_CONTEXT(2) 
PARAMETRIC_REPRESENTATION_CONTEXT() REPRESENTATION_CONTEXT('2D SPACE',''
  ) );
#8670 = ORIENTED_EDGE('',*,*,#8671,.F.);
#8671 = EDGE_CURVE('',#2200,#8644,#8672,.T.);
#8672 = SURFACE_CURVE('',#8673,(#8677,#8684),.PCURVE_S1.);
#8673 = LINE('',#8674,#8675);
#8674 = CARTESIAN_POINT('',(-65.06787109375,-11.10632324218,2.5));
#8675 = VECTOR('',#8676,1.);
#8676 = DIRECTION('',(-0.,-0.,-1.));
#8677 = PCURVE('',#2215,#8678);
#8678 = DEFINITIONAL_REPRESENTATION('',(#8679),#8683);
#8679 = LINE('',#8680,#8681);
#8680 = CARTESIAN_POINT('',(1.,0.));
#8681 = VECTOR('',#8682,1.);
#8682 = DIRECTION('',(0.,-1.));
#8683 = ( GEOMETRIC_REPRESENTATION_CONTEXT(2) 
PARAMETRIC_REPRESENTATION_CONTEXT() REPRESENTATION_CONTEXT('2D SPACE',''
  ) );
#8684 = PCURVE('',#2245,#8685);
#8685 = DEFINITIONAL_REPRESENTATION('',(#8686),#8690);
#8686 = LINE('',#8687,#8688);
#8687 = CARTESIAN_POINT('',(0.,0.));
#8688 = VECTOR('',#8689,1.);
#8689 = DIRECTION('',(0.,-1.));
#8690 = ( GEOMETRIC_REPRESENTATION_CONTEXT(2) 
PARAMETRIC_REPRESENTATION_CONTEXT() REPRESENTATION_CONTEXT('2D SPACE',''
  ) );
#8691 = ORIENTED_EDGE('',*,*,#2197,.F.);
#8692 = ADVANCED_FACE('',(#8693),#2835,.T.);
#8693 = FACE_BOUND('',#8694,.T.);
#8694 = EDGE_LOOP('',(#8695,#8718,#8739,#8740));
#8695 = ORIENTED_EDGE('',*,*,#8696,.T.);
#8696 = EDGE_CURVE('',#2792,#8697,#8699,.T.);
#8697 = VERTEX_POINT('',#8698);
#8698 = CARTESIAN_POINT('',(-64.44384765625,-10.48669433593,1.7));
#8699 = SURFACE_CURVE('',#8700,(#8704,#8711),.PCURVE_S1.);
#8700 = LINE('',#8701,#8702);
#8701 = CARTESIAN_POINT('',(-64.44384765625,-10.48669433593,2.5));
#8702 = VECTOR('',#8703,1.);
#8703 = DIRECTION('',(-0.,-0.,-1.));
#8704 = PCURVE('',#2835,#8705);
#8705 = DEFINITIONAL_REPRESENTATION('',(#8706),#8710);
#8706 = LINE('',#8707,#8708);
#8707 = CARTESIAN_POINT('',(0.,0.));
#8708 = VECTOR('',#8709,1.);
#8709 = DIRECTION('',(0.,-1.));
#8710 = ( GEOMETRIC_REPRESENTATION_CONTEXT(2) 
PARAMETRIC_REPRESENTATION_CONTEXT() REPRESENTATION_CONTEXT('2D SPACE',''
  ) );
#8711 = PCURVE('',#2807,#8712);
#8712 = DEFINITIONAL_REPRESENTATION('',(#8713),#8717);
#8713 = LINE('',#8714,#8715);
#8714 = CARTESIAN_POINT('',(1.,0.));
#8715 = VECTOR('',#8716,1.);
#8716 = DIRECTION('',(0.,-1.));
#8717 = ( GEOMETRIC_REPRESENTATION_CONTEXT(2) 
PARAMETRIC_REPRESENTATION_CONTEXT() REPRESENTATION_CONTEXT('2D SPACE',''
  ) );
#8718 = ORIENTED_EDGE('',*,*,#8719,.T.);
#8719 = EDGE_CURVE('',#8697,#8621,#8720,.T.);
#8720 = SURFACE_CURVE('',#8721,(#8725,#8732),.PCURVE_S1.);
#8721 = B_SPLINE_CURVE_WITH_KNOTS('',2,(#8722,#8723,#8724),
  .UNSPECIFIED.,.F.,.F.,(3,3),(0.,1.),.PIECEWISE_BEZIER_KNOTS.);
#8722 = CARTESIAN_POINT('',(-64.44384765625,-10.48669433593,1.7));
#8723 = CARTESIAN_POINT('',(-64.7998046875,-10.78552246093,1.7));
#8724 = CARTESIAN_POINT('',(-64.90087890625,-10.89208984375,1.7));
#8725 = PCURVE('',#2835,#8726);
#8726 = DEFINITIONAL_REPRESENTATION('',(#8727),#8731);
#8727 = LINE('',#8728,#8729);
#8728 = CARTESIAN_POINT('',(0.,-0.8));
#8729 = VECTOR('',#8730,1.);
#8730 = DIRECTION('',(1.,0.));
#8731 = ( GEOMETRIC_REPRESENTATION_CONTEXT(2) 
PARAMETRIC_REPRESENTATION_CONTEXT() REPRESENTATION_CONTEXT('2D SPACE',''
  ) );
#8732 = PCURVE('',#8659,#8733);
#8733 = DEFINITIONAL_REPRESENTATION('',(#8734),#8738);
#8734 = B_SPLINE_CURVE_WITH_KNOTS('',2,(#8735,#8736,#8737),
  .UNSPECIFIED.,.F.,.F.,(3,3),(0.,1.),.PIECEWISE_BEZIER_KNOTS.);
#8735 = CARTESIAN_POINT('',(1.3095703125,0.999755859375));
#8736 = CARTESIAN_POINT('',(0.95361328125,0.700927734375));
#8737 = CARTESIAN_POINT('',(0.8525390625,0.594360351562));
#8738 = ( GEOMETRIC_REPRESENTATION_CONTEXT(2) 
PARAMETRIC_REPRESENTATION_CONTEXT() REPRESENTATION_CONTEXT('2D SPACE',''
  ) );
#8739 = ORIENTED_EDGE('',*,*,#8620,.F.);
#8740 = ORIENTED_EDGE('',*,*,#2821,.F.);
#8741 = ADVANCED_FACE('',(#8742),#2245,.T.);
#8742 = FACE_BOUND('',#8743,.T.);
#8743 = EDGE_LOOP('',(#8744,#8745,#8768,#8789));
#8744 = ORIENTED_EDGE('',*,*,#8671,.T.);
#8745 = ORIENTED_EDGE('',*,*,#8746,.T.);
#8746 = EDGE_CURVE('',#8644,#8747,#8749,.T.);
#8747 = VERTEX_POINT('',#8748);
#8748 = CARTESIAN_POINT('',(-63.48803710937,-11.10632324218,1.7));
#8749 = SURFACE_CURVE('',#8750,(#8754,#8761),.PCURVE_S1.);
#8750 = LINE('',#8751,#8752);
#8751 = CARTESIAN_POINT('',(-65.06787109375,-11.10632324218,1.7));
#8752 = VECTOR('',#8753,1.);
#8753 = DIRECTION('',(1.,0.,0.));
#8754 = PCURVE('',#2245,#8755);
#8755 = DEFINITIONAL_REPRESENTATION('',(#8756),#8760);
#8756 = LINE('',#8757,#8758);
#8757 = CARTESIAN_POINT('',(0.,-0.8));
#8758 = VECTOR('',#8759,1.);
#8759 = DIRECTION('',(1.,0.));
#8760 = ( GEOMETRIC_REPRESENTATION_CONTEXT(2) 
PARAMETRIC_REPRESENTATION_CONTEXT() REPRESENTATION_CONTEXT('2D SPACE',''
  ) );
#8761 = PCURVE('',#8659,#8762);
#8762 = DEFINITIONAL_REPRESENTATION('',(#8763),#8767);
#8763 = LINE('',#8764,#8765);
#8764 = CARTESIAN_POINT('',(0.685546875,0.380126953125));
#8765 = VECTOR('',#8766,1.);
#8766 = DIRECTION('',(1.,0.));
#8767 = ( GEOMETRIC_REPRESENTATION_CONTEXT(2) 
PARAMETRIC_REPRESENTATION_CONTEXT() REPRESENTATION_CONTEXT('2D SPACE',''
  ) );
#8768 = ORIENTED_EDGE('',*,*,#8769,.F.);
#8769 = EDGE_CURVE('',#2230,#8747,#8770,.T.);
#8770 = SURFACE_CURVE('',#8771,(#8775,#8782),.PCURVE_S1.);
#8771 = LINE('',#8772,#8773);
#8772 = CARTESIAN_POINT('',(-63.48803710937,-11.10632324218,2.5));
#8773 = VECTOR('',#8774,1.);
#8774 = DIRECTION('',(-0.,-0.,-1.));
#8775 = PCURVE('',#2245,#8776);
#8776 = DEFINITIONAL_REPRESENTATION('',(#8777),#8781);
#8777 = LINE('',#8778,#8779);
#8778 = CARTESIAN_POINT('',(1.579833984375,0.));
#8779 = VECTOR('',#8780,1.);
#8780 = DIRECTION('',(0.,-1.));
#8781 = ( GEOMETRIC_REPRESENTATION_CONTEXT(2) 
PARAMETRIC_REPRESENTATION_CONTEXT() REPRESENTATION_CONTEXT('2D SPACE',''
  ) );
#8782 = PCURVE('',#2273,#8783);
#8783 = DEFINITIONAL_REPRESENTATION('',(#8784),#8788);
#8784 = LINE('',#8785,#8786);
#8785 = CARTESIAN_POINT('',(0.,0.));
#8786 = VECTOR('',#8787,1.);
#8787 = DIRECTION('',(0.,-1.));
#8788 = ( GEOMETRIC_REPRESENTATION_CONTEXT(2) 
PARAMETRIC_REPRESENTATION_CONTEXT() REPRESENTATION_CONTEXT('2D SPACE',''
  ) );
#8789 = ORIENTED_EDGE('',*,*,#2229,.F.);
#8790 = ADVANCED_FACE('',(#8791),#2807,.T.);
#8791 = FACE_BOUND('',#8792,.T.);
#8792 = EDGE_LOOP('',(#8793,#8816,#8837,#8838));
#8793 = ORIENTED_EDGE('',*,*,#8794,.T.);
#8794 = EDGE_CURVE('',#2762,#8795,#8797,.T.);
#8795 = VERTEX_POINT('',#8796);
#8796 = CARTESIAN_POINT('',(-63.83410644531,-9.919799804688,1.7));
#8797 = SURFACE_CURVE('',#8798,(#8802,#8809),.PCURVE_S1.);
#8798 = LINE('',#8799,#8800);
#8799 = CARTESIAN_POINT('',(-63.83410644531,-9.919799804688,2.5));
#8800 = VECTOR('',#8801,1.);
#8801 = DIRECTION('',(-0.,-0.,-1.));
#8802 = PCURVE('',#2807,#8803);
#8803 = DEFINITIONAL_REPRESENTATION('',(#8804),#8808);
#8804 = LINE('',#8805,#8806);
#8805 = CARTESIAN_POINT('',(0.,0.));
#8806 = VECTOR('',#8807,1.);
#8807 = DIRECTION('',(0.,-1.));
#8808 = ( GEOMETRIC_REPRESENTATION_CONTEXT(2) 
PARAMETRIC_REPRESENTATION_CONTEXT() REPRESENTATION_CONTEXT('2D SPACE',''
  ) );
#8809 = PCURVE('',#2777,#8810);
#8810 = DEFINITIONAL_REPRESENTATION('',(#8811),#8815);
#8811 = LINE('',#8812,#8813);
#8812 = CARTESIAN_POINT('',(1.,0.));
#8813 = VECTOR('',#8814,1.);
#8814 = DIRECTION('',(0.,-1.));
#8815 = ( GEOMETRIC_REPRESENTATION_CONTEXT(2) 
PARAMETRIC_REPRESENTATION_CONTEXT() REPRESENTATION_CONTEXT('2D SPACE',''
  ) );
#8816 = ORIENTED_EDGE('',*,*,#8817,.T.);
#8817 = EDGE_CURVE('',#8795,#8697,#8818,.T.);
#8818 = SURFACE_CURVE('',#8819,(#8823,#8830),.PCURVE_S1.);
#8819 = B_SPLINE_CURVE_WITH_KNOTS('',2,(#8820,#8821,#8822),
  .UNSPECIFIED.,.F.,.F.,(3,3),(0.,1.),.PIECEWISE_BEZIER_KNOTS.);
#8820 = CARTESIAN_POINT('',(-63.83410644531,-9.919799804688,1.7));
#8821 = CARTESIAN_POINT('',(-64.017578125,-10.12634277343,1.7));
#8822 = CARTESIAN_POINT('',(-64.44384765625,-10.48669433593,1.7));
#8823 = PCURVE('',#2807,#8824);
#8824 = DEFINITIONAL_REPRESENTATION('',(#8825),#8829);
#8825 = LINE('',#8826,#8827);
#8826 = CARTESIAN_POINT('',(0.,-0.8));
#8827 = VECTOR('',#8828,1.);
#8828 = DIRECTION('',(1.,0.));
#8829 = ( GEOMETRIC_REPRESENTATION_CONTEXT(2) 
PARAMETRIC_REPRESENTATION_CONTEXT() REPRESENTATION_CONTEXT('2D SPACE',''
  ) );
#8830 = PCURVE('',#8659,#8831);
#8831 = DEFINITIONAL_REPRESENTATION('',(#8832),#8836);
#8832 = B_SPLINE_CURVE_WITH_KNOTS('',2,(#8833,#8834,#8835),
  .UNSPECIFIED.,.F.,.F.,(3,3),(0.,1.),.PIECEWISE_BEZIER_KNOTS.);
#8833 = CARTESIAN_POINT('',(1.919311523438,1.566650390625));
#8834 = CARTESIAN_POINT('',(1.73583984375,1.360107421875));
#8835 = CARTESIAN_POINT('',(1.3095703125,0.999755859375));
#8836 = ( GEOMETRIC_REPRESENTATION_CONTEXT(2) 
PARAMETRIC_REPRESENTATION_CONTEXT() REPRESENTATION_CONTEXT('2D SPACE',''
  ) );
#8837 = ORIENTED_EDGE('',*,*,#8696,.F.);
#8838 = ORIENTED_EDGE('',*,*,#2791,.F.);
#8839 = ADVANCED_FACE('',(#8840),#2273,.T.);
#8840 = FACE_BOUND('',#8841,.T.);
#8841 = EDGE_LOOP('',(#8842,#8843,#8866,#8887));
#8842 = ORIENTED_EDGE('',*,*,#8769,.T.);
#8843 = ORIENTED_EDGE('',*,*,#8844,.T.);
#8844 = EDGE_CURVE('',#8747,#8845,#8847,.T.);
#8845 = VERTEX_POINT('',#8846);
#8846 = CARTESIAN_POINT('',(-63.48803710937,-11.48645019531,1.7));
#8847 = SURFACE_CURVE('',#8848,(#8852,#8859),.PCURVE_S1.);
#8848 = LINE('',#8849,#8850);
#8849 = CARTESIAN_POINT('',(-63.48803710937,-11.10632324218,1.7));
#8850 = VECTOR('',#8851,1.);
#8851 = DIRECTION('',(0.,-1.,0.));
#8852 = PCURVE('',#2273,#8853);
#8853 = DEFINITIONAL_REPRESENTATION('',(#8854),#8858);
#8854 = LINE('',#8855,#8856);
#8855 = CARTESIAN_POINT('',(0.,-0.8));
#8856 = VECTOR('',#8857,1.);
#8857 = DIRECTION('',(1.,0.));
#8858 = ( GEOMETRIC_REPRESENTATION_CONTEXT(2) 
PARAMETRIC_REPRESENTATION_CONTEXT() REPRESENTATION_CONTEXT('2D SPACE',''
  ) );
#8859 = PCURVE('',#8659,#8860);
#8860 = DEFINITIONAL_REPRESENTATION('',(#8861),#8865);
#8861 = LINE('',#8862,#8863);
#8862 = CARTESIAN_POINT('',(2.265380859375,0.380126953125));
#8863 = VECTOR('',#8864,1.);
#8864 = DIRECTION('',(0.,-1.));
#8865 = ( GEOMETRIC_REPRESENTATION_CONTEXT(2) 
PARAMETRIC_REPRESENTATION_CONTEXT() REPRESENTATION_CONTEXT('2D SPACE',''
  ) );
#8866 = ORIENTED_EDGE('',*,*,#8867,.F.);
#8867 = EDGE_CURVE('',#2258,#8845,#8868,.T.);
#8868 = SURFACE_CURVE('',#8869,(#8873,#8880),.PCURVE_S1.);
#8869 = LINE('',#8870,#8871);
#8870 = CARTESIAN_POINT('',(-63.48803710937,-11.48645019531,2.5));
#8871 = VECTOR('',#8872,1.);
#8872 = DIRECTION('',(-0.,-0.,-1.));
#8873 = PCURVE('',#2273,#8874);
#8874 = DEFINITIONAL_REPRESENTATION('',(#8875),#8879);
#8875 = LINE('',#8876,#8877);
#8876 = CARTESIAN_POINT('',(0.380126953125,0.));
#8877 = VECTOR('',#8878,1.);
#8878 = DIRECTION('',(0.,-1.));
#8879 = ( GEOMETRIC_REPRESENTATION_CONTEXT(2) 
PARAMETRIC_REPRESENTATION_CONTEXT() REPRESENTATION_CONTEXT('2D SPACE',''
  ) );
#8880 = PCURVE('',#2301,#8881);
#8881 = DEFINITIONAL_REPRESENTATION('',(#8882),#8886);
#8882 = LINE('',#8883,#8884);
#8883 = CARTESIAN_POINT('',(0.,0.));
#8884 = VECTOR('',#8885,1.);
#8885 = DIRECTION('',(0.,-1.));
#8886 = ( GEOMETRIC_REPRESENTATION_CONTEXT(2) 
PARAMETRIC_REPRESENTATION_CONTEXT() REPRESENTATION_CONTEXT('2D SPACE',''
  ) );
#8887 = ORIENTED_EDGE('',*,*,#2257,.F.);
#8888 = ADVANCED_FACE('',(#8889),#2777,.T.);
#8889 = FACE_BOUND('',#8890,.T.);
#8890 = EDGE_LOOP('',(#8891,#8914,#8935,#8936));
#8891 = ORIENTED_EDGE('',*,*,#8892,.T.);
#8892 = EDGE_CURVE('',#2732,#8893,#8895,.T.);
#8893 = VERTEX_POINT('',#8894);
#8894 = CARTESIAN_POINT('',(-63.57153320312,-9.526489257812,1.7));
#8895 = SURFACE_CURVE('',#8896,(#8900,#8907),.PCURVE_S1.);
#8896 = LINE('',#8897,#8898);
#8897 = CARTESIAN_POINT('',(-63.57153320312,-9.526489257812,2.5));
#8898 = VECTOR('',#8899,1.);
#8899 = DIRECTION('',(-0.,-0.,-1.));
#8900 = PCURVE('',#2777,#8901);
#8901 = DEFINITIONAL_REPRESENTATION('',(#8902),#8906);
#8902 = LINE('',#8903,#8904);
#8903 = CARTESIAN_POINT('',(0.,0.));
#8904 = VECTOR('',#8905,1.);
#8905 = DIRECTION('',(0.,-1.));
#8906 = ( GEOMETRIC_REPRESENTATION_CONTEXT(2) 
PARAMETRIC_REPRESENTATION_CONTEXT() REPRESENTATION_CONTEXT('2D SPACE',''
  ) );
#8907 = PCURVE('',#2747,#8908);
#8908 = DEFINITIONAL_REPRESENTATION('',(#8909),#8913);
#8909 = LINE('',#8910,#8911);
#8910 = CARTESIAN_POINT('',(1.,0.));
#8911 = VECTOR('',#8912,1.);
#8912 = DIRECTION('',(0.,-1.));
#8913 = ( GEOMETRIC_REPRESENTATION_CONTEXT(2) 
PARAMETRIC_REPRESENTATION_CONTEXT() REPRESENTATION_CONTEXT('2D SPACE',''
  ) );
#8914 = ORIENTED_EDGE('',*,*,#8915,.T.);
#8915 = EDGE_CURVE('',#8893,#8795,#8916,.T.);
#8916 = SURFACE_CURVE('',#8917,(#8921,#8928),.PCURVE_S1.);
#8917 = B_SPLINE_CURVE_WITH_KNOTS('',2,(#8918,#8919,#8920),
  .UNSPECIFIED.,.F.,.F.,(3,3),(0.,1.),.PIECEWISE_BEZIER_KNOTS.);
#8918 = CARTESIAN_POINT('',(-63.57153320312,-9.526489257812,1.7));
#8919 = CARTESIAN_POINT('',(-63.65063476562,-9.713256835938,1.7));
#8920 = CARTESIAN_POINT('',(-63.83410644531,-9.919799804688,1.7));
#8921 = PCURVE('',#2777,#8922);
#8922 = DEFINITIONAL_REPRESENTATION('',(#8923),#8927);
#8923 = LINE('',#8924,#8925);
#8924 = CARTESIAN_POINT('',(0.,-0.8));
#8925 = VECTOR('',#8926,1.);
#8926 = DIRECTION('',(1.,0.));
#8927 = ( GEOMETRIC_REPRESENTATION_CONTEXT(2) 
PARAMETRIC_REPRESENTATION_CONTEXT() REPRESENTATION_CONTEXT('2D SPACE',''
  ) );
#8928 = PCURVE('',#8659,#8929);
#8929 = DEFINITIONAL_REPRESENTATION('',(#8930),#8934);
#8930 = B_SPLINE_CURVE_WITH_KNOTS('',2,(#8931,#8932,#8933),
  .UNSPECIFIED.,.F.,.F.,(3,3),(0.,1.),.PIECEWISE_BEZIER_KNOTS.);
#8931 = CARTESIAN_POINT('',(2.181884765625,1.9599609375));
#8932 = CARTESIAN_POINT('',(2.102783203125,1.773193359375));
#8933 = CARTESIAN_POINT('',(1.919311523438,1.566650390625));
#8934 = ( GEOMETRIC_REPRESENTATION_CONTEXT(2) 
PARAMETRIC_REPRESENTATION_CONTEXT() REPRESENTATION_CONTEXT('2D SPACE',''
  ) );
#8935 = ORIENTED_EDGE('',*,*,#8794,.F.);
#8936 = ORIENTED_EDGE('',*,*,#2761,.F.);
#8937 = ADVANCED_FACE('',(#8938),#2301,.T.);
#8938 = FACE_BOUND('',#8939,.T.);
#8939 = EDGE_LOOP('',(#8940,#8941,#8964,#8985));
#8940 = ORIENTED_EDGE('',*,*,#8867,.T.);
#8941 = ORIENTED_EDGE('',*,*,#8942,.T.);
#8942 = EDGE_CURVE('',#8845,#8943,#8945,.T.);
#8943 = VERTEX_POINT('',#8944);
#8944 = CARTESIAN_POINT('',(-65.6171875,-11.48645019531,1.7));
#8945 = SURFACE_CURVE('',#8946,(#8950,#8957),.PCURVE_S1.);
#8946 = LINE('',#8947,#8948);
#8947 = CARTESIAN_POINT('',(-63.48803710937,-11.48645019531,1.7));
#8948 = VECTOR('',#8949,1.);
#8949 = DIRECTION('',(-1.,0.,0.));
#8950 = PCURVE('',#2301,#8951);
#8951 = DEFINITIONAL_REPRESENTATION('',(#8952),#8956);
#8952 = LINE('',#8953,#8954);
#8953 = CARTESIAN_POINT('',(0.,-0.8));
#8954 = VECTOR('',#8955,1.);
#8955 = DIRECTION('',(1.,0.));
#8956 = ( GEOMETRIC_REPRESENTATION_CONTEXT(2) 
PARAMETRIC_REPRESENTATION_CONTEXT() REPRESENTATION_CONTEXT('2D SPACE',''
  ) );
#8957 = PCURVE('',#8659,#8958);
#8958 = DEFINITIONAL_REPRESENTATION('',(#8959),#8963);
#8959 = LINE('',#8960,#8961);
#8960 = CARTESIAN_POINT('',(2.265380859375,0.));
#8961 = VECTOR('',#8962,1.);
#8962 = DIRECTION('',(-1.,0.));
#8963 = ( GEOMETRIC_REPRESENTATION_CONTEXT(2) 
PARAMETRIC_REPRESENTATION_CONTEXT() REPRESENTATION_CONTEXT('2D SPACE',''
  ) );
#8964 = ORIENTED_EDGE('',*,*,#8965,.F.);
#8965 = EDGE_CURVE('',#2286,#8943,#8966,.T.);
#8966 = SURFACE_CURVE('',#8967,(#8971,#8978),.PCURVE_S1.);
#8967 = LINE('',#8968,#8969);
#8968 = CARTESIAN_POINT('',(-65.6171875,-11.48645019531,2.5));
#8969 = VECTOR('',#8970,1.);
#8970 = DIRECTION('',(-0.,-0.,-1.));
#8971 = PCURVE('',#2301,#8972);
#8972 = DEFINITIONAL_REPRESENTATION('',(#8973),#8977);
#8973 = LINE('',#8974,#8975);
#8974 = CARTESIAN_POINT('',(2.129150390625,0.));
#8975 = VECTOR('',#8976,1.);
#8976 = DIRECTION('',(0.,-1.));
#8977 = ( GEOMETRIC_REPRESENTATION_CONTEXT(2) 
PARAMETRIC_REPRESENTATION_CONTEXT() REPRESENTATION_CONTEXT('2D SPACE',''
  ) );
#8978 = PCURVE('',#2329,#8979);
#8979 = DEFINITIONAL_REPRESENTATION('',(#8980),#8984);
#8980 = LINE('',#8981,#8982);
#8981 = CARTESIAN_POINT('',(0.,0.));
#8982 = VECTOR('',#8983,1.);
#8983 = DIRECTION('',(0.,-1.));
#8984 = ( GEOMETRIC_REPRESENTATION_CONTEXT(2) 
PARAMETRIC_REPRESENTATION_CONTEXT() REPRESENTATION_CONTEXT('2D SPACE',''
  ) );
#8985 = ORIENTED_EDGE('',*,*,#2285,.F.);
#8986 = ADVANCED_FACE('',(#8987),#2747,.T.);
#8987 = FACE_BOUND('',#8988,.T.);
#8988 = EDGE_LOOP('',(#8989,#9012,#9033,#9034));
#8989 = ORIENTED_EDGE('',*,*,#8990,.T.);
#8990 = EDGE_CURVE('',#2702,#8991,#8993,.T.);
#8991 = VERTEX_POINT('',#8992);
#8992 = CARTESIAN_POINT('',(-63.49243164062,-9.146362304688,1.7));
#8993 = SURFACE_CURVE('',#8994,(#8998,#9005),.PCURVE_S1.);
#8994 = LINE('',#8995,#8996);
#8995 = CARTESIAN_POINT('',(-63.49243164062,-9.146362304688,2.5));
#8996 = VECTOR('',#8997,1.);
#8997 = DIRECTION('',(-0.,-0.,-1.));
#8998 = PCURVE('',#2747,#8999);
#8999 = DEFINITIONAL_REPRESENTATION('',(#9000),#9004);
#9000 = LINE('',#9001,#9002);
#9001 = CARTESIAN_POINT('',(0.,0.));
#9002 = VECTOR('',#9003,1.);
#9003 = DIRECTION('',(0.,-1.));
#9004 = ( GEOMETRIC_REPRESENTATION_CONTEXT(2) 
PARAMETRIC_REPRESENTATION_CONTEXT() REPRESENTATION_CONTEXT('2D SPACE',''
  ) );
#9005 = PCURVE('',#2717,#9006);
#9006 = DEFINITIONAL_REPRESENTATION('',(#9007),#9011);
#9007 = LINE('',#9008,#9009);
#9008 = CARTESIAN_POINT('',(1.,0.));
#9009 = VECTOR('',#9010,1.);
#9010 = DIRECTION('',(0.,-1.));
#9011 = ( GEOMETRIC_REPRESENTATION_CONTEXT(2) 
PARAMETRIC_REPRESENTATION_CONTEXT() REPRESENTATION_CONTEXT('2D SPACE',''
  ) );
#9012 = ORIENTED_EDGE('',*,*,#9013,.T.);
#9013 = EDGE_CURVE('',#8991,#8893,#9014,.T.);
#9014 = SURFACE_CURVE('',#9015,(#9019,#9026),.PCURVE_S1.);
#9015 = B_SPLINE_CURVE_WITH_KNOTS('',2,(#9016,#9017,#9018),
  .UNSPECIFIED.,.F.,.F.,(3,3),(0.,1.),.PIECEWISE_BEZIER_KNOTS.);
#9016 = CARTESIAN_POINT('',(-63.49243164062,-9.146362304688,1.7));
#9017 = CARTESIAN_POINT('',(-63.49243164062,-9.339721679688,1.7));
#9018 = CARTESIAN_POINT('',(-63.57153320312,-9.526489257812,1.7));
#9019 = PCURVE('',#2747,#9020);
#9020 = DEFINITIONAL_REPRESENTATION('',(#9021),#9025);
#9021 = LINE('',#9022,#9023);
#9022 = CARTESIAN_POINT('',(0.,-0.8));
#9023 = VECTOR('',#9024,1.);
#9024 = DIRECTION('',(1.,0.));
#9025 = ( GEOMETRIC_REPRESENTATION_CONTEXT(2) 
PARAMETRIC_REPRESENTATION_CONTEXT() REPRESENTATION_CONTEXT('2D SPACE',''
  ) );
#9026 = PCURVE('',#8659,#9027);
#9027 = DEFINITIONAL_REPRESENTATION('',(#9028),#9032);
#9028 = B_SPLINE_CURVE_WITH_KNOTS('',2,(#9029,#9030,#9031),
  .UNSPECIFIED.,.F.,.F.,(3,3),(0.,1.),.PIECEWISE_BEZIER_KNOTS.);
#9029 = CARTESIAN_POINT('',(2.260986328125,2.340087890625));
#9030 = CARTESIAN_POINT('',(2.260986328125,2.146728515625));
#9031 = CARTESIAN_POINT('',(2.181884765625,1.9599609375));
#9032 = ( GEOMETRIC_REPRESENTATION_CONTEXT(2) 
PARAMETRIC_REPRESENTATION_CONTEXT() REPRESENTATION_CONTEXT('2D SPACE',''
  ) );
#9033 = ORIENTED_EDGE('',*,*,#8892,.F.);
#9034 = ORIENTED_EDGE('',*,*,#2731,.F.);
#9035 = ADVANCED_FACE('',(#9036),#2329,.T.);
#9036 = FACE_BOUND('',#9037,.T.);
#9037 = EDGE_LOOP('',(#9038,#9039,#9062,#9083));
#9038 = ORIENTED_EDGE('',*,*,#8965,.T.);
#9039 = ORIENTED_EDGE('',*,*,#9040,.T.);
#9040 = EDGE_CURVE('',#8943,#9041,#9043,.T.);
#9041 = VERTEX_POINT('',#9042);
#9042 = CARTESIAN_POINT('',(-65.57104492187,-11.21179199218,1.7));
#9043 = SURFACE_CURVE('',#9044,(#9048,#9055),.PCURVE_S1.);
#9044 = B_SPLINE_CURVE_WITH_KNOTS('',2,(#9045,#9046,#9047),
  .UNSPECIFIED.,.F.,.F.,(3,3),(0.,1.),.PIECEWISE_BEZIER_KNOTS.);
#9045 = CARTESIAN_POINT('',(-65.6171875,-11.48645019531,1.7));
#9046 = CARTESIAN_POINT('',(-65.62158203125,-11.34362792968,1.7));
#9047 = CARTESIAN_POINT('',(-65.57104492187,-11.21179199218,1.7));
#9048 = PCURVE('',#2329,#9049);
#9049 = DEFINITIONAL_REPRESENTATION('',(#9050),#9054);
#9050 = LINE('',#9051,#9052);
#9051 = CARTESIAN_POINT('',(0.,-0.8));
#9052 = VECTOR('',#9053,1.);
#9053 = DIRECTION('',(1.,0.));
#9054 = ( GEOMETRIC_REPRESENTATION_CONTEXT(2) 
PARAMETRIC_REPRESENTATION_CONTEXT() REPRESENTATION_CONTEXT('2D SPACE',''
  ) );
#9055 = PCURVE('',#8659,#9056);
#9056 = DEFINITIONAL_REPRESENTATION('',(#9057),#9061);
#9057 = B_SPLINE_CURVE_WITH_KNOTS('',2,(#9058,#9059,#9060),
  .UNSPECIFIED.,.F.,.F.,(3,3),(0.,1.),.PIECEWISE_BEZIER_KNOTS.);
#9058 = CARTESIAN_POINT('',(0.13623046875,0.));
#9059 = CARTESIAN_POINT('',(0.1318359375,0.142822265625));
#9060 = CARTESIAN_POINT('',(0.182373046875,0.274658203125));
#9061 = ( GEOMETRIC_REPRESENTATION_CONTEXT(2) 
PARAMETRIC_REPRESENTATION_CONTEXT() REPRESENTATION_CONTEXT('2D SPACE',''
  ) );
#9062 = ORIENTED_EDGE('',*,*,#9063,.F.);
#9063 = EDGE_CURVE('',#2314,#9041,#9064,.T.);
#9064 = SURFACE_CURVE('',#9065,(#9069,#9076),.PCURVE_S1.);
#9065 = LINE('',#9066,#9067);
#9066 = CARTESIAN_POINT('',(-65.57104492187,-11.21179199218,2.5));
#9067 = VECTOR('',#9068,1.);
#9068 = DIRECTION('',(-0.,-0.,-1.));
#9069 = PCURVE('',#2329,#9070);
#9070 = DEFINITIONAL_REPRESENTATION('',(#9071),#9075);
#9071 = LINE('',#9072,#9073);
#9072 = CARTESIAN_POINT('',(1.,0.));
#9073 = VECTOR('',#9074,1.);
#9074 = DIRECTION('',(0.,-1.));
#9075 = ( GEOMETRIC_REPRESENTATION_CONTEXT(2) 
PARAMETRIC_REPRESENTATION_CONTEXT() REPRESENTATION_CONTEXT('2D SPACE',''
  ) );
#9076 = PCURVE('',#2359,#9077);
#9077 = DEFINITIONAL_REPRESENTATION('',(#9078),#9082);
#9078 = LINE('',#9079,#9080);
#9079 = CARTESIAN_POINT('',(0.,0.));
#9080 = VECTOR('',#9081,1.);
#9081 = DIRECTION('',(0.,-1.));
#9082 = ( GEOMETRIC_REPRESENTATION_CONTEXT(2) 
PARAMETRIC_REPRESENTATION_CONTEXT() REPRESENTATION_CONTEXT('2D SPACE',''
  ) );
#9083 = ORIENTED_EDGE('',*,*,#2313,.F.);
#9084 = ADVANCED_FACE('',(#9085),#2717,.T.);
#9085 = FACE_BOUND('',#9086,.T.);
#9086 = EDGE_LOOP('',(#9087,#9110,#9131,#9132));
#9087 = ORIENTED_EDGE('',*,*,#9088,.T.);
#9088 = EDGE_CURVE('',#2672,#9089,#9091,.T.);
#9089 = VERTEX_POINT('',#9090);
#9090 = CARTESIAN_POINT('',(-63.7626953125,-8.509155273438,1.7));
#9091 = SURFACE_CURVE('',#9092,(#9096,#9103),.PCURVE_S1.);
#9092 = LINE('',#9093,#9094);
#9093 = CARTESIAN_POINT('',(-63.7626953125,-8.509155273438,2.5));
#9094 = VECTOR('',#9095,1.);
#9095 = DIRECTION('',(-0.,-0.,-1.));
#9096 = PCURVE('',#2717,#9097);
#9097 = DEFINITIONAL_REPRESENTATION('',(#9098),#9102);
#9098 = LINE('',#9099,#9100);
#9099 = CARTESIAN_POINT('',(0.,0.));
#9100 = VECTOR('',#9101,1.);
#9101 = DIRECTION('',(0.,-1.));
#9102 = ( GEOMETRIC_REPRESENTATION_CONTEXT(2) 
PARAMETRIC_REPRESENTATION_CONTEXT() REPRESENTATION_CONTEXT('2D SPACE',''
  ) );
#9103 = PCURVE('',#2687,#9104);
#9104 = DEFINITIONAL_REPRESENTATION('',(#9105),#9109);
#9105 = LINE('',#9106,#9107);
#9106 = CARTESIAN_POINT('',(1.,0.));
#9107 = VECTOR('',#9108,1.);
#9108 = DIRECTION('',(0.,-1.));
#9109 = ( GEOMETRIC_REPRESENTATION_CONTEXT(2) 
PARAMETRIC_REPRESENTATION_CONTEXT() REPRESENTATION_CONTEXT('2D SPACE',''
  ) );
#9110 = ORIENTED_EDGE('',*,*,#9111,.T.);
#9111 = EDGE_CURVE('',#9089,#8991,#9112,.T.);
#9112 = SURFACE_CURVE('',#9113,(#9117,#9124),.PCURVE_S1.);
#9113 = B_SPLINE_CURVE_WITH_KNOTS('',2,(#9114,#9115,#9116),
  .UNSPECIFIED.,.F.,.F.,(3,3),(0.,1.),.PIECEWISE_BEZIER_KNOTS.);
#9114 = CARTESIAN_POINT('',(-63.7626953125,-8.509155273438,1.7));
#9115 = CARTESIAN_POINT('',(-63.49243164062,-8.766235351562,1.7));
#9116 = CARTESIAN_POINT('',(-63.49243164062,-9.146362304688,1.7));
#9117 = PCURVE('',#2717,#9118);
#9118 = DEFINITIONAL_REPRESENTATION('',(#9119),#9123);
#9119 = LINE('',#9120,#9121);
#9120 = CARTESIAN_POINT('',(0.,-0.8));
#9121 = VECTOR('',#9122,1.);
#9122 = DIRECTION('',(1.,0.));
#9123 = ( GEOMETRIC_REPRESENTATION_CONTEXT(2) 
PARAMETRIC_REPRESENTATION_CONTEXT() REPRESENTATION_CONTEXT('2D SPACE',''
  ) );
#9124 = PCURVE('',#8659,#9125);
#9125 = DEFINITIONAL_REPRESENTATION('',(#9126),#9130);
#9126 = B_SPLINE_CURVE_WITH_KNOTS('',2,(#9127,#9128,#9129),
  .UNSPECIFIED.,.F.,.F.,(3,3),(0.,1.),.PIECEWISE_BEZIER_KNOTS.);
#9127 = CARTESIAN_POINT('',(1.99072265625,2.977294921875));
#9128 = CARTESIAN_POINT('',(2.260986328125,2.72021484375));
#9129 = CARTESIAN_POINT('',(2.260986328125,2.340087890625));
#9130 = ( GEOMETRIC_REPRESENTATION_CONTEXT(2) 
PARAMETRIC_REPRESENTATION_CONTEXT() REPRESENTATION_CONTEXT('2D SPACE',''
  ) );
#9131 = ORIENTED_EDGE('',*,*,#8990,.F.);
#9132 = ORIENTED_EDGE('',*,*,#2701,.F.);
#9133 = ADVANCED_FACE('',(#9134),#2359,.T.);
#9134 = FACE_BOUND('',#9135,.T.);
#9135 = EDGE_LOOP('',(#9136,#9137,#9160,#9181));
#9136 = ORIENTED_EDGE('',*,*,#9063,.T.);
#9137 = ORIENTED_EDGE('',*,*,#9138,.T.);
#9138 = EDGE_CURVE('',#9041,#9139,#9141,.T.);
#9139 = VERTEX_POINT('',#9140);
#9140 = CARTESIAN_POINT('',(-65.31066894531,-10.78332519531,1.7));
#9141 = SURFACE_CURVE('',#9142,(#9146,#9153),.PCURVE_S1.);
#9142 = B_SPLINE_CURVE_WITH_KNOTS('',2,(#9143,#9144,#9145),
  .UNSPECIFIED.,.F.,.F.,(3,3),(0.,1.),.PIECEWISE_BEZIER_KNOTS.);
#9143 = CARTESIAN_POINT('',(-65.57104492187,-11.21179199218,1.7));
#9144 = CARTESIAN_POINT('',(-65.48974609375,-10.99426269531,1.7));
#9145 = CARTESIAN_POINT('',(-65.31066894531,-10.78332519531,1.7));
#9146 = PCURVE('',#2359,#9147);
#9147 = DEFINITIONAL_REPRESENTATION('',(#9148),#9152);
#9148 = LINE('',#9149,#9150);
#9149 = CARTESIAN_POINT('',(0.,-0.8));
#9150 = VECTOR('',#9151,1.);
#9151 = DIRECTION('',(1.,0.));
#9152 = ( GEOMETRIC_REPRESENTATION_CONTEXT(2) 
PARAMETRIC_REPRESENTATION_CONTEXT() REPRESENTATION_CONTEXT('2D SPACE',''
  ) );
#9153 = PCURVE('',#8659,#9154);
#9154 = DEFINITIONAL_REPRESENTATION('',(#9155),#9159);
#9155 = B_SPLINE_CURVE_WITH_KNOTS('',2,(#9156,#9157,#9158),
  .UNSPECIFIED.,.F.,.F.,(3,3),(0.,1.),.PIECEWISE_BEZIER_KNOTS.);
#9156 = CARTESIAN_POINT('',(0.182373046875,0.274658203125));
#9157 = CARTESIAN_POINT('',(0.263671875,0.4921875));
#9158 = CARTESIAN_POINT('',(0.442749023438,0.703125));
#9159 = ( GEOMETRIC_REPRESENTATION_CONTEXT(2) 
PARAMETRIC_REPRESENTATION_CONTEXT() REPRESENTATION_CONTEXT('2D SPACE',''
  ) );
#9160 = ORIENTED_EDGE('',*,*,#9161,.F.);
#9161 = EDGE_CURVE('',#2344,#9139,#9162,.T.);
#9162 = SURFACE_CURVE('',#9163,(#9167,#9174),.PCURVE_S1.);
#9163 = LINE('',#9164,#9165);
#9164 = CARTESIAN_POINT('',(-65.31066894531,-10.78332519531,2.5));
#9165 = VECTOR('',#9166,1.);
#9166 = DIRECTION('',(-0.,-0.,-1.));
#9167 = PCURVE('',#2359,#9168);
#9168 = DEFINITIONAL_REPRESENTATION('',(#9169),#9173);
#9169 = LINE('',#9170,#9171);
#9170 = CARTESIAN_POINT('',(1.,0.));
#9171 = VECTOR('',#9172,1.);
#9172 = DIRECTION('',(0.,-1.));
#9173 = ( GEOMETRIC_REPRESENTATION_CONTEXT(2) 
PARAMETRIC_REPRESENTATION_CONTEXT() REPRESENTATION_CONTEXT('2D SPACE',''
  ) );
#9174 = PCURVE('',#2389,#9175);
#9175 = DEFINITIONAL_REPRESENTATION('',(#9176),#9180);
#9176 = LINE('',#9177,#9178);
#9177 = CARTESIAN_POINT('',(0.,0.));
#9178 = VECTOR('',#9179,1.);
#9179 = DIRECTION('',(0.,-1.));
#9180 = ( GEOMETRIC_REPRESENTATION_CONTEXT(2) 
PARAMETRIC_REPRESENTATION_CONTEXT() REPRESENTATION_CONTEXT('2D SPACE',''
  ) );
#9181 = ORIENTED_EDGE('',*,*,#2343,.F.);
#9182 = ADVANCED_FACE('',(#9183),#2687,.T.);
#9183 = FACE_BOUND('',#9184,.T.);
#9184 = EDGE_LOOP('',(#9185,#9208,#9229,#9230));
#9185 = ORIENTED_EDGE('',*,*,#9186,.T.);
#9186 = EDGE_CURVE('',#2642,#9187,#9189,.T.);
#9187 = VERTEX_POINT('',#9188);
#9188 = CARTESIAN_POINT('',(-64.49658203125,-8.252075195312,1.7));
#9189 = SURFACE_CURVE('',#9190,(#9194,#9201),.PCURVE_S1.);
#9190 = LINE('',#9191,#9192);
#9191 = CARTESIAN_POINT('',(-64.49658203125,-8.252075195312,2.5));
#9192 = VECTOR('',#9193,1.);
#9193 = DIRECTION('',(-0.,-0.,-1.));
#9194 = PCURVE('',#2687,#9195);
#9195 = DEFINITIONAL_REPRESENTATION('',(#9196),#9200);
#9196 = LINE('',#9197,#9198);
#9197 = CARTESIAN_POINT('',(0.,0.));
#9198 = VECTOR('',#9199,1.);
#9199 = DIRECTION('',(0.,-1.));
#9200 = ( GEOMETRIC_REPRESENTATION_CONTEXT(2) 
PARAMETRIC_REPRESENTATION_CONTEXT() REPRESENTATION_CONTEXT('2D SPACE',''
  ) );
#9201 = PCURVE('',#2657,#9202);
#9202 = DEFINITIONAL_REPRESENTATION('',(#9203),#9207);
#9203 = LINE('',#9204,#9205);
#9204 = CARTESIAN_POINT('',(1.,0.));
#9205 = VECTOR('',#9206,1.);
#9206 = DIRECTION('',(0.,-1.));
#9207 = ( GEOMETRIC_REPRESENTATION_CONTEXT(2) 
PARAMETRIC_REPRESENTATION_CONTEXT() REPRESENTATION_CONTEXT('2D SPACE',''
  ) );
#9208 = ORIENTED_EDGE('',*,*,#9209,.T.);
#9209 = EDGE_CURVE('',#9187,#9089,#9210,.T.);
#9210 = SURFACE_CURVE('',#9211,(#9215,#9222),.PCURVE_S1.);
#9211 = B_SPLINE_CURVE_WITH_KNOTS('',2,(#9212,#9213,#9214),
  .UNSPECIFIED.,.F.,.F.,(3,3),(0.,1.),.PIECEWISE_BEZIER_KNOTS.);
#9212 = CARTESIAN_POINT('',(-64.49658203125,-8.252075195312,1.7));
#9213 = CARTESIAN_POINT('',(-64.03295898437,-8.252075195312,1.7));
#9214 = CARTESIAN_POINT('',(-63.7626953125,-8.509155273438,1.7));
#9215 = PCURVE('',#2687,#9216);
#9216 = DEFINITIONAL_REPRESENTATION('',(#9217),#9221);
#9217 = LINE('',#9218,#9219);
#9218 = CARTESIAN_POINT('',(0.,-0.8));
#9219 = VECTOR('',#9220,1.);
#9220 = DIRECTION('',(1.,0.));
#9221 = ( GEOMETRIC_REPRESENTATION_CONTEXT(2) 
PARAMETRIC_REPRESENTATION_CONTEXT() REPRESENTATION_CONTEXT('2D SPACE',''
  ) );
#9222 = PCURVE('',#8659,#9223);
#9223 = DEFINITIONAL_REPRESENTATION('',(#9224),#9228);
#9224 = B_SPLINE_CURVE_WITH_KNOTS('',2,(#9225,#9226,#9227),
  .UNSPECIFIED.,.F.,.F.,(3,3),(0.,1.),.PIECEWISE_BEZIER_KNOTS.);
#9225 = CARTESIAN_POINT('',(1.2568359375,3.234375));
#9226 = CARTESIAN_POINT('',(1.720458984375,3.234375));
#9227 = CARTESIAN_POINT('',(1.99072265625,2.977294921875));
#9228 = ( GEOMETRIC_REPRESENTATION_CONTEXT(2) 
PARAMETRIC_REPRESENTATION_CONTEXT() REPRESENTATION_CONTEXT('2D SPACE',''
  ) );
#9229 = ORIENTED_EDGE('',*,*,#9088,.F.);
#9230 = ORIENTED_EDGE('',*,*,#2671,.F.);
#9231 = ADVANCED_FACE('',(#9232),#2389,.T.);
#9232 = FACE_BOUND('',#9233,.T.);
#9233 = EDGE_LOOP('',(#9234,#9235,#9258,#9279));
#9234 = ORIENTED_EDGE('',*,*,#9161,.T.);
#9235 = ORIENTED_EDGE('',*,*,#9236,.T.);
#9236 = EDGE_CURVE('',#9139,#9237,#9239,.T.);
#9237 = VERTEX_POINT('',#9238);
#9238 = CARTESIAN_POINT('',(-64.79321289062,-10.29553222656,1.7));
#9239 = SURFACE_CURVE('',#9240,(#9244,#9251),.PCURVE_S1.);
#9240 = B_SPLINE_CURVE_WITH_KNOTS('',2,(#9241,#9242,#9243),
  .UNSPECIFIED.,.F.,.F.,(3,3),(0.,1.),.PIECEWISE_BEZIER_KNOTS.);
#9241 = CARTESIAN_POINT('',(-65.31066894531,-10.78332519531,1.7));
#9242 = CARTESIAN_POINT('',(-65.13159179687,-10.57238769531,1.7));
#9243 = CARTESIAN_POINT('',(-64.79321289062,-10.29553222656,1.7));
#9244 = PCURVE('',#2389,#9245);
#9245 = DEFINITIONAL_REPRESENTATION('',(#9246),#9250);
#9246 = LINE('',#9247,#9248);
#9247 = CARTESIAN_POINT('',(0.,-0.8));
#9248 = VECTOR('',#9249,1.);
#9249 = DIRECTION('',(1.,0.));
#9250 = ( GEOMETRIC_REPRESENTATION_CONTEXT(2) 
PARAMETRIC_REPRESENTATION_CONTEXT() REPRESENTATION_CONTEXT('2D SPACE',''
  ) );
#9251 = PCURVE('',#8659,#9252);
#9252 = DEFINITIONAL_REPRESENTATION('',(#9253),#9257);
#9253 = B_SPLINE_CURVE_WITH_KNOTS('',2,(#9254,#9255,#9256),
  .UNSPECIFIED.,.F.,.F.,(3,3),(0.,1.),.PIECEWISE_BEZIER_KNOTS.);
#9254 = CARTESIAN_POINT('',(0.442749023438,0.703125));
#9255 = CARTESIAN_POINT('',(0.621826171875,0.9140625));
#9256 = CARTESIAN_POINT('',(0.960205078125,1.19091796875));
#9257 = ( GEOMETRIC_REPRESENTATION_CONTEXT(2) 
PARAMETRIC_REPRESENTATION_CONTEXT() REPRESENTATION_CONTEXT('2D SPACE',''
  ) );
#9258 = ORIENTED_EDGE('',*,*,#9259,.F.);
#9259 = EDGE_CURVE('',#2374,#9237,#9260,.T.);
#9260 = SURFACE_CURVE('',#9261,(#9265,#9272),.PCURVE_S1.);
#9261 = LINE('',#9262,#9263);
#9262 = CARTESIAN_POINT('',(-64.79321289062,-10.29553222656,2.5));
#9263 = VECTOR('',#9264,1.);
#9264 = DIRECTION('',(-0.,-0.,-1.));
#9265 = PCURVE('',#2389,#9266);
#9266 = DEFINITIONAL_REPRESENTATION('',(#9267),#9271);
#9267 = LINE('',#9268,#9269);
#9268 = CARTESIAN_POINT('',(1.,0.));
#9269 = VECTOR('',#9270,1.);
#9270 = DIRECTION('',(0.,-1.));
#9271 = ( GEOMETRIC_REPRESENTATION_CONTEXT(2) 
PARAMETRIC_REPRESENTATION_CONTEXT() REPRESENTATION_CONTEXT('2D SPACE',''
  ) );
#9272 = PCURVE('',#2419,#9273);
#9273 = DEFINITIONAL_REPRESENTATION('',(#9274),#9278);
#9274 = LINE('',#9275,#9276);
#9275 = CARTESIAN_POINT('',(0.,0.));
#9276 = VECTOR('',#9277,1.);
#9277 = DIRECTION('',(0.,-1.));
#9278 = ( GEOMETRIC_REPRESENTATION_CONTEXT(2) 
PARAMETRIC_REPRESENTATION_CONTEXT() REPRESENTATION_CONTEXT('2D SPACE',''
  ) );
#9279 = ORIENTED_EDGE('',*,*,#2373,.F.);
#9280 = ADVANCED_FACE('',(#9281),#2657,.T.);
#9281 = FACE_BOUND('',#9282,.T.);
#9282 = EDGE_LOOP('',(#9283,#9306,#9327,#9328));
#9283 = ORIENTED_EDGE('',*,*,#9284,.T.);
#9284 = EDGE_CURVE('',#2612,#9285,#9287,.T.);
#9285 = VERTEX_POINT('',#9286);
#9286 = CARTESIAN_POINT('',(-65.22827148437,-8.490478515625,1.7));
#9287 = SURFACE_CURVE('',#9288,(#9292,#9299),.PCURVE_S1.);
#9288 = LINE('',#9289,#9290);
#9289 = CARTESIAN_POINT('',(-65.22827148437,-8.490478515625,2.5));
#9290 = VECTOR('',#9291,1.);
#9291 = DIRECTION('',(-0.,-0.,-1.));
#9292 = PCURVE('',#2657,#9293);
#9293 = DEFINITIONAL_REPRESENTATION('',(#9294),#9298);
#9294 = LINE('',#9295,#9296);
#9295 = CARTESIAN_POINT('',(0.,0.));
#9296 = VECTOR('',#9297,1.);
#9297 = DIRECTION('',(0.,-1.));
#9298 = ( GEOMETRIC_REPRESENTATION_CONTEXT(2) 
PARAMETRIC_REPRESENTATION_CONTEXT() REPRESENTATION_CONTEXT('2D SPACE',''
  ) );
#9299 = PCURVE('',#2627,#9300);
#9300 = DEFINITIONAL_REPRESENTATION('',(#9301),#9305);
#9301 = LINE('',#9302,#9303);
#9302 = CARTESIAN_POINT('',(1.,0.));
#9303 = VECTOR('',#9304,1.);
#9304 = DIRECTION('',(0.,-1.));
#9305 = ( GEOMETRIC_REPRESENTATION_CONTEXT(2) 
PARAMETRIC_REPRESENTATION_CONTEXT() REPRESENTATION_CONTEXT('2D SPACE',''
  ) );
#9306 = ORIENTED_EDGE('',*,*,#9307,.T.);
#9307 = EDGE_CURVE('',#9285,#9187,#9308,.T.);
#9308 = SURFACE_CURVE('',#9309,(#9313,#9320),.PCURVE_S1.);
#9309 = B_SPLINE_CURVE_WITH_KNOTS('',2,(#9310,#9311,#9312),
  .UNSPECIFIED.,.F.,.F.,(3,3),(0.,1.),.PIECEWISE_BEZIER_KNOTS.);
#9310 = CARTESIAN_POINT('',(-65.22827148437,-8.490478515625,1.7));
#9311 = CARTESIAN_POINT('',(-64.95581054687,-8.252075195312,1.7));
#9312 = CARTESIAN_POINT('',(-64.49658203125,-8.252075195312,1.7));
#9313 = PCURVE('',#2657,#9314);
#9314 = DEFINITIONAL_REPRESENTATION('',(#9315),#9319);
#9315 = LINE('',#9316,#9317);
#9316 = CARTESIAN_POINT('',(0.,-0.8));
#9317 = VECTOR('',#9318,1.);
#9318 = DIRECTION('',(1.,0.));
#9319 = ( GEOMETRIC_REPRESENTATION_CONTEXT(2) 
PARAMETRIC_REPRESENTATION_CONTEXT() REPRESENTATION_CONTEXT('2D SPACE',''
  ) );
#9320 = PCURVE('',#8659,#9321);
#9321 = DEFINITIONAL_REPRESENTATION('',(#9322),#9326);
#9322 = B_SPLINE_CURVE_WITH_KNOTS('',2,(#9323,#9324,#9325),
  .UNSPECIFIED.,.F.,.F.,(3,3),(0.,1.),.PIECEWISE_BEZIER_KNOTS.);
#9323 = CARTESIAN_POINT('',(0.525146484375,2.995971679688));
#9324 = CARTESIAN_POINT('',(0.797607421875,3.234375));
#9325 = CARTESIAN_POINT('',(1.2568359375,3.234375));
#9326 = ( GEOMETRIC_REPRESENTATION_CONTEXT(2) 
PARAMETRIC_REPRESENTATION_CONTEXT() REPRESENTATION_CONTEXT('2D SPACE',''
  ) );
#9327 = ORIENTED_EDGE('',*,*,#9186,.F.);
#9328 = ORIENTED_EDGE('',*,*,#2641,.F.);
#9329 = ADVANCED_FACE('',(#9330),#2419,.T.);
#9330 = FACE_BOUND('',#9331,.T.);
#9331 = EDGE_LOOP('',(#9332,#9333,#9356,#9377));
#9332 = ORIENTED_EDGE('',*,*,#9259,.T.);
#9333 = ORIENTED_EDGE('',*,*,#9334,.T.);
#9334 = EDGE_CURVE('',#9237,#9335,#9337,.T.);
#9335 = VERTEX_POINT('',#9336);
#9336 = CARTESIAN_POINT('',(-64.08349609375,-9.61328125,1.7));
#9337 = SURFACE_CURVE('',#9338,(#9342,#9349),.PCURVE_S1.);
#9338 = B_SPLINE_CURVE_WITH_KNOTS('',2,(#9339,#9340,#9341),
  .UNSPECIFIED.,.F.,.F.,(3,3),(0.,1.),.PIECEWISE_BEZIER_KNOTS.);
#9339 = CARTESIAN_POINT('',(-64.79321289062,-10.29553222656,1.7));
#9340 = CARTESIAN_POINT('',(-64.26806640625,-9.864868164062,1.7));
#9341 = CARTESIAN_POINT('',(-64.08349609375,-9.61328125,1.7));
#9342 = PCURVE('',#2419,#9343);
#9343 = DEFINITIONAL_REPRESENTATION('',(#9344),#9348);
#9344 = LINE('',#9345,#9346);
#9345 = CARTESIAN_POINT('',(0.,-0.8));
#9346 = VECTOR('',#9347,1.);
#9347 = DIRECTION('',(1.,0.));
#9348 = ( GEOMETRIC_REPRESENTATION_CONTEXT(2) 
PARAMETRIC_REPRESENTATION_CONTEXT() REPRESENTATION_CONTEXT('2D SPACE',''
  ) );
#9349 = PCURVE('',#8659,#9350);
#9350 = DEFINITIONAL_REPRESENTATION('',(#9351),#9355);
#9351 = B_SPLINE_CURVE_WITH_KNOTS('',2,(#9352,#9353,#9354),
  .UNSPECIFIED.,.F.,.F.,(3,3),(0.,1.),.PIECEWISE_BEZIER_KNOTS.);
#9352 = CARTESIAN_POINT('',(0.960205078125,1.19091796875));
#9353 = CARTESIAN_POINT('',(1.4853515625,1.62158203125));
#9354 = CARTESIAN_POINT('',(1.669921875,1.873168945312));
#9355 = ( GEOMETRIC_REPRESENTATION_CONTEXT(2) 
PARAMETRIC_REPRESENTATION_CONTEXT() REPRESENTATION_CONTEXT('2D SPACE',''
  ) );
#9356 = ORIENTED_EDGE('',*,*,#9357,.F.);
#9357 = EDGE_CURVE('',#2404,#9335,#9358,.T.);
#9358 = SURFACE_CURVE('',#9359,(#9363,#9370),.PCURVE_S1.);
#9359 = LINE('',#9360,#9361);
#9360 = CARTESIAN_POINT('',(-64.08349609375,-9.61328125,2.5));
#9361 = VECTOR('',#9362,1.);
#9362 = DIRECTION('',(-0.,-0.,-1.));
#9363 = PCURVE('',#2419,#9364);
#9364 = DEFINITIONAL_REPRESENTATION('',(#9365),#9369);
#9365 = LINE('',#9366,#9367);
#9366 = CARTESIAN_POINT('',(1.,0.));
#9367 = VECTOR('',#9368,1.);
#9368 = DIRECTION('',(0.,-1.));
#9369 = ( GEOMETRIC_REPRESENTATION_CONTEXT(2) 
PARAMETRIC_REPRESENTATION_CONTEXT() REPRESENTATION_CONTEXT('2D SPACE',''
  ) );
#9370 = PCURVE('',#2449,#9371);
#9371 = DEFINITIONAL_REPRESENTATION('',(#9372),#9376);
#9372 = LINE('',#9373,#9374);
#9373 = CARTESIAN_POINT('',(0.,0.));
#9374 = VECTOR('',#9375,1.);
#9375 = DIRECTION('',(0.,-1.));
#9376 = ( GEOMETRIC_REPRESENTATION_CONTEXT(2) 
PARAMETRIC_REPRESENTATION_CONTEXT() REPRESENTATION_CONTEXT('2D SPACE',''
  ) );
#9377 = ORIENTED_EDGE('',*,*,#2403,.F.);
#9378 = ADVANCED_FACE('',(#9379),#2627,.T.);
#9379 = FACE_BOUND('',#9380,.T.);
#9380 = EDGE_LOOP('',(#9381,#9404,#9425,#9426));
#9381 = ORIENTED_EDGE('',*,*,#9382,.T.);
#9382 = EDGE_CURVE('',#2584,#9383,#9385,.T.);
#9383 = VERTEX_POINT('',#9384);
#9384 = CARTESIAN_POINT('',(-65.54248046875,-9.183715820312,1.7));
#9385 = SURFACE_CURVE('',#9386,(#9390,#9397),.PCURVE_S1.);
#9386 = LINE('',#9387,#9388);
#9387 = CARTESIAN_POINT('',(-65.54248046875,-9.183715820312,2.5));
#9388 = VECTOR('',#9389,1.);
#9389 = DIRECTION('',(-0.,-0.,-1.));
#9390 = PCURVE('',#2627,#9391);
#9391 = DEFINITIONAL_REPRESENTATION('',(#9392),#9396);
#9392 = LINE('',#9393,#9394);
#9393 = CARTESIAN_POINT('',(0.,0.));
#9394 = VECTOR('',#9395,1.);
#9395 = DIRECTION('',(0.,-1.));
#9396 = ( GEOMETRIC_REPRESENTATION_CONTEXT(2) 
PARAMETRIC_REPRESENTATION_CONTEXT() REPRESENTATION_CONTEXT('2D SPACE',''
  ) );
#9397 = PCURVE('',#2599,#9398);
#9398 = DEFINITIONAL_REPRESENTATION('',(#9399),#9403);
#9399 = LINE('',#9400,#9401);
#9400 = CARTESIAN_POINT('',(0.408632335701,0.));
#9401 = VECTOR('',#9402,1.);
#9402 = DIRECTION('',(0.,-1.));
#9403 = ( GEOMETRIC_REPRESENTATION_CONTEXT(2) 
PARAMETRIC_REPRESENTATION_CONTEXT() REPRESENTATION_CONTEXT('2D SPACE',''
  ) );
#9404 = ORIENTED_EDGE('',*,*,#9405,.T.);
#9405 = EDGE_CURVE('',#9383,#9285,#9406,.T.);
#9406 = SURFACE_CURVE('',#9407,(#9411,#9418),.PCURVE_S1.);
#9407 = B_SPLINE_CURVE_WITH_KNOTS('',2,(#9408,#9409,#9410),
  .UNSPECIFIED.,.F.,.F.,(3,3),(0.,1.),.PIECEWISE_BEZIER_KNOTS.);
#9408 = CARTESIAN_POINT('',(-65.54248046875,-9.183715820312,1.7));
#9409 = CARTESIAN_POINT('',(-65.50073242187,-8.728881835938,1.7));
#9410 = CARTESIAN_POINT('',(-65.22827148437,-8.490478515625,1.7));
#9411 = PCURVE('',#2627,#9412);
#9412 = DEFINITIONAL_REPRESENTATION('',(#9413),#9417);
#9413 = LINE('',#9414,#9415);
#9414 = CARTESIAN_POINT('',(0.,-0.8));
#9415 = VECTOR('',#9416,1.);
#9416 = DIRECTION('',(1.,0.));
#9417 = ( GEOMETRIC_REPRESENTATION_CONTEXT(2) 
PARAMETRIC_REPRESENTATION_CONTEXT() REPRESENTATION_CONTEXT('2D SPACE',''
  ) );
#9418 = PCURVE('',#8659,#9419);
#9419 = DEFINITIONAL_REPRESENTATION('',(#9420),#9424);
#9420 = B_SPLINE_CURVE_WITH_KNOTS('',2,(#9421,#9422,#9423),
  .UNSPECIFIED.,.F.,.F.,(3,3),(0.,1.),.PIECEWISE_BEZIER_KNOTS.);
#9421 = CARTESIAN_POINT('',(0.2109375,2.302734375));
#9422 = CARTESIAN_POINT('',(0.252685546875,2.757568359375));
#9423 = CARTESIAN_POINT('',(0.525146484375,2.995971679688));
#9424 = ( GEOMETRIC_REPRESENTATION_CONTEXT(2) 
PARAMETRIC_REPRESENTATION_CONTEXT() REPRESENTATION_CONTEXT('2D SPACE',''
  ) );
#9425 = ORIENTED_EDGE('',*,*,#9284,.F.);
#9426 = ORIENTED_EDGE('',*,*,#2611,.F.);
#9427 = ADVANCED_FACE('',(#9428),#2449,.T.);
#9428 = FACE_BOUND('',#9429,.T.);
#9429 = EDGE_LOOP('',(#9430,#9431,#9454,#9475));
#9430 = ORIENTED_EDGE('',*,*,#9357,.T.);
#9431 = ORIENTED_EDGE('',*,*,#9432,.T.);
#9432 = EDGE_CURVE('',#9335,#9433,#9435,.T.);
#9433 = VERTEX_POINT('',#9434);
#9434 = CARTESIAN_POINT('',(-63.89892578125,-9.137573242188,1.7));
#9435 = SURFACE_CURVE('',#9436,(#9440,#9447),.PCURVE_S1.);
#9436 = B_SPLINE_CURVE_WITH_KNOTS('',2,(#9437,#9438,#9439),
  .UNSPECIFIED.,.F.,.F.,(3,3),(0.,1.),.PIECEWISE_BEZIER_KNOTS.);
#9437 = CARTESIAN_POINT('',(-64.08349609375,-9.61328125,1.7));
#9438 = CARTESIAN_POINT('',(-63.89892578125,-9.361694335938,1.7));
#9439 = CARTESIAN_POINT('',(-63.89892578125,-9.137573242188,1.7));
#9440 = PCURVE('',#2449,#9441);
#9441 = DEFINITIONAL_REPRESENTATION('',(#9442),#9446);
#9442 = LINE('',#9443,#9444);
#9443 = CARTESIAN_POINT('',(0.,-0.8));
#9444 = VECTOR('',#9445,1.);
#9445 = DIRECTION('',(1.,0.));
#9446 = ( GEOMETRIC_REPRESENTATION_CONTEXT(2) 
PARAMETRIC_REPRESENTATION_CONTEXT() REPRESENTATION_CONTEXT('2D SPACE',''
  ) );
#9447 = PCURVE('',#8659,#9448);
#9448 = DEFINITIONAL_REPRESENTATION('',(#9449),#9453);
#9449 = B_SPLINE_CURVE_WITH_KNOTS('',2,(#9450,#9451,#9452),
  .UNSPECIFIED.,.F.,.F.,(3,3),(0.,1.),.PIECEWISE_BEZIER_KNOTS.);
#9450 = CARTESIAN_POINT('',(1.669921875,1.873168945312));
#9451 = CARTESIAN_POINT('',(1.8544921875,2.124755859375));
#9452 = CARTESIAN_POINT('',(1.8544921875,2.348876953125));
#9453 = ( GEOMETRIC_REPRESENTATION_CONTEXT(2) 
PARAMETRIC_REPRESENTATION_CONTEXT() REPRESENTATION_CONTEXT('2D SPACE',''
  ) );
#9454 = ORIENTED_EDGE('',*,*,#9455,.F.);
#9455 = EDGE_CURVE('',#2434,#9433,#9456,.T.);
#9456 = SURFACE_CURVE('',#9457,(#9461,#9468),.PCURVE_S1.);
#9457 = LINE('',#9458,#9459);
#9458 = CARTESIAN_POINT('',(-63.89892578125,-9.137573242188,2.5));
#9459 = VECTOR('',#9460,1.);
#9460 = DIRECTION('',(-0.,-0.,-1.));
#9461 = PCURVE('',#2449,#9462);
#9462 = DEFINITIONAL_REPRESENTATION('',(#9463),#9467);
#9463 = LINE('',#9464,#9465);
#9464 = CARTESIAN_POINT('',(1.,0.));
#9465 = VECTOR('',#9466,1.);
#9466 = DIRECTION('',(0.,-1.));
#9467 = ( GEOMETRIC_REPRESENTATION_CONTEXT(2) 
PARAMETRIC_REPRESENTATION_CONTEXT() REPRESENTATION_CONTEXT('2D SPACE',''
  ) );
#9468 = PCURVE('',#2479,#9469);
#9469 = DEFINITIONAL_REPRESENTATION('',(#9470),#9474);
#9470 = LINE('',#9471,#9472);
#9471 = CARTESIAN_POINT('',(0.,0.));
#9472 = VECTOR('',#9473,1.);
#9473 = DIRECTION('',(0.,-1.));
#9474 = ( GEOMETRIC_REPRESENTATION_CONTEXT(2) 
PARAMETRIC_REPRESENTATION_CONTEXT() REPRESENTATION_CONTEXT('2D SPACE',''
  ) );
#9475 = ORIENTED_EDGE('',*,*,#2433,.F.);
#9476 = ADVANCED_FACE('',(#9477),#2599,.T.);
#9477 = FACE_BOUND('',#9478,.T.);
#9478 = EDGE_LOOP('',(#9479,#9502,#9523,#9524));
#9479 = ORIENTED_EDGE('',*,*,#9480,.T.);
#9480 = EDGE_CURVE('',#2554,#9481,#9483,.T.);
#9481 = VERTEX_POINT('',#9482);
#9482 = CARTESIAN_POINT('',(-65.13598632812,-9.225463867188,1.7));
#9483 = SURFACE_CURVE('',#9484,(#9488,#9495),.PCURVE_S1.);
#9484 = LINE('',#9485,#9486);
#9485 = CARTESIAN_POINT('',(-65.13598632812,-9.225463867188,2.5));
#9486 = VECTOR('',#9487,1.);
#9487 = DIRECTION('',(-0.,-0.,-1.));
#9488 = PCURVE('',#2599,#9489);
#9489 = DEFINITIONAL_REPRESENTATION('',(#9490),#9494);
#9490 = LINE('',#9491,#9492);
#9491 = CARTESIAN_POINT('',(0.,0.));
#9492 = VECTOR('',#9493,1.);
#9493 = DIRECTION('',(0.,-1.));
#9494 = ( GEOMETRIC_REPRESENTATION_CONTEXT(2) 
PARAMETRIC_REPRESENTATION_CONTEXT() REPRESENTATION_CONTEXT('2D SPACE',''
  ) );
#9495 = PCURVE('',#2569,#9496);
#9496 = DEFINITIONAL_REPRESENTATION('',(#9497),#9501);
#9497 = LINE('',#9498,#9499);
#9498 = CARTESIAN_POINT('',(1.,0.));
#9499 = VECTOR('',#9500,1.);
#9500 = DIRECTION('',(0.,-1.));
#9501 = ( GEOMETRIC_REPRESENTATION_CONTEXT(2) 
PARAMETRIC_REPRESENTATION_CONTEXT() REPRESENTATION_CONTEXT('2D SPACE',''
  ) );
#9502 = ORIENTED_EDGE('',*,*,#9503,.T.);
#9503 = EDGE_CURVE('',#9481,#9383,#9504,.T.);
#9504 = SURFACE_CURVE('',#9505,(#9509,#9516),.PCURVE_S1.);
#9505 = LINE('',#9506,#9507);
#9506 = CARTESIAN_POINT('',(-65.13598632812,-9.225463867188,1.7));
#9507 = VECTOR('',#9508,1.);
#9508 = DIRECTION('',(-0.994767435445,0.102165304181,0.));
#9509 = PCURVE('',#2599,#9510);
#9510 = DEFINITIONAL_REPRESENTATION('',(#9511),#9515);
#9511 = LINE('',#9512,#9513);
#9512 = CARTESIAN_POINT('',(0.,-0.8));
#9513 = VECTOR('',#9514,1.);
#9514 = DIRECTION('',(1.,0.));
#9515 = ( GEOMETRIC_REPRESENTATION_CONTEXT(2) 
PARAMETRIC_REPRESENTATION_CONTEXT() REPRESENTATION_CONTEXT('2D SPACE',''
  ) );
#9516 = PCURVE('',#8659,#9517);
#9517 = DEFINITIONAL_REPRESENTATION('',(#9518),#9522);
#9518 = LINE('',#9519,#9520);
#9519 = CARTESIAN_POINT('',(0.617431640625,2.260986328125));
#9520 = VECTOR('',#9521,1.);
#9521 = DIRECTION('',(-0.994767435445,0.102165304181));
#9522 = ( GEOMETRIC_REPRESENTATION_CONTEXT(2) 
PARAMETRIC_REPRESENTATION_CONTEXT() REPRESENTATION_CONTEXT('2D SPACE',''
  ) );
#9523 = ORIENTED_EDGE('',*,*,#9382,.F.);
#9524 = ORIENTED_EDGE('',*,*,#2583,.F.);
#9525 = ADVANCED_FACE('',(#9526),#2479,.T.);
#9526 = FACE_BOUND('',#9527,.T.);
#9527 = EDGE_LOOP('',(#9528,#9529,#9552,#9573));
#9528 = ORIENTED_EDGE('',*,*,#9455,.T.);
#9529 = ORIENTED_EDGE('',*,*,#9530,.T.);
#9530 = EDGE_CURVE('',#9433,#9531,#9533,.T.);
#9531 = VERTEX_POINT('',#9532);
#9532 = CARTESIAN_POINT('',(-64.06701660156,-8.740966796875,1.7));
#9533 = SURFACE_CURVE('',#9534,(#9538,#9545),.PCURVE_S1.);
#9534 = B_SPLINE_CURVE_WITH_KNOTS('',2,(#9535,#9536,#9537),
  .UNSPECIFIED.,.F.,.F.,(3,3),(0.,1.),.PIECEWISE_BEZIER_KNOTS.);
#9535 = CARTESIAN_POINT('',(-63.89892578125,-9.137573242188,1.7));
#9536 = CARTESIAN_POINT('',(-63.89892578125,-8.902465820312,1.7));
#9537 = CARTESIAN_POINT('',(-64.06701660156,-8.740966796875,1.7));
#9538 = PCURVE('',#2479,#9539);
#9539 = DEFINITIONAL_REPRESENTATION('',(#9540),#9544);
#9540 = LINE('',#9541,#9542);
#9541 = CARTESIAN_POINT('',(0.,-0.8));
#9542 = VECTOR('',#9543,1.);
#9543 = DIRECTION('',(1.,0.));
#9544 = ( GEOMETRIC_REPRESENTATION_CONTEXT(2) 
PARAMETRIC_REPRESENTATION_CONTEXT() REPRESENTATION_CONTEXT('2D SPACE',''
  ) );
#9545 = PCURVE('',#8659,#9546);
#9546 = DEFINITIONAL_REPRESENTATION('',(#9547),#9551);
#9547 = B_SPLINE_CURVE_WITH_KNOTS('',2,(#9548,#9549,#9550),
  .UNSPECIFIED.,.F.,.F.,(3,3),(0.,1.),.PIECEWISE_BEZIER_KNOTS.);
#9548 = CARTESIAN_POINT('',(1.8544921875,2.348876953125));
#9549 = CARTESIAN_POINT('',(1.8544921875,2.583984375));
#9550 = CARTESIAN_POINT('',(1.686401367188,2.745483398438));
#9551 = ( GEOMETRIC_REPRESENTATION_CONTEXT(2) 
PARAMETRIC_REPRESENTATION_CONTEXT() REPRESENTATION_CONTEXT('2D SPACE',''
  ) );
#9552 = ORIENTED_EDGE('',*,*,#9553,.F.);
#9553 = EDGE_CURVE('',#2464,#9531,#9554,.T.);
#9554 = SURFACE_CURVE('',#9555,(#9559,#9566),.PCURVE_S1.);
#9555 = LINE('',#9556,#9557);
#9556 = CARTESIAN_POINT('',(-64.06701660156,-8.740966796875,2.5));
#9557 = VECTOR('',#9558,1.);
#9558 = DIRECTION('',(-0.,-0.,-1.));
#9559 = PCURVE('',#2479,#9560);
#9560 = DEFINITIONAL_REPRESENTATION('',(#9561),#9565);
#9561 = LINE('',#9562,#9563);
#9562 = CARTESIAN_POINT('',(1.,0.));
#9563 = VECTOR('',#9564,1.);
#9564 = DIRECTION('',(0.,-1.));
#9565 = ( GEOMETRIC_REPRESENTATION_CONTEXT(2) 
PARAMETRIC_REPRESENTATION_CONTEXT() REPRESENTATION_CONTEXT('2D SPACE',''
  ) );
#9566 = PCURVE('',#2509,#9567);
#9567 = DEFINITIONAL_REPRESENTATION('',(#9568),#9572);
#9568 = LINE('',#9569,#9570);
#9569 = CARTESIAN_POINT('',(0.,0.));
#9570 = VECTOR('',#9571,1.);
#9571 = DIRECTION('',(0.,-1.));
#9572 = ( GEOMETRIC_REPRESENTATION_CONTEXT(2) 
PARAMETRIC_REPRESENTATION_CONTEXT() REPRESENTATION_CONTEXT('2D SPACE',''
  ) );
#9573 = ORIENTED_EDGE('',*,*,#2463,.F.);
#9574 = ADVANCED_FACE('',(#9575),#2569,.T.);
#9575 = FACE_BOUND('',#9576,.T.);
#9576 = EDGE_LOOP('',(#9577,#9600,#9621,#9622));
#9577 = ORIENTED_EDGE('',*,*,#9578,.T.);
#9578 = EDGE_CURVE('',#2524,#9579,#9581,.T.);
#9579 = VERTEX_POINT('',#9580);
#9580 = CARTESIAN_POINT('',(-64.96240234375,-8.750854492188,1.7));
#9581 = SURFACE_CURVE('',#9582,(#9586,#9593),.PCURVE_S1.);
#9582 = LINE('',#9583,#9584);
#9583 = CARTESIAN_POINT('',(-64.96240234375,-8.750854492188,2.5));
#9584 = VECTOR('',#9585,1.);
#9585 = DIRECTION('',(-0.,-0.,-1.));
#9586 = PCURVE('',#2569,#9587);
#9587 = DEFINITIONAL_REPRESENTATION('',(#9588),#9592);
#9588 = LINE('',#9589,#9590);
#9589 = CARTESIAN_POINT('',(0.,0.));
#9590 = VECTOR('',#9591,1.);
#9591 = DIRECTION('',(0.,-1.));
#9592 = ( GEOMETRIC_REPRESENTATION_CONTEXT(2) 
PARAMETRIC_REPRESENTATION_CONTEXT() REPRESENTATION_CONTEXT('2D SPACE',''
  ) );
#9593 = PCURVE('',#2539,#9594);
#9594 = DEFINITIONAL_REPRESENTATION('',(#9595),#9599);
#9595 = LINE('',#9596,#9597);
#9596 = CARTESIAN_POINT('',(1.,0.));
#9597 = VECTOR('',#9598,1.);
#9598 = DIRECTION('',(0.,-1.));
#9599 = ( GEOMETRIC_REPRESENTATION_CONTEXT(2) 
PARAMETRIC_REPRESENTATION_CONTEXT() REPRESENTATION_CONTEXT('2D SPACE',''
  ) );
#9600 = ORIENTED_EDGE('',*,*,#9601,.T.);
#9601 = EDGE_CURVE('',#9579,#9481,#9602,.T.);
#9602 = SURFACE_CURVE('',#9603,(#9607,#9614),.PCURVE_S1.);
#9603 = B_SPLINE_CURVE_WITH_KNOTS('',2,(#9604,#9605,#9606),
  .UNSPECIFIED.,.F.,.F.,(3,3),(0.,1.),.PIECEWISE_BEZIER_KNOTS.);
#9604 = CARTESIAN_POINT('',(-64.96240234375,-8.750854492188,1.7));
#9605 = CARTESIAN_POINT('',(-65.1337890625,-8.922241210938,1.7));
#9606 = CARTESIAN_POINT('',(-65.13598632812,-9.225463867188,1.7));
#9607 = PCURVE('',#2569,#9608);
#9608 = DEFINITIONAL_REPRESENTATION('',(#9609),#9613);
#9609 = LINE('',#9610,#9611);
#9610 = CARTESIAN_POINT('',(0.,-0.8));
#9611 = VECTOR('',#9612,1.);
#9612 = DIRECTION('',(1.,0.));
#9613 = ( GEOMETRIC_REPRESENTATION_CONTEXT(2) 
PARAMETRIC_REPRESENTATION_CONTEXT() REPRESENTATION_CONTEXT('2D SPACE',''
  ) );
#9614 = PCURVE('',#8659,#9615);
#9615 = DEFINITIONAL_REPRESENTATION('',(#9616),#9620);
#9616 = B_SPLINE_CURVE_WITH_KNOTS('',2,(#9617,#9618,#9619),
  .UNSPECIFIED.,.F.,.F.,(3,3),(0.,1.),.PIECEWISE_BEZIER_KNOTS.);
#9617 = CARTESIAN_POINT('',(0.791015625,2.735595703125));
#9618 = CARTESIAN_POINT('',(0.61962890625,2.564208984375));
#9619 = CARTESIAN_POINT('',(0.617431640625,2.260986328125));
#9620 = ( GEOMETRIC_REPRESENTATION_CONTEXT(2) 
PARAMETRIC_REPRESENTATION_CONTEXT() REPRESENTATION_CONTEXT('2D SPACE',''
  ) );
#9621 = ORIENTED_EDGE('',*,*,#9480,.F.);
#9622 = ORIENTED_EDGE('',*,*,#2553,.F.);
#9623 = ADVANCED_FACE('',(#9624),#2509,.T.);
#9624 = FACE_BOUND('',#9625,.T.);
#9625 = EDGE_LOOP('',(#9626,#9627,#9650,#9671));
#9626 = ORIENTED_EDGE('',*,*,#9553,.T.);
#9627 = ORIENTED_EDGE('',*,*,#9628,.T.);
#9628 = EDGE_CURVE('',#9531,#9629,#9631,.T.);
#9629 = VERTEX_POINT('',#9630);
#9630 = CARTESIAN_POINT('',(-64.50537109375,-8.579467773438,1.7));
#9631 = SURFACE_CURVE('',#9632,(#9636,#9643),.PCURVE_S1.);
#9632 = B_SPLINE_CURVE_WITH_KNOTS('',2,(#9633,#9634,#9635),
  .UNSPECIFIED.,.F.,.F.,(3,3),(0.,1.),.PIECEWISE_BEZIER_KNOTS.);
#9633 = CARTESIAN_POINT('',(-64.06701660156,-8.740966796875,1.7));
#9634 = CARTESIAN_POINT('',(-64.23510742187,-8.579467773438,1.7));
#9635 = CARTESIAN_POINT('',(-64.50537109375,-8.579467773438,1.7));
#9636 = PCURVE('',#2509,#9637);
#9637 = DEFINITIONAL_REPRESENTATION('',(#9638),#9642);
#9638 = LINE('',#9639,#9640);
#9639 = CARTESIAN_POINT('',(0.,-0.8));
#9640 = VECTOR('',#9641,1.);
#9641 = DIRECTION('',(1.,0.));
#9642 = ( GEOMETRIC_REPRESENTATION_CONTEXT(2) 
PARAMETRIC_REPRESENTATION_CONTEXT() REPRESENTATION_CONTEXT('2D SPACE',''
  ) );
#9643 = PCURVE('',#8659,#9644);
#9644 = DEFINITIONAL_REPRESENTATION('',(#9645),#9649);
#9645 = B_SPLINE_CURVE_WITH_KNOTS('',2,(#9646,#9647,#9648),
  .UNSPECIFIED.,.F.,.F.,(3,3),(0.,1.),.PIECEWISE_BEZIER_KNOTS.);
#9646 = CARTESIAN_POINT('',(1.686401367188,2.745483398438));
#9647 = CARTESIAN_POINT('',(1.518310546875,2.906982421875));
#9648 = CARTESIAN_POINT('',(1.248046875,2.906982421875));
#9649 = ( GEOMETRIC_REPRESENTATION_CONTEXT(2) 
PARAMETRIC_REPRESENTATION_CONTEXT() REPRESENTATION_CONTEXT('2D SPACE',''
  ) );
#9650 = ORIENTED_EDGE('',*,*,#9651,.F.);
#9651 = EDGE_CURVE('',#2494,#9629,#9652,.T.);
#9652 = SURFACE_CURVE('',#9653,(#9657,#9664),.PCURVE_S1.);
#9653 = LINE('',#9654,#9655);
#9654 = CARTESIAN_POINT('',(-64.50537109375,-8.579467773438,2.5));
#9655 = VECTOR('',#9656,1.);
#9656 = DIRECTION('',(-0.,-0.,-1.));
#9657 = PCURVE('',#2509,#9658);
#9658 = DEFINITIONAL_REPRESENTATION('',(#9659),#9663);
#9659 = LINE('',#9660,#9661);
#9660 = CARTESIAN_POINT('',(1.,0.));
#9661 = VECTOR('',#9662,1.);
#9662 = DIRECTION('',(0.,-1.));
#9663 = ( GEOMETRIC_REPRESENTATION_CONTEXT(2) 
PARAMETRIC_REPRESENTATION_CONTEXT() REPRESENTATION_CONTEXT('2D SPACE',''
  ) );
#9664 = PCURVE('',#2539,#9665);
#9665 = DEFINITIONAL_REPRESENTATION('',(#9666),#9670);
#9666 = LINE('',#9667,#9668);
#9667 = CARTESIAN_POINT('',(0.,0.));
#9668 = VECTOR('',#9669,1.);
#9669 = DIRECTION('',(0.,-1.));
#9670 = ( GEOMETRIC_REPRESENTATION_CONTEXT(2) 
PARAMETRIC_REPRESENTATION_CONTEXT() REPRESENTATION_CONTEXT('2D SPACE',''
  ) );
#9671 = ORIENTED_EDGE('',*,*,#2493,.F.);
#9672 = ADVANCED_FACE('',(#9673),#2539,.T.);
#9673 = FACE_BOUND('',#9674,.T.);
#9674 = EDGE_LOOP('',(#9675,#9676,#9697,#9698));
#9675 = ORIENTED_EDGE('',*,*,#9651,.T.);
#9676 = ORIENTED_EDGE('',*,*,#9677,.T.);
#9677 = EDGE_CURVE('',#9629,#9579,#9678,.T.);
#9678 = SURFACE_CURVE('',#9679,(#9683,#9690),.PCURVE_S1.);
#9679 = B_SPLINE_CURVE_WITH_KNOTS('',2,(#9680,#9681,#9682),
  .UNSPECIFIED.,.F.,.F.,(3,3),(0.,1.),.PIECEWISE_BEZIER_KNOTS.);
#9680 = CARTESIAN_POINT('',(-64.50537109375,-8.579467773438,1.7));
#9681 = CARTESIAN_POINT('',(-64.791015625,-8.579467773438,1.7));
#9682 = CARTESIAN_POINT('',(-64.96240234375,-8.750854492188,1.7));
#9683 = PCURVE('',#2539,#9684);
#9684 = DEFINITIONAL_REPRESENTATION('',(#9685),#9689);
#9685 = LINE('',#9686,#9687);
#9686 = CARTESIAN_POINT('',(0.,-0.8));
#9687 = VECTOR('',#9688,1.);
#9688 = DIRECTION('',(1.,0.));
#9689 = ( GEOMETRIC_REPRESENTATION_CONTEXT(2) 
PARAMETRIC_REPRESENTATION_CONTEXT() REPRESENTATION_CONTEXT('2D SPACE',''
  ) );
#9690 = PCURVE('',#8659,#9691);
#9691 = DEFINITIONAL_REPRESENTATION('',(#9692),#9696);
#9692 = B_SPLINE_CURVE_WITH_KNOTS('',2,(#9693,#9694,#9695),
  .UNSPECIFIED.,.F.,.F.,(3,3),(0.,1.),.PIECEWISE_BEZIER_KNOTS.);
#9693 = CARTESIAN_POINT('',(1.248046875,2.906982421875));
#9694 = CARTESIAN_POINT('',(0.96240234375,2.906982421875));
#9695 = CARTESIAN_POINT('',(0.791015625,2.735595703125));
#9696 = ( GEOMETRIC_REPRESENTATION_CONTEXT(2) 
PARAMETRIC_REPRESENTATION_CONTEXT() REPRESENTATION_CONTEXT('2D SPACE',''
  ) );
#9697 = ORIENTED_EDGE('',*,*,#9578,.F.);
#9698 = ORIENTED_EDGE('',*,*,#2523,.F.);
#9699 = ADVANCED_FACE('',(#9700),#2869,.T.);
#9700 = FACE_BOUND('',#9701,.T.);
#9701 = EDGE_LOOP('',(#9702,#9725,#9753,#9774));
#9702 = ORIENTED_EDGE('',*,*,#9703,.T.);
#9703 = EDGE_CURVE('',#2852,#9704,#9706,.T.);
#9704 = VERTEX_POINT('',#9705);
#9705 = CARTESIAN_POINT('',(-62.74536132812,-11.20739746093,1.7));
#9706 = SURFACE_CURVE('',#9707,(#9711,#9718),.PCURVE_S1.);
#9707 = LINE('',#9708,#9709);
#9708 = CARTESIAN_POINT('',(-62.74536132812,-11.20739746093,2.5));
#9709 = VECTOR('',#9710,1.);
#9710 = DIRECTION('',(-0.,-0.,-1.));
#9711 = PCURVE('',#2869,#9712);
#9712 = DEFINITIONAL_REPRESENTATION('',(#9713),#9717);
#9713 = LINE('',#9714,#9715);
#9714 = CARTESIAN_POINT('',(0.,0.));
#9715 = VECTOR('',#9716,1.);
#9716 = DIRECTION('',(0.,-1.));
#9717 = ( GEOMETRIC_REPRESENTATION_CONTEXT(2) 
PARAMETRIC_REPRESENTATION_CONTEXT() REPRESENTATION_CONTEXT('2D SPACE',''
  ) );
#9718 = PCURVE('',#3197,#9719);
#9719 = DEFINITIONAL_REPRESENTATION('',(#9720),#9724);
#9720 = LINE('',#9721,#9722);
#9721 = CARTESIAN_POINT('',(1.,0.));
#9722 = VECTOR('',#9723,1.);
#9723 = DIRECTION('',(0.,-1.));
#9724 = ( GEOMETRIC_REPRESENTATION_CONTEXT(2) 
PARAMETRIC_REPRESENTATION_CONTEXT() REPRESENTATION_CONTEXT('2D SPACE',''
  ) );
#9725 = ORIENTED_EDGE('',*,*,#9726,.T.);
#9726 = EDGE_CURVE('',#9704,#9727,#9729,.T.);
#9727 = VERTEX_POINT('',#9728);
#9728 = CARTESIAN_POINT('',(-63.06396484375,-9.897827148438,1.7));
#9729 = SURFACE_CURVE('',#9730,(#9734,#9741),.PCURVE_S1.);
#9730 = B_SPLINE_CURVE_WITH_KNOTS('',2,(#9731,#9732,#9733),
  .UNSPECIFIED.,.F.,.F.,(3,3),(0.,1.),.PIECEWISE_BEZIER_KNOTS.);
#9731 = CARTESIAN_POINT('',(-62.74536132812,-11.20739746093,1.7));
#9732 = CARTESIAN_POINT('',(-63.06396484375,-10.80529785156,1.7));
#9733 = CARTESIAN_POINT('',(-63.06396484375,-9.897827148438,1.7));
#9734 = PCURVE('',#2869,#9735);
#9735 = DEFINITIONAL_REPRESENTATION('',(#9736),#9740);
#9736 = LINE('',#9737,#9738);
#9737 = CARTESIAN_POINT('',(0.,-0.8));
#9738 = VECTOR('',#9739,1.);
#9739 = DIRECTION('',(1.,0.));
#9740 = ( GEOMETRIC_REPRESENTATION_CONTEXT(2) 
PARAMETRIC_REPRESENTATION_CONTEXT() REPRESENTATION_CONTEXT('2D SPACE',''
  ) );
#9741 = PCURVE('',#9742,#9747);
#9742 = PLANE('',#9743);
#9743 = AXIS2_PLACEMENT_3D('',#9744,#9745,#9746);
#9744 = CARTESIAN_POINT('',(-63.25073242187,-11.48645019531,1.7));
#9745 = DIRECTION('',(0.,0.,1.));
#9746 = DIRECTION('',(1.,0.,0.));
#9747 = DEFINITIONAL_REPRESENTATION('',(#9748),#9752);
#9748 = B_SPLINE_CURVE_WITH_KNOTS('',2,(#9749,#9750,#9751),
  .UNSPECIFIED.,.F.,.F.,(3,3),(0.,1.),.PIECEWISE_BEZIER_KNOTS.);
#9749 = CARTESIAN_POINT('',(0.50537109375,0.279052734375));
#9750 = CARTESIAN_POINT('',(0.186767578125,0.68115234375));
#9751 = CARTESIAN_POINT('',(0.186767578125,1.588623046875));
#9752 = ( GEOMETRIC_REPRESENTATION_CONTEXT(2) 
PARAMETRIC_REPRESENTATION_CONTEXT() REPRESENTATION_CONTEXT('2D SPACE',''
  ) );
#9753 = ORIENTED_EDGE('',*,*,#9754,.F.);
#9754 = EDGE_CURVE('',#2854,#9727,#9755,.T.);
#9755 = SURFACE_CURVE('',#9756,(#9760,#9767),.PCURVE_S1.);
#9756 = LINE('',#9757,#9758);
#9757 = CARTESIAN_POINT('',(-63.06396484375,-9.897827148438,2.5));
#9758 = VECTOR('',#9759,1.);
#9759 = DIRECTION('',(-0.,-0.,-1.));
#9760 = PCURVE('',#2869,#9761);
#9761 = DEFINITIONAL_REPRESENTATION('',(#9762),#9766);
#9762 = LINE('',#9763,#9764);
#9763 = CARTESIAN_POINT('',(1.,0.));
#9764 = VECTOR('',#9765,1.);
#9765 = DIRECTION('',(0.,-1.));
#9766 = ( GEOMETRIC_REPRESENTATION_CONTEXT(2) 
PARAMETRIC_REPRESENTATION_CONTEXT() REPRESENTATION_CONTEXT('2D SPACE',''
  ) );
#9767 = PCURVE('',#2899,#9768);
#9768 = DEFINITIONAL_REPRESENTATION('',(#9769),#9773);
#9769 = LINE('',#9770,#9771);
#9770 = CARTESIAN_POINT('',(0.,0.));
#9771 = VECTOR('',#9772,1.);
#9772 = DIRECTION('',(0.,-1.));
#9773 = ( GEOMETRIC_REPRESENTATION_CONTEXT(2) 
PARAMETRIC_REPRESENTATION_CONTEXT() REPRESENTATION_CONTEXT('2D SPACE',''
  ) );
#9774 = ORIENTED_EDGE('',*,*,#2851,.F.);
#9775 = ADVANCED_FACE('',(#9776),#3197,.T.);
#9776 = FACE_BOUND('',#9777,.T.);
#9777 = EDGE_LOOP('',(#9778,#9801,#9822,#9823));
#9778 = ORIENTED_EDGE('',*,*,#9779,.T.);
#9779 = EDGE_CURVE('',#3154,#9780,#9782,.T.);
#9780 = VERTEX_POINT('',#9781);
#9781 = CARTESIAN_POINT('',(-62.013671875,-11.54138183593,1.7));
#9782 = SURFACE_CURVE('',#9783,(#9787,#9794),.PCURVE_S1.);
#9783 = LINE('',#9784,#9785);
#9784 = CARTESIAN_POINT('',(-62.013671875,-11.54138183593,2.5));
#9785 = VECTOR('',#9786,1.);
#9786 = DIRECTION('',(-0.,-0.,-1.));
#9787 = PCURVE('',#3197,#9788);
#9788 = DEFINITIONAL_REPRESENTATION('',(#9789),#9793);
#9789 = LINE('',#9790,#9791);
#9790 = CARTESIAN_POINT('',(0.,0.));
#9791 = VECTOR('',#9792,1.);
#9792 = DIRECTION('',(0.,-1.));
#9793 = ( GEOMETRIC_REPRESENTATION_CONTEXT(2) 
PARAMETRIC_REPRESENTATION_CONTEXT() REPRESENTATION_CONTEXT('2D SPACE',''
  ) );
#9794 = PCURVE('',#3169,#9795);
#9795 = DEFINITIONAL_REPRESENTATION('',(#9796),#9800);
#9796 = LINE('',#9797,#9798);
#9797 = CARTESIAN_POINT('',(1.,0.));
#9798 = VECTOR('',#9799,1.);
#9799 = DIRECTION('',(0.,-1.));
#9800 = ( GEOMETRIC_REPRESENTATION_CONTEXT(2) 
PARAMETRIC_REPRESENTATION_CONTEXT() REPRESENTATION_CONTEXT('2D SPACE',''
  ) );
#9801 = ORIENTED_EDGE('',*,*,#9802,.T.);
#9802 = EDGE_CURVE('',#9780,#9704,#9803,.T.);
#9803 = SURFACE_CURVE('',#9804,(#9808,#9815),.PCURVE_S1.);
#9804 = B_SPLINE_CURVE_WITH_KNOTS('',2,(#9805,#9806,#9807),
  .UNSPECIFIED.,.F.,.F.,(3,3),(0.,1.),.PIECEWISE_BEZIER_KNOTS.);
#9805 = CARTESIAN_POINT('',(-62.013671875,-11.54138183593,1.7));
#9806 = CARTESIAN_POINT('',(-62.4794921875,-11.54138183593,1.7));
#9807 = CARTESIAN_POINT('',(-62.74536132812,-11.20739746093,1.7));
#9808 = PCURVE('',#3197,#9809);
#9809 = DEFINITIONAL_REPRESENTATION('',(#9810),#9814);
#9810 = LINE('',#9811,#9812);
#9811 = CARTESIAN_POINT('',(0.,-0.8));
#9812 = VECTOR('',#9813,1.);
#9813 = DIRECTION('',(1.,0.));
#9814 = ( GEOMETRIC_REPRESENTATION_CONTEXT(2) 
PARAMETRIC_REPRESENTATION_CONTEXT() REPRESENTATION_CONTEXT('2D SPACE',''
  ) );
#9815 = PCURVE('',#9742,#9816);
#9816 = DEFINITIONAL_REPRESENTATION('',(#9817),#9821);
#9817 = B_SPLINE_CURVE_WITH_KNOTS('',2,(#9818,#9819,#9820),
  .UNSPECIFIED.,.F.,.F.,(3,3),(0.,1.),.PIECEWISE_BEZIER_KNOTS.);
#9818 = CARTESIAN_POINT('',(1.237060546875,-5.4931640625E-02));
#9819 = CARTESIAN_POINT('',(0.771240234375,-5.4931640625E-02));
#9820 = CARTESIAN_POINT('',(0.50537109375,0.279052734375));
#9821 = ( GEOMETRIC_REPRESENTATION_CONTEXT(2) 
PARAMETRIC_REPRESENTATION_CONTEXT() REPRESENTATION_CONTEXT('2D SPACE',''
  ) );
#9822 = ORIENTED_EDGE('',*,*,#9703,.F.);
#9823 = ORIENTED_EDGE('',*,*,#3183,.F.);
#9824 = ADVANCED_FACE('',(#9825),#2899,.T.);
#9825 = FACE_BOUND('',#9826,.T.);
#9826 = EDGE_LOOP('',(#9827,#9828,#9851,#9872));
#9827 = ORIENTED_EDGE('',*,*,#9754,.T.);
#9828 = ORIENTED_EDGE('',*,*,#9829,.T.);
#9829 = EDGE_CURVE('',#9727,#9830,#9832,.T.);
#9830 = VERTEX_POINT('',#9831);
#9831 = CARTESIAN_POINT('',(-62.94641113281,-8.978271484375,1.7));
#9832 = SURFACE_CURVE('',#9833,(#9837,#9844),.PCURVE_S1.);
#9833 = B_SPLINE_CURVE_WITH_KNOTS('',2,(#9834,#9835,#9836),
  .UNSPECIFIED.,.F.,.F.,(3,3),(0.,1.),.PIECEWISE_BEZIER_KNOTS.);
#9834 = CARTESIAN_POINT('',(-63.06396484375,-9.897827148438,1.7));
#9835 = CARTESIAN_POINT('',(-63.06396484375,-9.326538085938,1.7));
#9836 = CARTESIAN_POINT('',(-62.94641113281,-8.978271484375,1.7));
#9837 = PCURVE('',#2899,#9838);
#9838 = DEFINITIONAL_REPRESENTATION('',(#9839),#9843);
#9839 = LINE('',#9840,#9841);
#9840 = CARTESIAN_POINT('',(0.,-0.8));
#9841 = VECTOR('',#9842,1.);
#9842 = DIRECTION('',(1.,0.));
#9843 = ( GEOMETRIC_REPRESENTATION_CONTEXT(2) 
PARAMETRIC_REPRESENTATION_CONTEXT() REPRESENTATION_CONTEXT('2D SPACE',''
  ) );
#9844 = PCURVE('',#9742,#9845);
#9845 = DEFINITIONAL_REPRESENTATION('',(#9846),#9850);
#9846 = B_SPLINE_CURVE_WITH_KNOTS('',2,(#9847,#9848,#9849),
  .UNSPECIFIED.,.F.,.F.,(3,3),(0.,1.),.PIECEWISE_BEZIER_KNOTS.);
#9847 = CARTESIAN_POINT('',(0.186767578125,1.588623046875));
#9848 = CARTESIAN_POINT('',(0.186767578125,2.159912109375));
#9849 = CARTESIAN_POINT('',(0.304321289062,2.508178710938));
#9850 = ( GEOMETRIC_REPRESENTATION_CONTEXT(2) 
PARAMETRIC_REPRESENTATION_CONTEXT() REPRESENTATION_CONTEXT('2D SPACE',''
  ) );
#9851 = ORIENTED_EDGE('',*,*,#9852,.F.);
#9852 = EDGE_CURVE('',#2884,#9830,#9853,.T.);
#9853 = SURFACE_CURVE('',#9854,(#9858,#9865),.PCURVE_S1.);
#9854 = LINE('',#9855,#9856);
#9855 = CARTESIAN_POINT('',(-62.94641113281,-8.978271484375,2.5));
#9856 = VECTOR('',#9857,1.);
#9857 = DIRECTION('',(-0.,-0.,-1.));
#9858 = PCURVE('',#2899,#9859);
#9859 = DEFINITIONAL_REPRESENTATION('',(#9860),#9864);
#9860 = LINE('',#9861,#9862);
#9861 = CARTESIAN_POINT('',(1.,0.));
#9862 = VECTOR('',#9863,1.);
#9863 = DIRECTION('',(0.,-1.));
#9864 = ( GEOMETRIC_REPRESENTATION_CONTEXT(2) 
PARAMETRIC_REPRESENTATION_CONTEXT() REPRESENTATION_CONTEXT('2D SPACE',''
  ) );
#9865 = PCURVE('',#2929,#9866);
#9866 = DEFINITIONAL_REPRESENTATION('',(#9867),#9871);
#9867 = LINE('',#9868,#9869);
#9868 = CARTESIAN_POINT('',(0.,0.));
#9869 = VECTOR('',#9870,1.);
#9870 = DIRECTION('',(0.,-1.));
#9871 = ( GEOMETRIC_REPRESENTATION_CONTEXT(2) 
PARAMETRIC_REPRESENTATION_CONTEXT() REPRESENTATION_CONTEXT('2D SPACE',''
  ) );
#9872 = ORIENTED_EDGE('',*,*,#2883,.F.);
#9873 = ADVANCED_FACE('',(#9874),#3169,.T.);
#9874 = FACE_BOUND('',#9875,.T.);
#9875 = EDGE_LOOP('',(#9876,#9899,#9920,#9921));
#9876 = ORIENTED_EDGE('',*,*,#9877,.T.);
#9877 = EDGE_CURVE('',#3124,#9878,#9880,.T.);
#9878 = VERTEX_POINT('',#9879);
#9879 = CARTESIAN_POINT('',(-61.42810058593,-11.35131835937,1.7));
#9880 = SURFACE_CURVE('',#9881,(#9885,#9892),.PCURVE_S1.);
#9881 = LINE('',#9882,#9883);
#9882 = CARTESIAN_POINT('',(-61.42810058593,-11.35131835937,2.5));
#9883 = VECTOR('',#9884,1.);
#9884 = DIRECTION('',(-0.,-0.,-1.));
#9885 = PCURVE('',#3169,#9886);
#9886 = DEFINITIONAL_REPRESENTATION('',(#9887),#9891);
#9887 = LINE('',#9888,#9889);
#9888 = CARTESIAN_POINT('',(0.,0.));
#9889 = VECTOR('',#9890,1.);
#9890 = DIRECTION('',(0.,-1.));
#9891 = ( GEOMETRIC_REPRESENTATION_CONTEXT(2) 
PARAMETRIC_REPRESENTATION_CONTEXT() REPRESENTATION_CONTEXT('2D SPACE',''
  ) );
#9892 = PCURVE('',#3139,#9893);
#9893 = DEFINITIONAL_REPRESENTATION('',(#9894),#9898);
#9894 = LINE('',#9895,#9896);
#9895 = CARTESIAN_POINT('',(1.,0.));
#9896 = VECTOR('',#9897,1.);
#9897 = DIRECTION('',(0.,-1.));
#9898 = ( GEOMETRIC_REPRESENTATION_CONTEXT(2) 
PARAMETRIC_REPRESENTATION_CONTEXT() REPRESENTATION_CONTEXT('2D SPACE',''
  ) );
#9899 = ORIENTED_EDGE('',*,*,#9900,.T.);
#9900 = EDGE_CURVE('',#9878,#9780,#9901,.T.);
#9901 = SURFACE_CURVE('',#9902,(#9906,#9913),.PCURVE_S1.);
#9902 = B_SPLINE_CURVE_WITH_KNOTS('',2,(#9903,#9904,#9905),
  .UNSPECIFIED.,.F.,.F.,(3,3),(0.,1.),.PIECEWISE_BEZIER_KNOTS.);
#9903 = CARTESIAN_POINT('',(-61.42810058593,-11.35131835937,1.7));
#9904 = CARTESIAN_POINT('',(-61.65991210937,-11.54138183593,1.7));
#9905 = CARTESIAN_POINT('',(-62.013671875,-11.54138183593,1.7));
#9906 = PCURVE('',#3169,#9907);
#9907 = DEFINITIONAL_REPRESENTATION('',(#9908),#9912);
#9908 = LINE('',#9909,#9910);
#9909 = CARTESIAN_POINT('',(0.,-0.8));
#9910 = VECTOR('',#9911,1.);
#9911 = DIRECTION('',(1.,0.));
#9912 = ( GEOMETRIC_REPRESENTATION_CONTEXT(2) 
PARAMETRIC_REPRESENTATION_CONTEXT() REPRESENTATION_CONTEXT('2D SPACE',''
  ) );
#9913 = PCURVE('',#9742,#9914);
#9914 = DEFINITIONAL_REPRESENTATION('',(#9915),#9919);
#9915 = B_SPLINE_CURVE_WITH_KNOTS('',2,(#9916,#9917,#9918),
  .UNSPECIFIED.,.F.,.F.,(3,3),(0.,1.),.PIECEWISE_BEZIER_KNOTS.);
#9916 = CARTESIAN_POINT('',(1.822631835938,0.135131835938));
#9917 = CARTESIAN_POINT('',(1.5908203125,-5.4931640625E-02));
#9918 = CARTESIAN_POINT('',(1.237060546875,-5.4931640625E-02));
#9919 = ( GEOMETRIC_REPRESENTATION_CONTEXT(2) 
PARAMETRIC_REPRESENTATION_CONTEXT() REPRESENTATION_CONTEXT('2D SPACE',''
  ) );
#9920 = ORIENTED_EDGE('',*,*,#9779,.F.);
#9921 = ORIENTED_EDGE('',*,*,#3153,.F.);
#9922 = ADVANCED_FACE('',(#9923),#2929,.T.);
#9923 = FACE_BOUND('',#9924,.T.);
#9924 = EDGE_LOOP('',(#9925,#9926,#9949,#9970));
#9925 = ORIENTED_EDGE('',*,*,#9852,.T.);
#9926 = ORIENTED_EDGE('',*,*,#9927,.T.);
#9927 = EDGE_CURVE('',#9830,#9928,#9930,.T.);
#9928 = VERTEX_POINT('',#9929);
#9929 = CARTESIAN_POINT('',(-62.59704589843,-8.441040039062,1.7));
#9930 = SURFACE_CURVE('',#9931,(#9935,#9942),.PCURVE_S1.);
#9931 = B_SPLINE_CURVE_WITH_KNOTS('',2,(#9932,#9933,#9934),
  .UNSPECIFIED.,.F.,.F.,(3,3),(0.,1.),.PIECEWISE_BEZIER_KNOTS.);
#9932 = CARTESIAN_POINT('',(-62.94641113281,-8.978271484375,1.7));
#9933 = CARTESIAN_POINT('',(-62.82885742187,-8.630004882812,1.7));
#9934 = CARTESIAN_POINT('',(-62.59704589843,-8.441040039062,1.7));
#9935 = PCURVE('',#2929,#9936);
#9936 = DEFINITIONAL_REPRESENTATION('',(#9937),#9941);
#9937 = LINE('',#9938,#9939);
#9938 = CARTESIAN_POINT('',(0.,-0.8));
#9939 = VECTOR('',#9940,1.);
#9940 = DIRECTION('',(1.,0.));
#9941 = ( GEOMETRIC_REPRESENTATION_CONTEXT(2) 
PARAMETRIC_REPRESENTATION_CONTEXT() REPRESENTATION_CONTEXT('2D SPACE',''
  ) );
#9942 = PCURVE('',#9742,#9943);
#9943 = DEFINITIONAL_REPRESENTATION('',(#9944),#9948);
#9944 = B_SPLINE_CURVE_WITH_KNOTS('',2,(#9945,#9946,#9947),
  .UNSPECIFIED.,.F.,.F.,(3,3),(0.,1.),.PIECEWISE_BEZIER_KNOTS.);
#9945 = CARTESIAN_POINT('',(0.304321289062,2.508178710938));
#9946 = CARTESIAN_POINT('',(0.421875,2.8564453125));
#9947 = CARTESIAN_POINT('',(0.653686523438,3.04541015625));
#9948 = ( GEOMETRIC_REPRESENTATION_CONTEXT(2) 
PARAMETRIC_REPRESENTATION_CONTEXT() REPRESENTATION_CONTEXT('2D SPACE',''
  ) );
#9949 = ORIENTED_EDGE('',*,*,#9950,.F.);
#9950 = EDGE_CURVE('',#2914,#9928,#9951,.T.);
#9951 = SURFACE_CURVE('',#9952,(#9956,#9963),.PCURVE_S1.);
#9952 = LINE('',#9953,#9954);
#9953 = CARTESIAN_POINT('',(-62.59704589843,-8.441040039062,2.5));
#9954 = VECTOR('',#9955,1.);
#9955 = DIRECTION('',(-0.,-0.,-1.));
#9956 = PCURVE('',#2929,#9957);
#9957 = DEFINITIONAL_REPRESENTATION('',(#9958),#9962);
#9958 = LINE('',#9959,#9960);
#9959 = CARTESIAN_POINT('',(1.,0.));
#9960 = VECTOR('',#9961,1.);
#9961 = DIRECTION('',(0.,-1.));
#9962 = ( GEOMETRIC_REPRESENTATION_CONTEXT(2) 
PARAMETRIC_REPRESENTATION_CONTEXT() REPRESENTATION_CONTEXT('2D SPACE',''
  ) );
#9963 = PCURVE('',#2959,#9964);
#9964 = DEFINITIONAL_REPRESENTATION('',(#9965),#9969);
#9965 = LINE('',#9966,#9967);
#9966 = CARTESIAN_POINT('',(0.,0.));
#9967 = VECTOR('',#9968,1.);
#9968 = DIRECTION('',(0.,-1.));
#9969 = ( GEOMETRIC_REPRESENTATION_CONTEXT(2) 
PARAMETRIC_REPRESENTATION_CONTEXT() REPRESENTATION_CONTEXT('2D SPACE',''
  ) );
#9970 = ORIENTED_EDGE('',*,*,#2913,.F.);
#9971 = ADVANCED_FACE('',(#9972),#3139,.T.);
#9972 = FACE_BOUND('',#9973,.T.);
#9973 = EDGE_LOOP('',(#9974,#9997,#10018,#10019));
#9974 = ORIENTED_EDGE('',*,*,#9975,.T.);
#9975 = EDGE_CURVE('',#3094,#9976,#9978,.T.);
#9976 = VERTEX_POINT('',#9977);
#9977 = CARTESIAN_POINT('',(-61.07983398437,-10.81298828125,1.7));
#9978 = SURFACE_CURVE('',#9979,(#9983,#9990),.PCURVE_S1.);
#9979 = LINE('',#9980,#9981);
#9980 = CARTESIAN_POINT('',(-61.07983398437,-10.81298828125,2.5));
#9981 = VECTOR('',#9982,1.);
#9982 = DIRECTION('',(-0.,-0.,-1.));
#9983 = PCURVE('',#3139,#9984);
#9984 = DEFINITIONAL_REPRESENTATION('',(#9985),#9989);
#9985 = LINE('',#9986,#9987);
#9986 = CARTESIAN_POINT('',(0.,0.));
#9987 = VECTOR('',#9988,1.);
#9988 = DIRECTION('',(0.,-1.));
#9989 = ( GEOMETRIC_REPRESENTATION_CONTEXT(2) 
PARAMETRIC_REPRESENTATION_CONTEXT() REPRESENTATION_CONTEXT('2D SPACE',''
  ) );
#9990 = PCURVE('',#3109,#9991);
#9991 = DEFINITIONAL_REPRESENTATION('',(#9992),#9996);
#9992 = LINE('',#9993,#9994);
#9993 = CARTESIAN_POINT('',(1.,0.));
#9994 = VECTOR('',#9995,1.);
#9995 = DIRECTION('',(0.,-1.));
#9996 = ( GEOMETRIC_REPRESENTATION_CONTEXT(2) 
PARAMETRIC_REPRESENTATION_CONTEXT() REPRESENTATION_CONTEXT('2D SPACE',''
  ) );
#9997 = ORIENTED_EDGE('',*,*,#9998,.T.);
#9998 = EDGE_CURVE('',#9976,#9878,#9999,.T.);
#9999 = SURFACE_CURVE('',#10000,(#10004,#10011),.PCURVE_S1.);
#10000 = B_SPLINE_CURVE_WITH_KNOTS('',2,(#10001,#10002,#10003),
  .UNSPECIFIED.,.F.,.F.,(3,3),(0.,1.),.PIECEWISE_BEZIER_KNOTS.);
#10001 = CARTESIAN_POINT('',(-61.07983398437,-10.81298828125,1.7));
#10002 = CARTESIAN_POINT('',(-61.1962890625,-11.16125488281,1.7));
#10003 = CARTESIAN_POINT('',(-61.42810058593,-11.35131835937,1.7));
#10004 = PCURVE('',#3139,#10005);
#10005 = DEFINITIONAL_REPRESENTATION('',(#10006),#10010);
#10006 = LINE('',#10007,#10008);
#10007 = CARTESIAN_POINT('',(0.,-0.8));
#10008 = VECTOR('',#10009,1.);
#10009 = DIRECTION('',(1.,0.));
#10010 = ( GEOMETRIC_REPRESENTATION_CONTEXT(2) 
PARAMETRIC_REPRESENTATION_CONTEXT() REPRESENTATION_CONTEXT('2D SPACE',''
  ) );
#10011 = PCURVE('',#9742,#10012);
#10012 = DEFINITIONAL_REPRESENTATION('',(#10013),#10017);
#10013 = B_SPLINE_CURVE_WITH_KNOTS('',2,(#10014,#10015,#10016),
  .UNSPECIFIED.,.F.,.F.,(3,3),(0.,1.),.PIECEWISE_BEZIER_KNOTS.);
#10014 = CARTESIAN_POINT('',(2.1708984375,0.673461914062));
#10015 = CARTESIAN_POINT('',(2.054443359375,0.3251953125));
#10016 = CARTESIAN_POINT('',(1.822631835938,0.135131835938));
#10017 = ( GEOMETRIC_REPRESENTATION_CONTEXT(2) 
PARAMETRIC_REPRESENTATION_CONTEXT() REPRESENTATION_CONTEXT('2D SPACE',''
  ) );
#10018 = ORIENTED_EDGE('',*,*,#9877,.F.);
#10019 = ORIENTED_EDGE('',*,*,#3123,.F.);
#10020 = ADVANCED_FACE('',(#10021),#2959,.T.);
#10021 = FACE_BOUND('',#10022,.T.);
#10022 = EDGE_LOOP('',(#10023,#10024,#10047,#10068));
#10023 = ORIENTED_EDGE('',*,*,#9950,.T.);
#10024 = ORIENTED_EDGE('',*,*,#10025,.T.);
#10025 = EDGE_CURVE('',#9928,#10026,#10028,.T.);
#10026 = VERTEX_POINT('',#10027);
#10027 = CARTESIAN_POINT('',(-62.013671875,-8.252075195312,1.7));
#10028 = SURFACE_CURVE('',#10029,(#10033,#10040),.PCURVE_S1.);
#10029 = B_SPLINE_CURVE_WITH_KNOTS('',2,(#10030,#10031,#10032),
  .UNSPECIFIED.,.F.,.F.,(3,3),(0.,1.),.PIECEWISE_BEZIER_KNOTS.);
#10030 = CARTESIAN_POINT('',(-62.59704589843,-8.441040039062,1.7));
#10031 = CARTESIAN_POINT('',(-62.365234375,-8.252075195312,1.7));
#10032 = CARTESIAN_POINT('',(-62.013671875,-8.252075195312,1.7));
#10033 = PCURVE('',#2959,#10034);
#10034 = DEFINITIONAL_REPRESENTATION('',(#10035),#10039);
#10035 = LINE('',#10036,#10037);
#10036 = CARTESIAN_POINT('',(0.,-0.8));
#10037 = VECTOR('',#10038,1.);
#10038 = DIRECTION('',(1.,0.));
#10039 = ( GEOMETRIC_REPRESENTATION_CONTEXT(2) 
PARAMETRIC_REPRESENTATION_CONTEXT() REPRESENTATION_CONTEXT('2D SPACE',''
  ) );
#10040 = PCURVE('',#9742,#10041);
#10041 = DEFINITIONAL_REPRESENTATION('',(#10042),#10046);
#10042 = B_SPLINE_CURVE_WITH_KNOTS('',2,(#10043,#10044,#10045),
  .UNSPECIFIED.,.F.,.F.,(3,3),(0.,1.),.PIECEWISE_BEZIER_KNOTS.);
#10043 = CARTESIAN_POINT('',(0.653686523438,3.04541015625));
#10044 = CARTESIAN_POINT('',(0.885498046875,3.234375));
#10045 = CARTESIAN_POINT('',(1.237060546875,3.234375));
#10046 = ( GEOMETRIC_REPRESENTATION_CONTEXT(2) 
PARAMETRIC_REPRESENTATION_CONTEXT() REPRESENTATION_CONTEXT('2D SPACE',''
  ) );
#10047 = ORIENTED_EDGE('',*,*,#10048,.F.);
#10048 = EDGE_CURVE('',#2944,#10026,#10049,.T.);
#10049 = SURFACE_CURVE('',#10050,(#10054,#10061),.PCURVE_S1.);
#10050 = LINE('',#10051,#10052);
#10051 = CARTESIAN_POINT('',(-62.013671875,-8.252075195312,2.5));
#10052 = VECTOR('',#10053,1.);
#10053 = DIRECTION('',(-0.,-0.,-1.));
#10054 = PCURVE('',#2959,#10055);
#10055 = DEFINITIONAL_REPRESENTATION('',(#10056),#10060);
#10056 = LINE('',#10057,#10058);
#10057 = CARTESIAN_POINT('',(1.,0.));
#10058 = VECTOR('',#10059,1.);
#10059 = DIRECTION('',(0.,-1.));
#10060 = ( GEOMETRIC_REPRESENTATION_CONTEXT(2) 
PARAMETRIC_REPRESENTATION_CONTEXT() REPRESENTATION_CONTEXT('2D SPACE',''
  ) );
#10061 = PCURVE('',#2989,#10062);
#10062 = DEFINITIONAL_REPRESENTATION('',(#10063),#10067);
#10063 = LINE('',#10064,#10065);
#10064 = CARTESIAN_POINT('',(0.,0.));
#10065 = VECTOR('',#10066,1.);
#10066 = DIRECTION('',(0.,-1.));
#10067 = ( GEOMETRIC_REPRESENTATION_CONTEXT(2) 
PARAMETRIC_REPRESENTATION_CONTEXT() REPRESENTATION_CONTEXT('2D SPACE',''
  ) );
#10068 = ORIENTED_EDGE('',*,*,#2943,.F.);
#10069 = ADVANCED_FACE('',(#10070),#3109,.T.);
#10070 = FACE_BOUND('',#10071,.T.);
#10071 = EDGE_LOOP('',(#10072,#10095,#10116,#10117));
#10072 = ORIENTED_EDGE('',*,*,#10073,.T.);
#10073 = EDGE_CURVE('',#3064,#10074,#10076,.T.);
#10074 = VERTEX_POINT('',#10075);
#10075 = CARTESIAN_POINT('',(-60.96337890625,-9.897827148438,1.7));
#10076 = SURFACE_CURVE('',#10077,(#10081,#10088),.PCURVE_S1.);
#10077 = LINE('',#10078,#10079);
#10078 = CARTESIAN_POINT('',(-60.96337890625,-9.897827148438,2.5));
#10079 = VECTOR('',#10080,1.);
#10080 = DIRECTION('',(-0.,-0.,-1.));
#10081 = PCURVE('',#3109,#10082);
#10082 = DEFINITIONAL_REPRESENTATION('',(#10083),#10087);
#10083 = LINE('',#10084,#10085);
#10084 = CARTESIAN_POINT('',(0.,0.));
#10085 = VECTOR('',#10086,1.);
#10086 = DIRECTION('',(0.,-1.));
#10087 = ( GEOMETRIC_REPRESENTATION_CONTEXT(2) 
PARAMETRIC_REPRESENTATION_CONTEXT() REPRESENTATION_CONTEXT('2D SPACE',''
  ) );
#10088 = PCURVE('',#3079,#10089);
#10089 = DEFINITIONAL_REPRESENTATION('',(#10090),#10094);
#10090 = LINE('',#10091,#10092);
#10091 = CARTESIAN_POINT('',(1.,0.));
#10092 = VECTOR('',#10093,1.);
#10093 = DIRECTION('',(0.,-1.));
#10094 = ( GEOMETRIC_REPRESENTATION_CONTEXT(2) 
PARAMETRIC_REPRESENTATION_CONTEXT() REPRESENTATION_CONTEXT('2D SPACE',''
  ) );
#10095 = ORIENTED_EDGE('',*,*,#10096,.T.);
#10096 = EDGE_CURVE('',#10074,#9976,#10097,.T.);
#10097 = SURFACE_CURVE('',#10098,(#10102,#10109),.PCURVE_S1.);
#10098 = B_SPLINE_CURVE_WITH_KNOTS('',2,(#10099,#10100,#10101),
  .UNSPECIFIED.,.F.,.F.,(3,3),(0.,1.),.PIECEWISE_BEZIER_KNOTS.);
#10099 = CARTESIAN_POINT('',(-60.96337890625,-9.897827148438,1.7));
#10100 = CARTESIAN_POINT('',(-60.96337890625,-10.46472167968,1.7));
#10101 = CARTESIAN_POINT('',(-61.07983398437,-10.81298828125,1.7));
#10102 = PCURVE('',#3109,#10103);
#10103 = DEFINITIONAL_REPRESENTATION('',(#10104),#10108);
#10104 = LINE('',#10105,#10106);
#10105 = CARTESIAN_POINT('',(0.,-0.8));
#10106 = VECTOR('',#10107,1.);
#10107 = DIRECTION('',(1.,0.));
#10108 = ( GEOMETRIC_REPRESENTATION_CONTEXT(2) 
PARAMETRIC_REPRESENTATION_CONTEXT() REPRESENTATION_CONTEXT('2D SPACE',''
  ) );
#10109 = PCURVE('',#9742,#10110);
#10110 = DEFINITIONAL_REPRESENTATION('',(#10111),#10115);
#10111 = B_SPLINE_CURVE_WITH_KNOTS('',2,(#10112,#10113,#10114),
  .UNSPECIFIED.,.F.,.F.,(3,3),(0.,1.),.PIECEWISE_BEZIER_KNOTS.);
#10112 = CARTESIAN_POINT('',(2.287353515625,1.588623046875));
#10113 = CARTESIAN_POINT('',(2.287353515625,1.021728515625));
#10114 = CARTESIAN_POINT('',(2.1708984375,0.673461914062));
#10115 = ( GEOMETRIC_REPRESENTATION_CONTEXT(2) 
PARAMETRIC_REPRESENTATION_CONTEXT() REPRESENTATION_CONTEXT('2D SPACE',''
  ) );
#10116 = ORIENTED_EDGE('',*,*,#9975,.F.);
#10117 = ORIENTED_EDGE('',*,*,#3093,.F.);
#10118 = ADVANCED_FACE('',(#10119),#2989,.T.);
#10119 = FACE_BOUND('',#10120,.T.);
#10120 = EDGE_LOOP('',(#10121,#10122,#10145,#10166));
#10121 = ORIENTED_EDGE('',*,*,#10048,.T.);
#10122 = ORIENTED_EDGE('',*,*,#10123,.T.);
#10123 = EDGE_CURVE('',#10026,#10124,#10126,.T.);
#10124 = VERTEX_POINT('',#10125);
#10125 = CARTESIAN_POINT('',(-61.55883789062,-8.3564453125,1.7));
#10126 = SURFACE_CURVE('',#10127,(#10131,#10138),.PCURVE_S1.);
#10127 = B_SPLINE_CURVE_WITH_KNOTS('',2,(#10128,#10129,#10130),
  .UNSPECIFIED.,.F.,.F.,(3,3),(0.,1.),.PIECEWISE_BEZIER_KNOTS.);
#10128 = CARTESIAN_POINT('',(-62.013671875,-8.252075195312,1.7));
#10129 = CARTESIAN_POINT('',(-61.75439453125,-8.252075195312,1.7));
#10130 = CARTESIAN_POINT('',(-61.55883789062,-8.3564453125,1.7));
#10131 = PCURVE('',#2989,#10132);
#10132 = DEFINITIONAL_REPRESENTATION('',(#10133),#10137);
#10133 = LINE('',#10134,#10135);
#10134 = CARTESIAN_POINT('',(0.,-0.8));
#10135 = VECTOR('',#10136,1.);
#10136 = DIRECTION('',(1.,0.));
#10137 = ( GEOMETRIC_REPRESENTATION_CONTEXT(2) 
PARAMETRIC_REPRESENTATION_CONTEXT() REPRESENTATION_CONTEXT('2D SPACE',''
  ) );
#10138 = PCURVE('',#9742,#10139);
#10139 = DEFINITIONAL_REPRESENTATION('',(#10140),#10144);
#10140 = B_SPLINE_CURVE_WITH_KNOTS('',2,(#10141,#10142,#10143),
  .UNSPECIFIED.,.F.,.F.,(3,3),(0.,1.),.PIECEWISE_BEZIER_KNOTS.);
#10141 = CARTESIAN_POINT('',(1.237060546875,3.234375));
#10142 = CARTESIAN_POINT('',(1.496337890625,3.234375));
#10143 = CARTESIAN_POINT('',(1.69189453125,3.130004882812));
#10144 = ( GEOMETRIC_REPRESENTATION_CONTEXT(2) 
PARAMETRIC_REPRESENTATION_CONTEXT() REPRESENTATION_CONTEXT('2D SPACE',''
  ) );
#10145 = ORIENTED_EDGE('',*,*,#10146,.F.);
#10146 = EDGE_CURVE('',#2974,#10124,#10147,.T.);
#10147 = SURFACE_CURVE('',#10148,(#10152,#10159),.PCURVE_S1.);
#10148 = LINE('',#10149,#10150);
#10149 = CARTESIAN_POINT('',(-61.55883789062,-8.3564453125,2.5));
#10150 = VECTOR('',#10151,1.);
#10151 = DIRECTION('',(-0.,-0.,-1.));
#10152 = PCURVE('',#2989,#10153);
#10153 = DEFINITIONAL_REPRESENTATION('',(#10154),#10158);
#10154 = LINE('',#10155,#10156);
#10155 = CARTESIAN_POINT('',(1.,0.));
#10156 = VECTOR('',#10157,1.);
#10157 = DIRECTION('',(0.,-1.));
#10158 = ( GEOMETRIC_REPRESENTATION_CONTEXT(2) 
PARAMETRIC_REPRESENTATION_CONTEXT() REPRESENTATION_CONTEXT('2D SPACE',''
  ) );
#10159 = PCURVE('',#3019,#10160);
#10160 = DEFINITIONAL_REPRESENTATION('',(#10161),#10165);
#10161 = LINE('',#10162,#10163);
#10162 = CARTESIAN_POINT('',(0.,0.));
#10163 = VECTOR('',#10164,1.);
#10164 = DIRECTION('',(0.,-1.));
#10165 = ( GEOMETRIC_REPRESENTATION_CONTEXT(2) 
PARAMETRIC_REPRESENTATION_CONTEXT() REPRESENTATION_CONTEXT('2D SPACE',''
  ) );
#10166 = ORIENTED_EDGE('',*,*,#2973,.F.);
#10167 = ADVANCED_FACE('',(#10168),#3079,.T.);
#10168 = FACE_BOUND('',#10169,.T.);
#10169 = EDGE_LOOP('',(#10170,#10193,#10214,#10215));
#10170 = ORIENTED_EDGE('',*,*,#10171,.T.);
#10171 = EDGE_CURVE('',#3034,#10172,#10174,.T.);
#10172 = VERTEX_POINT('',#10173);
#10173 = CARTESIAN_POINT('',(-61.03588867187,-9.136474609375,1.7));
#10174 = SURFACE_CURVE('',#10175,(#10179,#10186),.PCURVE_S1.);
#10175 = LINE('',#10176,#10177);
#10176 = CARTESIAN_POINT('',(-61.03588867187,-9.136474609375,2.5));
#10177 = VECTOR('',#10178,1.);
#10178 = DIRECTION('',(-0.,-0.,-1.));
#10179 = PCURVE('',#3079,#10180);
#10180 = DEFINITIONAL_REPRESENTATION('',(#10181),#10185);
#10181 = LINE('',#10182,#10183);
#10182 = CARTESIAN_POINT('',(0.,0.));
#10183 = VECTOR('',#10184,1.);
#10184 = DIRECTION('',(0.,-1.));
#10185 = ( GEOMETRIC_REPRESENTATION_CONTEXT(2) 
PARAMETRIC_REPRESENTATION_CONTEXT() REPRESENTATION_CONTEXT('2D SPACE',''
  ) );
#10186 = PCURVE('',#3049,#10187);
#10187 = DEFINITIONAL_REPRESENTATION('',(#10188),#10192);
#10188 = LINE('',#10189,#10190);
#10189 = CARTESIAN_POINT('',(1.,0.));
#10190 = VECTOR('',#10191,1.);
#10191 = DIRECTION('',(0.,-1.));
#10192 = ( GEOMETRIC_REPRESENTATION_CONTEXT(2) 
PARAMETRIC_REPRESENTATION_CONTEXT() REPRESENTATION_CONTEXT('2D SPACE',''
  ) );
#10193 = ORIENTED_EDGE('',*,*,#10194,.T.);
#10194 = EDGE_CURVE('',#10172,#10074,#10195,.T.);
#10195 = SURFACE_CURVE('',#10196,(#10200,#10207),.PCURVE_S1.);
#10196 = B_SPLINE_CURVE_WITH_KNOTS('',2,(#10197,#10198,#10199),
  .UNSPECIFIED.,.F.,.F.,(3,3),(0.,1.),.PIECEWISE_BEZIER_KNOTS.);
#10197 = CARTESIAN_POINT('',(-61.03588867187,-9.136474609375,1.7));
#10198 = CARTESIAN_POINT('',(-60.96337890625,-9.418823242188,1.7));
#10199 = CARTESIAN_POINT('',(-60.96337890625,-9.897827148438,1.7));
#10200 = PCURVE('',#3079,#10201);
#10201 = DEFINITIONAL_REPRESENTATION('',(#10202),#10206);
#10202 = LINE('',#10203,#10204);
#10203 = CARTESIAN_POINT('',(0.,-0.8));
#10204 = VECTOR('',#10205,1.);
#10205 = DIRECTION('',(1.,0.));
#10206 = ( GEOMETRIC_REPRESENTATION_CONTEXT(2) 
PARAMETRIC_REPRESENTATION_CONTEXT() REPRESENTATION_CONTEXT('2D SPACE',''
  ) );
#10207 = PCURVE('',#9742,#10208);
#10208 = DEFINITIONAL_REPRESENTATION('',(#10209),#10213);
#10209 = B_SPLINE_CURVE_WITH_KNOTS('',2,(#10210,#10211,#10212),
  .UNSPECIFIED.,.F.,.F.,(3,3),(0.,1.),.PIECEWISE_BEZIER_KNOTS.);
#10210 = CARTESIAN_POINT('',(2.21484375,2.349975585938));
#10211 = CARTESIAN_POINT('',(2.287353515625,2.067626953125));
#10212 = CARTESIAN_POINT('',(2.287353515625,1.588623046875));
#10213 = ( GEOMETRIC_REPRESENTATION_CONTEXT(2) 
PARAMETRIC_REPRESENTATION_CONTEXT() REPRESENTATION_CONTEXT('2D SPACE',''
  ) );
#10214 = ORIENTED_EDGE('',*,*,#10073,.F.);
#10215 = ORIENTED_EDGE('',*,*,#3063,.F.);
#10216 = ADVANCED_FACE('',(#10217),#3019,.T.);
#10217 = FACE_BOUND('',#10218,.T.);
#10218 = EDGE_LOOP('',(#10219,#10220,#10243,#10264));
#10219 = ORIENTED_EDGE('',*,*,#10146,.T.);
#10220 = ORIENTED_EDGE('',*,*,#10221,.T.);
#10221 = EDGE_CURVE('',#10124,#10222,#10224,.T.);
#10222 = VERTEX_POINT('',#10223);
#10223 = CARTESIAN_POINT('',(-61.23583984375,-8.657470703125,1.7));
#10224 = SURFACE_CURVE('',#10225,(#10229,#10236),.PCURVE_S1.);
#10225 = B_SPLINE_CURVE_WITH_KNOTS('',2,(#10226,#10227,#10228),
  .UNSPECIFIED.,.F.,.F.,(3,3),(0.,1.),.PIECEWISE_BEZIER_KNOTS.);
#10226 = CARTESIAN_POINT('',(-61.55883789062,-8.3564453125,1.7));
#10227 = CARTESIAN_POINT('',(-61.36328125,-8.460815429688,1.7));
#10228 = CARTESIAN_POINT('',(-61.23583984375,-8.657470703125,1.7));
#10229 = PCURVE('',#3019,#10230);
#10230 = DEFINITIONAL_REPRESENTATION('',(#10231),#10235);
#10231 = LINE('',#10232,#10233);
#10232 = CARTESIAN_POINT('',(0.,-0.8));
#10233 = VECTOR('',#10234,1.);
#10234 = DIRECTION('',(1.,0.));
#10235 = ( GEOMETRIC_REPRESENTATION_CONTEXT(2) 
PARAMETRIC_REPRESENTATION_CONTEXT() REPRESENTATION_CONTEXT('2D SPACE',''
  ) );
#10236 = PCURVE('',#9742,#10237);
#10237 = DEFINITIONAL_REPRESENTATION('',(#10238),#10242);
#10238 = B_SPLINE_CURVE_WITH_KNOTS('',2,(#10239,#10240,#10241),
  .UNSPECIFIED.,.F.,.F.,(3,3),(0.,1.),.PIECEWISE_BEZIER_KNOTS.);
#10239 = CARTESIAN_POINT('',(1.69189453125,3.130004882812));
#10240 = CARTESIAN_POINT('',(1.887451171875,3.025634765625));
#10241 = CARTESIAN_POINT('',(2.014892578125,2.828979492188));
#10242 = ( GEOMETRIC_REPRESENTATION_CONTEXT(2) 
PARAMETRIC_REPRESENTATION_CONTEXT() REPRESENTATION_CONTEXT('2D SPACE',''
  ) );
#10243 = ORIENTED_EDGE('',*,*,#10244,.F.);
#10244 = EDGE_CURVE('',#3004,#10222,#10245,.T.);
#10245 = SURFACE_CURVE('',#10246,(#10250,#10257),.PCURVE_S1.);
#10246 = LINE('',#10247,#10248);
#10247 = CARTESIAN_POINT('',(-61.23583984375,-8.657470703125,2.5));
#10248 = VECTOR('',#10249,1.);
#10249 = DIRECTION('',(-0.,-0.,-1.));
#10250 = PCURVE('',#3019,#10251);
#10251 = DEFINITIONAL_REPRESENTATION('',(#10252),#10256);
#10252 = LINE('',#10253,#10254);
#10253 = CARTESIAN_POINT('',(1.,0.));
#10254 = VECTOR('',#10255,1.);
#10255 = DIRECTION('',(0.,-1.));
#10256 = ( GEOMETRIC_REPRESENTATION_CONTEXT(2) 
PARAMETRIC_REPRESENTATION_CONTEXT() REPRESENTATION_CONTEXT('2D SPACE',''
  ) );
#10257 = PCURVE('',#3049,#10258);
#10258 = DEFINITIONAL_REPRESENTATION('',(#10259),#10263);
#10259 = LINE('',#10260,#10261);
#10260 = CARTESIAN_POINT('',(0.,0.));
#10261 = VECTOR('',#10262,1.);
#10262 = DIRECTION('',(0.,-1.));
#10263 = ( GEOMETRIC_REPRESENTATION_CONTEXT(2) 
PARAMETRIC_REPRESENTATION_CONTEXT() REPRESENTATION_CONTEXT('2D SPACE',''
  ) );
#10264 = ORIENTED_EDGE('',*,*,#3003,.F.);
#10265 = ADVANCED_FACE('',(#10266),#3049,.T.);
#10266 = FACE_BOUND('',#10267,.T.);
#10267 = EDGE_LOOP('',(#10268,#10269,#10290,#10291));
#10268 = ORIENTED_EDGE('',*,*,#10244,.T.);
#10269 = ORIENTED_EDGE('',*,*,#10270,.T.);
#10270 = EDGE_CURVE('',#10222,#10172,#10271,.T.);
#10271 = SURFACE_CURVE('',#10272,(#10276,#10283),.PCURVE_S1.);
#10272 = B_SPLINE_CURVE_WITH_KNOTS('',2,(#10273,#10274,#10275),
  .UNSPECIFIED.,.F.,.F.,(3,3),(0.,1.),.PIECEWISE_BEZIER_KNOTS.);
#10273 = CARTESIAN_POINT('',(-61.23583984375,-8.657470703125,1.7));
#10274 = CARTESIAN_POINT('',(-61.1083984375,-8.854125976562,1.7));
#10275 = CARTESIAN_POINT('',(-61.03588867187,-9.136474609375,1.7));
#10276 = PCURVE('',#3049,#10277);
#10277 = DEFINITIONAL_REPRESENTATION('',(#10278),#10282);
#10278 = LINE('',#10279,#10280);
#10279 = CARTESIAN_POINT('',(0.,-0.8));
#10280 = VECTOR('',#10281,1.);
#10281 = DIRECTION('',(1.,0.));
#10282 = ( GEOMETRIC_REPRESENTATION_CONTEXT(2) 
PARAMETRIC_REPRESENTATION_CONTEXT() REPRESENTATION_CONTEXT('2D SPACE',''
  ) );
#10283 = PCURVE('',#9742,#10284);
#10284 = DEFINITIONAL_REPRESENTATION('',(#10285),#10289);
#10285 = B_SPLINE_CURVE_WITH_KNOTS('',2,(#10286,#10287,#10288),
  .UNSPECIFIED.,.F.,.F.,(3,3),(0.,1.),.PIECEWISE_BEZIER_KNOTS.);
#10286 = CARTESIAN_POINT('',(2.014892578125,2.828979492188));
#10287 = CARTESIAN_POINT('',(2.142333984375,2.63232421875));
#10288 = CARTESIAN_POINT('',(2.21484375,2.349975585938));
#10289 = ( GEOMETRIC_REPRESENTATION_CONTEXT(2) 
PARAMETRIC_REPRESENTATION_CONTEXT() REPRESENTATION_CONTEXT('2D SPACE',''
  ) );
#10290 = ORIENTED_EDGE('',*,*,#10171,.F.);
#10291 = ORIENTED_EDGE('',*,*,#3033,.F.);
#10292 = ADVANCED_FACE('',(#10293),#3231,.T.);
#10293 = FACE_BOUND('',#10294,.T.);
#10294 = EDGE_LOOP('',(#10295,#10318,#10346,#10367));
#10295 = ORIENTED_EDGE('',*,*,#10296,.T.);
#10296 = EDGE_CURVE('',#3214,#10297,#10299,.T.);
#10297 = VERTEX_POINT('',#10298);
#10298 = CARTESIAN_POINT('',(-32.33178710937,-8.252075195312,1.7));
#10299 = SURFACE_CURVE('',#10300,(#10304,#10311),.PCURVE_S1.);
#10300 = LINE('',#10301,#10302);
#10301 = CARTESIAN_POINT('',(-32.33178710937,-8.252075195312,2.5));
#10302 = VECTOR('',#10303,1.);
#10303 = DIRECTION('',(-0.,-0.,-1.));
#10304 = PCURVE('',#3231,#10305);
#10305 = DEFINITIONAL_REPRESENTATION('',(#10306),#10310);
#10306 = LINE('',#10307,#10308);
#10307 = CARTESIAN_POINT('',(0.,0.));
#10308 = VECTOR('',#10309,1.);
#10309 = DIRECTION('',(0.,-1.));
#10310 = ( GEOMETRIC_REPRESENTATION_CONTEXT(2) 
PARAMETRIC_REPRESENTATION_CONTEXT() REPRESENTATION_CONTEXT('2D SPACE',''
  ) );
#10311 = PCURVE('',#3459,#10312);
#10312 = DEFINITIONAL_REPRESENTATION('',(#10313),#10317);
#10313 = LINE('',#10314,#10315);
#10314 = CARTESIAN_POINT('',(1.,0.));
#10315 = VECTOR('',#10316,1.);
#10316 = DIRECTION('',(0.,-1.));
#10317 = ( GEOMETRIC_REPRESENTATION_CONTEXT(2) 
PARAMETRIC_REPRESENTATION_CONTEXT() REPRESENTATION_CONTEXT('2D SPACE',''
  ) );
#10318 = ORIENTED_EDGE('',*,*,#10319,.T.);
#10319 = EDGE_CURVE('',#10297,#10320,#10322,.T.);
#10320 = VERTEX_POINT('',#10321);
#10321 = CARTESIAN_POINT('',(-32.07690429687,-8.252075195312,1.7));
#10322 = SURFACE_CURVE('',#10323,(#10327,#10334),.PCURVE_S1.);
#10323 = LINE('',#10324,#10325);
#10324 = CARTESIAN_POINT('',(-32.33178710937,-8.252075195312,1.7));
#10325 = VECTOR('',#10326,1.);
#10326 = DIRECTION('',(1.,0.,0.));
#10327 = PCURVE('',#3231,#10328);
#10328 = DEFINITIONAL_REPRESENTATION('',(#10329),#10333);
#10329 = LINE('',#10330,#10331);
#10330 = CARTESIAN_POINT('',(0.,-0.8));
#10331 = VECTOR('',#10332,1.);
#10332 = DIRECTION('',(1.,0.));
#10333 = ( GEOMETRIC_REPRESENTATION_CONTEXT(2) 
PARAMETRIC_REPRESENTATION_CONTEXT() REPRESENTATION_CONTEXT('2D SPACE',''
  ) );
#10334 = PCURVE('',#10335,#10340);
#10335 = PLANE('',#10336);
#10336 = AXIS2_PLACEMENT_3D('',#10337,#10338,#10339);
#10337 = CARTESIAN_POINT('',(-33.75341796875,-11.48645019531,1.7));
#10338 = DIRECTION('',(0.,0.,1.));
#10339 = DIRECTION('',(1.,0.,0.));
#10340 = DEFINITIONAL_REPRESENTATION('',(#10341),#10345);
#10341 = LINE('',#10342,#10343);
#10342 = CARTESIAN_POINT('',(1.421630859375,3.234375));
#10343 = VECTOR('',#10344,1.);
#10344 = DIRECTION('',(1.,0.));
#10345 = ( GEOMETRIC_REPRESENTATION_CONTEXT(2) 
PARAMETRIC_REPRESENTATION_CONTEXT() REPRESENTATION_CONTEXT('2D SPACE',''
  ) );
#10346 = ORIENTED_EDGE('',*,*,#10347,.F.);
#10347 = EDGE_CURVE('',#3216,#10320,#10348,.T.);
#10348 = SURFACE_CURVE('',#10349,(#10353,#10360),.PCURVE_S1.);
#10349 = LINE('',#10350,#10351);
#10350 = CARTESIAN_POINT('',(-32.07690429687,-8.252075195312,2.5));
#10351 = VECTOR('',#10352,1.);
#10352 = DIRECTION('',(-0.,-0.,-1.));
#10353 = PCURVE('',#3231,#10354);
#10354 = DEFINITIONAL_REPRESENTATION('',(#10355),#10359);
#10355 = LINE('',#10356,#10357);
#10356 = CARTESIAN_POINT('',(0.2548828125,0.));
#10357 = VECTOR('',#10358,1.);
#10358 = DIRECTION('',(0.,-1.));
#10359 = ( GEOMETRIC_REPRESENTATION_CONTEXT(2) 
PARAMETRIC_REPRESENTATION_CONTEXT() REPRESENTATION_CONTEXT('2D SPACE',''
  ) );
#10360 = PCURVE('',#3259,#10361);
#10361 = DEFINITIONAL_REPRESENTATION('',(#10362),#10366);
#10362 = LINE('',#10363,#10364);
#10363 = CARTESIAN_POINT('',(0.,0.));
#10364 = VECTOR('',#10365,1.);
#10365 = DIRECTION('',(0.,-1.));
#10366 = ( GEOMETRIC_REPRESENTATION_CONTEXT(2) 
PARAMETRIC_REPRESENTATION_CONTEXT() REPRESENTATION_CONTEXT('2D SPACE',''
  ) );
#10367 = ORIENTED_EDGE('',*,*,#3213,.F.);
#10368 = ADVANCED_FACE('',(#10369),#3459,.T.);
#10369 = FACE_BOUND('',#10370,.T.);
#10370 = EDGE_LOOP('',(#10371,#10394,#10415,#10416));
#10371 = ORIENTED_EDGE('',*,*,#10372,.T.);
#10372 = EDGE_CURVE('',#3416,#10373,#10375,.T.);
#10373 = VERTEX_POINT('',#10374);
#10374 = CARTESIAN_POINT('',(-32.68334960937,-8.682739257812,1.7));
#10375 = SURFACE_CURVE('',#10376,(#10380,#10387),.PCURVE_S1.);
#10376 = LINE('',#10377,#10378);
#10377 = CARTESIAN_POINT('',(-32.68334960937,-8.682739257812,2.5));
#10378 = VECTOR('',#10379,1.);
#10379 = DIRECTION('',(-0.,-0.,-1.));
#10380 = PCURVE('',#3459,#10381);
#10381 = DEFINITIONAL_REPRESENTATION('',(#10382),#10386);
#10382 = LINE('',#10383,#10384);
#10383 = CARTESIAN_POINT('',(0.,0.));
#10384 = VECTOR('',#10385,1.);
#10385 = DIRECTION('',(0.,-1.));
#10386 = ( GEOMETRIC_REPRESENTATION_CONTEXT(2) 
PARAMETRIC_REPRESENTATION_CONTEXT() REPRESENTATION_CONTEXT('2D SPACE',''
  ) );
#10387 = PCURVE('',#3431,#10388);
#10388 = DEFINITIONAL_REPRESENTATION('',(#10389),#10393);
#10389 = LINE('',#10390,#10391);
#10390 = CARTESIAN_POINT('',(1.,0.));
#10391 = VECTOR('',#10392,1.);
#10392 = DIRECTION('',(0.,-1.));
#10393 = ( GEOMETRIC_REPRESENTATION_CONTEXT(2) 
PARAMETRIC_REPRESENTATION_CONTEXT() REPRESENTATION_CONTEXT('2D SPACE',''
  ) );
#10394 = ORIENTED_EDGE('',*,*,#10395,.T.);
#10395 = EDGE_CURVE('',#10373,#10297,#10396,.T.);
#10396 = SURFACE_CURVE('',#10397,(#10401,#10408),.PCURVE_S1.);
#10397 = B_SPLINE_CURVE_WITH_KNOTS('',2,(#10398,#10399,#10400),
  .UNSPECIFIED.,.F.,.F.,(3,3),(0.,1.),.PIECEWISE_BEZIER_KNOTS.);
#10398 = CARTESIAN_POINT('',(-32.68334960937,-8.682739257812,1.7));
#10399 = CARTESIAN_POINT('',(-32.43505859375,-8.460815429688,1.7));
#10400 = CARTESIAN_POINT('',(-32.33178710937,-8.252075195312,1.7));
#10401 = PCURVE('',#3459,#10402);
#10402 = DEFINITIONAL_REPRESENTATION('',(#10403),#10407);
#10403 = LINE('',#10404,#10405);
#10404 = CARTESIAN_POINT('',(0.,-0.8));
#10405 = VECTOR('',#10406,1.);
#10406 = DIRECTION('',(1.,0.));
#10407 = ( GEOMETRIC_REPRESENTATION_CONTEXT(2) 
PARAMETRIC_REPRESENTATION_CONTEXT() REPRESENTATION_CONTEXT('2D SPACE',''
  ) );
#10408 = PCURVE('',#10335,#10409);
#10409 = DEFINITIONAL_REPRESENTATION('',(#10410),#10414);
#10410 = B_SPLINE_CURVE_WITH_KNOTS('',2,(#10411,#10412,#10413),
  .UNSPECIFIED.,.F.,.F.,(3,3),(0.,1.),.PIECEWISE_BEZIER_KNOTS.);
#10411 = CARTESIAN_POINT('',(1.070068359375,2.8037109375));
#10412 = CARTESIAN_POINT('',(1.318359375,3.025634765625));
#10413 = CARTESIAN_POINT('',(1.421630859375,3.234375));
#10414 = ( GEOMETRIC_REPRESENTATION_CONTEXT(2) 
PARAMETRIC_REPRESENTATION_CONTEXT() REPRESENTATION_CONTEXT('2D SPACE',''
  ) );
#10415 = ORIENTED_EDGE('',*,*,#10296,.F.);
#10416 = ORIENTED_EDGE('',*,*,#3445,.F.);
#10417 = ADVANCED_FACE('',(#10418),#3259,.T.);
#10418 = FACE_BOUND('',#10419,.T.);
#10419 = EDGE_LOOP('',(#10420,#10421,#10444,#10465));
#10420 = ORIENTED_EDGE('',*,*,#10347,.T.);
#10421 = ORIENTED_EDGE('',*,*,#10422,.T.);
#10422 = EDGE_CURVE('',#10320,#10423,#10425,.T.);
#10423 = VERTEX_POINT('',#10424);
#10424 = CARTESIAN_POINT('',(-32.07690429687,-11.48645019531,1.7));
#10425 = SURFACE_CURVE('',#10426,(#10430,#10437),.PCURVE_S1.);
#10426 = LINE('',#10427,#10428);
#10427 = CARTESIAN_POINT('',(-32.07690429687,-8.252075195312,1.7));
#10428 = VECTOR('',#10429,1.);
#10429 = DIRECTION('',(0.,-1.,0.));
#10430 = PCURVE('',#3259,#10431);
#10431 = DEFINITIONAL_REPRESENTATION('',(#10432),#10436);
#10432 = LINE('',#10433,#10434);
#10433 = CARTESIAN_POINT('',(0.,-0.8));
#10434 = VECTOR('',#10435,1.);
#10435 = DIRECTION('',(1.,0.));
#10436 = ( GEOMETRIC_REPRESENTATION_CONTEXT(2) 
PARAMETRIC_REPRESENTATION_CONTEXT() REPRESENTATION_CONTEXT('2D SPACE',''
  ) );
#10437 = PCURVE('',#10335,#10438);
#10438 = DEFINITIONAL_REPRESENTATION('',(#10439),#10443);
#10439 = LINE('',#10440,#10441);
#10440 = CARTESIAN_POINT('',(1.676513671875,3.234375));
#10441 = VECTOR('',#10442,1.);
#10442 = DIRECTION('',(0.,-1.));
#10443 = ( GEOMETRIC_REPRESENTATION_CONTEXT(2) 
PARAMETRIC_REPRESENTATION_CONTEXT() REPRESENTATION_CONTEXT('2D SPACE',''
  ) );
#10444 = ORIENTED_EDGE('',*,*,#10445,.F.);
#10445 = EDGE_CURVE('',#3244,#10423,#10446,.T.);
#10446 = SURFACE_CURVE('',#10447,(#10451,#10458),.PCURVE_S1.);
#10447 = LINE('',#10448,#10449);
#10448 = CARTESIAN_POINT('',(-32.07690429687,-11.48645019531,2.5));
#10449 = VECTOR('',#10450,1.);
#10450 = DIRECTION('',(-0.,-0.,-1.));
#10451 = PCURVE('',#3259,#10452);
#10452 = DEFINITIONAL_REPRESENTATION('',(#10453),#10457);
#10453 = LINE('',#10454,#10455);
#10454 = CARTESIAN_POINT('',(3.234375,0.));
#10455 = VECTOR('',#10456,1.);
#10456 = DIRECTION('',(0.,-1.));
#10457 = ( GEOMETRIC_REPRESENTATION_CONTEXT(2) 
PARAMETRIC_REPRESENTATION_CONTEXT() REPRESENTATION_CONTEXT('2D SPACE',''
  ) );
#10458 = PCURVE('',#3287,#10459);
#10459 = DEFINITIONAL_REPRESENTATION('',(#10460),#10464);
#10460 = LINE('',#10461,#10462);
#10461 = CARTESIAN_POINT('',(0.,0.));
#10462 = VECTOR('',#10463,1.);
#10463 = DIRECTION('',(0.,-1.));
#10464 = ( GEOMETRIC_REPRESENTATION_CONTEXT(2) 
PARAMETRIC_REPRESENTATION_CONTEXT() REPRESENTATION_CONTEXT('2D SPACE',''
  ) );
#10465 = ORIENTED_EDGE('',*,*,#3243,.F.);
#10466 = ADVANCED_FACE('',(#10467),#3431,.T.);
#10467 = FACE_BOUND('',#10468,.T.);
#10468 = EDGE_LOOP('',(#10469,#10492,#10513,#10514));
#10469 = ORIENTED_EDGE('',*,*,#10470,.T.);
#10470 = EDGE_CURVE('',#3388,#10471,#10473,.T.);
#10471 = VERTEX_POINT('',#10472);
#10472 = CARTESIAN_POINT('',(-33.26342773437,-9.060668945312,1.7));
#10473 = SURFACE_CURVE('',#10474,(#10478,#10485),.PCURVE_S1.);
#10474 = LINE('',#10475,#10476);
#10475 = CARTESIAN_POINT('',(-33.26342773437,-9.060668945312,2.5));
#10476 = VECTOR('',#10477,1.);
#10477 = DIRECTION('',(-0.,-0.,-1.));
#10478 = PCURVE('',#3431,#10479);
#10479 = DEFINITIONAL_REPRESENTATION('',(#10480),#10484);
#10480 = LINE('',#10481,#10482);
#10481 = CARTESIAN_POINT('',(0.,0.));
#10482 = VECTOR('',#10483,1.);
#10483 = DIRECTION('',(0.,-1.));
#10484 = ( GEOMETRIC_REPRESENTATION_CONTEXT(2) 
PARAMETRIC_REPRESENTATION_CONTEXT() REPRESENTATION_CONTEXT('2D SPACE',''
  ) );
#10485 = PCURVE('',#3403,#10486);
#10486 = DEFINITIONAL_REPRESENTATION('',(#10487),#10491);
#10487 = LINE('',#10488,#10489);
#10488 = CARTESIAN_POINT('',(0.38232421875,0.));
#10489 = VECTOR('',#10490,1.);
#10490 = DIRECTION('',(0.,-1.));
#10491 = ( GEOMETRIC_REPRESENTATION_CONTEXT(2) 
PARAMETRIC_REPRESENTATION_CONTEXT() REPRESENTATION_CONTEXT('2D SPACE',''
  ) );
#10492 = ORIENTED_EDGE('',*,*,#10493,.T.);
#10493 = EDGE_CURVE('',#10471,#10373,#10494,.T.);
#10494 = SURFACE_CURVE('',#10495,(#10499,#10506),.PCURVE_S1.);
#10495 = B_SPLINE_CURVE_WITH_KNOTS('',2,(#10496,#10497,#10498),
  .UNSPECIFIED.,.F.,.F.,(3,3),(0.,1.),.PIECEWISE_BEZIER_KNOTS.);
#10496 = CARTESIAN_POINT('',(-33.26342773437,-9.060668945312,1.7));
#10497 = CARTESIAN_POINT('',(-32.931640625,-8.904663085938,1.7));
#10498 = CARTESIAN_POINT('',(-32.68334960937,-8.682739257812,1.7));
#10499 = PCURVE('',#3431,#10500);
#10500 = DEFINITIONAL_REPRESENTATION('',(#10501),#10505);
#10501 = LINE('',#10502,#10503);
#10502 = CARTESIAN_POINT('',(0.,-0.8));
#10503 = VECTOR('',#10504,1.);
#10504 = DIRECTION('',(1.,0.));
#10505 = ( GEOMETRIC_REPRESENTATION_CONTEXT(2) 
PARAMETRIC_REPRESENTATION_CONTEXT() REPRESENTATION_CONTEXT('2D SPACE',''
  ) );
#10506 = PCURVE('',#10335,#10507);
#10507 = DEFINITIONAL_REPRESENTATION('',(#10508),#10512);
#10508 = B_SPLINE_CURVE_WITH_KNOTS('',2,(#10509,#10510,#10511),
  .UNSPECIFIED.,.F.,.F.,(3,3),(0.,1.),.PIECEWISE_BEZIER_KNOTS.);
#10509 = CARTESIAN_POINT('',(0.489990234375,2.42578125));
#10510 = CARTESIAN_POINT('',(0.82177734375,2.581787109375));
#10511 = CARTESIAN_POINT('',(1.070068359375,2.8037109375));
#10512 = ( GEOMETRIC_REPRESENTATION_CONTEXT(2) 
PARAMETRIC_REPRESENTATION_CONTEXT() REPRESENTATION_CONTEXT('2D SPACE',''
  ) );
#10513 = ORIENTED_EDGE('',*,*,#10372,.F.);
#10514 = ORIENTED_EDGE('',*,*,#3415,.F.);
#10515 = ADVANCED_FACE('',(#10516),#3287,.T.);
#10516 = FACE_BOUND('',#10517,.T.);
#10517 = EDGE_LOOP('',(#10518,#10519,#10542,#10563));
#10518 = ORIENTED_EDGE('',*,*,#10445,.T.);
#10519 = ORIENTED_EDGE('',*,*,#10520,.T.);
#10520 = EDGE_CURVE('',#10423,#10521,#10523,.T.);
#10521 = VERTEX_POINT('',#10522);
#10522 = CARTESIAN_POINT('',(-32.47241210937,-11.48645019531,1.7));
#10523 = SURFACE_CURVE('',#10524,(#10528,#10535),.PCURVE_S1.);
#10524 = LINE('',#10525,#10526);
#10525 = CARTESIAN_POINT('',(-32.07690429687,-11.48645019531,1.7));
#10526 = VECTOR('',#10527,1.);
#10527 = DIRECTION('',(-1.,0.,0.));
#10528 = PCURVE('',#3287,#10529);
#10529 = DEFINITIONAL_REPRESENTATION('',(#10530),#10534);
#10530 = LINE('',#10531,#10532);
#10531 = CARTESIAN_POINT('',(0.,-0.8));
#10532 = VECTOR('',#10533,1.);
#10533 = DIRECTION('',(1.,0.));
#10534 = ( GEOMETRIC_REPRESENTATION_CONTEXT(2) 
PARAMETRIC_REPRESENTATION_CONTEXT() REPRESENTATION_CONTEXT('2D SPACE',''
  ) );
#10535 = PCURVE('',#10335,#10536);
#10536 = DEFINITIONAL_REPRESENTATION('',(#10537),#10541);
#10537 = LINE('',#10538,#10539);
#10538 = CARTESIAN_POINT('',(1.676513671875,0.));
#10539 = VECTOR('',#10540,1.);
#10540 = DIRECTION('',(-1.,0.));
#10541 = ( GEOMETRIC_REPRESENTATION_CONTEXT(2) 
PARAMETRIC_REPRESENTATION_CONTEXT() REPRESENTATION_CONTEXT('2D SPACE',''
  ) );
#10542 = ORIENTED_EDGE('',*,*,#10543,.F.);
#10543 = EDGE_CURVE('',#3272,#10521,#10544,.T.);
#10544 = SURFACE_CURVE('',#10545,(#10549,#10556),.PCURVE_S1.);
#10545 = LINE('',#10546,#10547);
#10546 = CARTESIAN_POINT('',(-32.47241210937,-11.48645019531,2.5));
#10547 = VECTOR('',#10548,1.);
#10548 = DIRECTION('',(-0.,-0.,-1.));
#10549 = PCURVE('',#3287,#10550);
#10550 = DEFINITIONAL_REPRESENTATION('',(#10551),#10555);
#10551 = LINE('',#10552,#10553);
#10552 = CARTESIAN_POINT('',(0.3955078125,0.));
#10553 = VECTOR('',#10554,1.);
#10554 = DIRECTION('',(0.,-1.));
#10555 = ( GEOMETRIC_REPRESENTATION_CONTEXT(2) 
PARAMETRIC_REPRESENTATION_CONTEXT() REPRESENTATION_CONTEXT('2D SPACE',''
  ) );
#10556 = PCURVE('',#3315,#10557);
#10557 = DEFINITIONAL_REPRESENTATION('',(#10558),#10562);
#10558 = LINE('',#10559,#10560);
#10559 = CARTESIAN_POINT('',(0.,0.));
#10560 = VECTOR('',#10561,1.);
#10561 = DIRECTION('',(0.,-1.));
#10562 = ( GEOMETRIC_REPRESENTATION_CONTEXT(2) 
PARAMETRIC_REPRESENTATION_CONTEXT() REPRESENTATION_CONTEXT('2D SPACE',''
  ) );
#10563 = ORIENTED_EDGE('',*,*,#3271,.F.);
#10564 = ADVANCED_FACE('',(#10565),#3403,.T.);
#10565 = FACE_BOUND('',#10566,.T.);
#10566 = EDGE_LOOP('',(#10567,#10590,#10611,#10612));
#10567 = ORIENTED_EDGE('',*,*,#10568,.T.);
#10568 = EDGE_CURVE('',#3358,#10569,#10571,.T.);
#10569 = VERTEX_POINT('',#10570);
#10570 = CARTESIAN_POINT('',(-33.26342773437,-9.442993164062,1.7));
#10571 = SURFACE_CURVE('',#10572,(#10576,#10583),.PCURVE_S1.);
#10572 = LINE('',#10573,#10574);
#10573 = CARTESIAN_POINT('',(-33.26342773437,-9.442993164062,2.5));
#10574 = VECTOR('',#10575,1.);
#10575 = DIRECTION('',(-0.,-0.,-1.));
#10576 = PCURVE('',#3403,#10577);
#10577 = DEFINITIONAL_REPRESENTATION('',(#10578),#10582);
#10578 = LINE('',#10579,#10580);
#10579 = CARTESIAN_POINT('',(0.,0.));
#10580 = VECTOR('',#10581,1.);
#10581 = DIRECTION('',(0.,-1.));
#10582 = ( GEOMETRIC_REPRESENTATION_CONTEXT(2) 
PARAMETRIC_REPRESENTATION_CONTEXT() REPRESENTATION_CONTEXT('2D SPACE',''
  ) );
#10583 = PCURVE('',#3373,#10584);
#10584 = DEFINITIONAL_REPRESENTATION('',(#10585),#10589);
#10585 = LINE('',#10586,#10587);
#10586 = CARTESIAN_POINT('',(1.,0.));
#10587 = VECTOR('',#10588,1.);
#10588 = DIRECTION('',(0.,-1.));
#10589 = ( GEOMETRIC_REPRESENTATION_CONTEXT(2) 
PARAMETRIC_REPRESENTATION_CONTEXT() REPRESENTATION_CONTEXT('2D SPACE',''
  ) );
#10590 = ORIENTED_EDGE('',*,*,#10591,.T.);
#10591 = EDGE_CURVE('',#10569,#10471,#10592,.T.);
#10592 = SURFACE_CURVE('',#10593,(#10597,#10604),.PCURVE_S1.);
#10593 = LINE('',#10594,#10595);
#10594 = CARTESIAN_POINT('',(-33.26342773437,-9.442993164062,1.7));
#10595 = VECTOR('',#10596,1.);
#10596 = DIRECTION('',(0.,1.,0.));
#10597 = PCURVE('',#3403,#10598);
#10598 = DEFINITIONAL_REPRESENTATION('',(#10599),#10603);
#10599 = LINE('',#10600,#10601);
#10600 = CARTESIAN_POINT('',(0.,-0.8));
#10601 = VECTOR('',#10602,1.);
#10602 = DIRECTION('',(1.,0.));
#10603 = ( GEOMETRIC_REPRESENTATION_CONTEXT(2) 
PARAMETRIC_REPRESENTATION_CONTEXT() REPRESENTATION_CONTEXT('2D SPACE',''
  ) );
#10604 = PCURVE('',#10335,#10605);
#10605 = DEFINITIONAL_REPRESENTATION('',(#10606),#10610);
#10606 = LINE('',#10607,#10608);
#10607 = CARTESIAN_POINT('',(0.489990234375,2.04345703125));
#10608 = VECTOR('',#10609,1.);
#10609 = DIRECTION('',(0.,1.));
#10610 = ( GEOMETRIC_REPRESENTATION_CONTEXT(2) 
PARAMETRIC_REPRESENTATION_CONTEXT() REPRESENTATION_CONTEXT('2D SPACE',''
  ) );
#10611 = ORIENTED_EDGE('',*,*,#10470,.F.);
#10612 = ORIENTED_EDGE('',*,*,#3387,.F.);
#10613 = ADVANCED_FACE('',(#10614),#3315,.T.);
#10614 = FACE_BOUND('',#10615,.T.);
#10615 = EDGE_LOOP('',(#10616,#10617,#10640,#10661));
#10616 = ORIENTED_EDGE('',*,*,#10543,.T.);
#10617 = ORIENTED_EDGE('',*,*,#10618,.T.);
#10618 = EDGE_CURVE('',#10521,#10619,#10621,.T.);
#10619 = VERTEX_POINT('',#10620);
#10620 = CARTESIAN_POINT('',(-32.47241210937,-8.966186523438,1.7));
#10621 = SURFACE_CURVE('',#10622,(#10626,#10633),.PCURVE_S1.);
#10622 = LINE('',#10623,#10624);
#10623 = CARTESIAN_POINT('',(-32.47241210937,-11.48645019531,1.7));
#10624 = VECTOR('',#10625,1.);
#10625 = DIRECTION('',(0.,1.,0.));
#10626 = PCURVE('',#3315,#10627);
#10627 = DEFINITIONAL_REPRESENTATION('',(#10628),#10632);
#10628 = LINE('',#10629,#10630);
#10629 = CARTESIAN_POINT('',(0.,-0.8));
#10630 = VECTOR('',#10631,1.);
#10631 = DIRECTION('',(1.,0.));
#10632 = ( GEOMETRIC_REPRESENTATION_CONTEXT(2) 
PARAMETRIC_REPRESENTATION_CONTEXT() REPRESENTATION_CONTEXT('2D SPACE',''
  ) );
#10633 = PCURVE('',#10335,#10634);
#10634 = DEFINITIONAL_REPRESENTATION('',(#10635),#10639);
#10635 = LINE('',#10636,#10637);
#10636 = CARTESIAN_POINT('',(1.281005859375,0.));
#10637 = VECTOR('',#10638,1.);
#10638 = DIRECTION('',(0.,1.));
#10639 = ( GEOMETRIC_REPRESENTATION_CONTEXT(2) 
PARAMETRIC_REPRESENTATION_CONTEXT() REPRESENTATION_CONTEXT('2D SPACE',''
  ) );
#10640 = ORIENTED_EDGE('',*,*,#10641,.F.);
#10641 = EDGE_CURVE('',#3300,#10619,#10642,.T.);
#10642 = SURFACE_CURVE('',#10643,(#10647,#10654),.PCURVE_S1.);
#10643 = LINE('',#10644,#10645);
#10644 = CARTESIAN_POINT('',(-32.47241210937,-8.966186523438,2.5));
#10645 = VECTOR('',#10646,1.);
#10646 = DIRECTION('',(-0.,-0.,-1.));
#10647 = PCURVE('',#3315,#10648);
#10648 = DEFINITIONAL_REPRESENTATION('',(#10649),#10653);
#10649 = LINE('',#10650,#10651);
#10650 = CARTESIAN_POINT('',(2.520263671875,0.));
#10651 = VECTOR('',#10652,1.);
#10652 = DIRECTION('',(0.,-1.));
#10653 = ( GEOMETRIC_REPRESENTATION_CONTEXT(2) 
PARAMETRIC_REPRESENTATION_CONTEXT() REPRESENTATION_CONTEXT('2D SPACE',''
  ) );
#10654 = PCURVE('',#3343,#10655);
#10655 = DEFINITIONAL_REPRESENTATION('',(#10656),#10660);
#10656 = LINE('',#10657,#10658);
#10657 = CARTESIAN_POINT('',(0.,0.));
#10658 = VECTOR('',#10659,1.);
#10659 = DIRECTION('',(0.,-1.));
#10660 = ( GEOMETRIC_REPRESENTATION_CONTEXT(2) 
PARAMETRIC_REPRESENTATION_CONTEXT() REPRESENTATION_CONTEXT('2D SPACE',''
  ) );
#10661 = ORIENTED_EDGE('',*,*,#3299,.F.);
#10662 = ADVANCED_FACE('',(#10663),#3373,.T.);
#10663 = FACE_BOUND('',#10664,.T.);
#10664 = EDGE_LOOP('',(#10665,#10688,#10709,#10710));
#10665 = ORIENTED_EDGE('',*,*,#10666,.T.);
#10666 = EDGE_CURVE('',#3328,#10667,#10669,.T.);
#10667 = VERTEX_POINT('',#10668);
#10668 = CARTESIAN_POINT('',(-32.84704589843,-9.238647460938,1.7));
#10669 = SURFACE_CURVE('',#10670,(#10674,#10681),.PCURVE_S1.);
#10670 = LINE('',#10671,#10672);
#10671 = CARTESIAN_POINT('',(-32.84704589843,-9.238647460938,2.5));
#10672 = VECTOR('',#10673,1.);
#10673 = DIRECTION('',(-0.,-0.,-1.));
#10674 = PCURVE('',#3373,#10675);
#10675 = DEFINITIONAL_REPRESENTATION('',(#10676),#10680);
#10676 = LINE('',#10677,#10678);
#10677 = CARTESIAN_POINT('',(0.,0.));
#10678 = VECTOR('',#10679,1.);
#10679 = DIRECTION('',(0.,-1.));
#10680 = ( GEOMETRIC_REPRESENTATION_CONTEXT(2) 
PARAMETRIC_REPRESENTATION_CONTEXT() REPRESENTATION_CONTEXT('2D SPACE',''
  ) );
#10681 = PCURVE('',#3343,#10682);
#10682 = DEFINITIONAL_REPRESENTATION('',(#10683),#10687);
#10683 = LINE('',#10684,#10685);
#10684 = CARTESIAN_POINT('',(1.,0.));
#10685 = VECTOR('',#10686,1.);
#10686 = DIRECTION('',(0.,-1.));
#10687 = ( GEOMETRIC_REPRESENTATION_CONTEXT(2) 
PARAMETRIC_REPRESENTATION_CONTEXT() REPRESENTATION_CONTEXT('2D SPACE',''
  ) );
#10688 = ORIENTED_EDGE('',*,*,#10689,.T.);
#10689 = EDGE_CURVE('',#10667,#10569,#10690,.T.);
#10690 = SURFACE_CURVE('',#10691,(#10695,#10702),.PCURVE_S1.);
#10691 = B_SPLINE_CURVE_WITH_KNOTS('',2,(#10692,#10693,#10694),
  .UNSPECIFIED.,.F.,.F.,(3,3),(0.,1.),.PIECEWISE_BEZIER_KNOTS.);
#10692 = CARTESIAN_POINT('',(-32.84704589843,-9.238647460938,1.7));
#10693 = CARTESIAN_POINT('',(-33.07885742187,-9.374877929688,1.7));
#10694 = CARTESIAN_POINT('',(-33.26342773437,-9.442993164062,1.7));
#10695 = PCURVE('',#3373,#10696);
#10696 = DEFINITIONAL_REPRESENTATION('',(#10697),#10701);
#10697 = LINE('',#10698,#10699);
#10698 = CARTESIAN_POINT('',(0.,-0.8));
#10699 = VECTOR('',#10700,1.);
#10700 = DIRECTION('',(1.,0.));
#10701 = ( GEOMETRIC_REPRESENTATION_CONTEXT(2) 
PARAMETRIC_REPRESENTATION_CONTEXT() REPRESENTATION_CONTEXT('2D SPACE',''
  ) );
#10702 = PCURVE('',#10335,#10703);
#10703 = DEFINITIONAL_REPRESENTATION('',(#10704),#10708);
#10704 = B_SPLINE_CURVE_WITH_KNOTS('',2,(#10705,#10706,#10707),
  .UNSPECIFIED.,.F.,.F.,(3,3),(0.,1.),.PIECEWISE_BEZIER_KNOTS.);
#10705 = CARTESIAN_POINT('',(0.906372070312,2.247802734375));
#10706 = CARTESIAN_POINT('',(0.674560546875,2.111572265625));
#10707 = CARTESIAN_POINT('',(0.489990234375,2.04345703125));
#10708 = ( GEOMETRIC_REPRESENTATION_CONTEXT(2) 
PARAMETRIC_REPRESENTATION_CONTEXT() REPRESENTATION_CONTEXT('2D SPACE',''
  ) );
#10709 = ORIENTED_EDGE('',*,*,#10568,.F.);
#10710 = ORIENTED_EDGE('',*,*,#3357,.F.);
#10711 = ADVANCED_FACE('',(#10712),#3343,.T.);
#10712 = FACE_BOUND('',#10713,.T.);
#10713 = EDGE_LOOP('',(#10714,#10715,#10736,#10737));
#10714 = ORIENTED_EDGE('',*,*,#10641,.T.);
#10715 = ORIENTED_EDGE('',*,*,#10716,.T.);
#10716 = EDGE_CURVE('',#10619,#10667,#10717,.T.);
#10717 = SURFACE_CURVE('',#10718,(#10722,#10729),.PCURVE_S1.);
#10718 = B_SPLINE_CURVE_WITH_KNOTS('',2,(#10719,#10720,#10721),
  .UNSPECIFIED.,.F.,.F.,(3,3),(0.,1.),.PIECEWISE_BEZIER_KNOTS.);
#10719 = CARTESIAN_POINT('',(-32.47241210937,-8.966186523438,1.7));
#10720 = CARTESIAN_POINT('',(-32.615234375,-9.102416992188,1.7));
#10721 = CARTESIAN_POINT('',(-32.84704589843,-9.238647460938,1.7));
#10722 = PCURVE('',#3343,#10723);
#10723 = DEFINITIONAL_REPRESENTATION('',(#10724),#10728);
#10724 = LINE('',#10725,#10726);
#10725 = CARTESIAN_POINT('',(0.,-0.8));
#10726 = VECTOR('',#10727,1.);
#10727 = DIRECTION('',(1.,0.));
#10728 = ( GEOMETRIC_REPRESENTATION_CONTEXT(2) 
PARAMETRIC_REPRESENTATION_CONTEXT() REPRESENTATION_CONTEXT('2D SPACE',''
  ) );
#10729 = PCURVE('',#10335,#10730);
#10730 = DEFINITIONAL_REPRESENTATION('',(#10731),#10735);
#10731 = B_SPLINE_CURVE_WITH_KNOTS('',2,(#10732,#10733,#10734),
  .UNSPECIFIED.,.F.,.F.,(3,3),(0.,1.),.PIECEWISE_BEZIER_KNOTS.);
#10732 = CARTESIAN_POINT('',(1.281005859375,2.520263671875));
#10733 = CARTESIAN_POINT('',(1.13818359375,2.384033203125));
#10734 = CARTESIAN_POINT('',(0.906372070312,2.247802734375));
#10735 = ( GEOMETRIC_REPRESENTATION_CONTEXT(2) 
PARAMETRIC_REPRESENTATION_CONTEXT() REPRESENTATION_CONTEXT('2D SPACE',''
  ) );
#10736 = ORIENTED_EDGE('',*,*,#10666,.F.);
#10737 = ORIENTED_EDGE('',*,*,#3327,.F.);
#10738 = ADVANCED_FACE('',(#10739),#3493,.T.);
#10739 = FACE_BOUND('',#10740,.T.);
#10740 = EDGE_LOOP('',(#10741,#10764,#10792,#10813));
#10741 = ORIENTED_EDGE('',*,*,#10742,.T.);
#10742 = EDGE_CURVE('',#3476,#10743,#10745,.T.);
#10743 = VERTEX_POINT('',#10744);
#10744 = CARTESIAN_POINT('',(-30.74536132812,-11.20739746093,1.7));
#10745 = SURFACE_CURVE('',#10746,(#10750,#10757),.PCURVE_S1.);
#10746 = LINE('',#10747,#10748);
#10747 = CARTESIAN_POINT('',(-30.74536132812,-11.20739746093,2.5));
#10748 = VECTOR('',#10749,1.);
#10749 = DIRECTION('',(-0.,-0.,-1.));
#10750 = PCURVE('',#3493,#10751);
#10751 = DEFINITIONAL_REPRESENTATION('',(#10752),#10756);
#10752 = LINE('',#10753,#10754);
#10753 = CARTESIAN_POINT('',(0.,0.));
#10754 = VECTOR('',#10755,1.);
#10755 = DIRECTION('',(0.,-1.));
#10756 = ( GEOMETRIC_REPRESENTATION_CONTEXT(2) 
PARAMETRIC_REPRESENTATION_CONTEXT() REPRESENTATION_CONTEXT('2D SPACE',''
  ) );
#10757 = PCURVE('',#3821,#10758);
#10758 = DEFINITIONAL_REPRESENTATION('',(#10759),#10763);
#10759 = LINE('',#10760,#10761);
#10760 = CARTESIAN_POINT('',(1.,0.));
#10761 = VECTOR('',#10762,1.);
#10762 = DIRECTION('',(0.,-1.));
#10763 = ( GEOMETRIC_REPRESENTATION_CONTEXT(2) 
PARAMETRIC_REPRESENTATION_CONTEXT() REPRESENTATION_CONTEXT('2D SPACE',''
  ) );
#10764 = ORIENTED_EDGE('',*,*,#10765,.T.);
#10765 = EDGE_CURVE('',#10743,#10766,#10768,.T.);
#10766 = VERTEX_POINT('',#10767);
#10767 = CARTESIAN_POINT('',(-31.06396484375,-9.897827148438,1.7));
#10768 = SURFACE_CURVE('',#10769,(#10773,#10780),.PCURVE_S1.);
#10769 = B_SPLINE_CURVE_WITH_KNOTS('',2,(#10770,#10771,#10772),
  .UNSPECIFIED.,.F.,.F.,(3,3),(0.,1.),.PIECEWISE_BEZIER_KNOTS.);
#10770 = CARTESIAN_POINT('',(-30.74536132812,-11.20739746093,1.7));
#10771 = CARTESIAN_POINT('',(-31.06396484375,-10.80529785156,1.7));
#10772 = CARTESIAN_POINT('',(-31.06396484375,-9.897827148438,1.7));
#10773 = PCURVE('',#3493,#10774);
#10774 = DEFINITIONAL_REPRESENTATION('',(#10775),#10779);
#10775 = LINE('',#10776,#10777);
#10776 = CARTESIAN_POINT('',(0.,-0.8));
#10777 = VECTOR('',#10778,1.);
#10778 = DIRECTION('',(1.,0.));
#10779 = ( GEOMETRIC_REPRESENTATION_CONTEXT(2) 
PARAMETRIC_REPRESENTATION_CONTEXT() REPRESENTATION_CONTEXT('2D SPACE',''
  ) );
#10780 = PCURVE('',#10781,#10786);
#10781 = PLANE('',#10782);
#10782 = AXIS2_PLACEMENT_3D('',#10783,#10784,#10785);
#10783 = CARTESIAN_POINT('',(-31.25073242187,-11.48645019531,1.7));
#10784 = DIRECTION('',(0.,0.,1.));
#10785 = DIRECTION('',(1.,0.,0.));
#10786 = DEFINITIONAL_REPRESENTATION('',(#10787),#10791);
#10787 = B_SPLINE_CURVE_WITH_KNOTS('',2,(#10788,#10789,#10790),
  .UNSPECIFIED.,.F.,.F.,(3,3),(0.,1.),.PIECEWISE_BEZIER_KNOTS.);
#10788 = CARTESIAN_POINT('',(0.50537109375,0.279052734375));
#10789 = CARTESIAN_POINT('',(0.186767578125,0.68115234375));
#10790 = CARTESIAN_POINT('',(0.186767578125,1.588623046875));
#10791 = ( GEOMETRIC_REPRESENTATION_CONTEXT(2) 
PARAMETRIC_REPRESENTATION_CONTEXT() REPRESENTATION_CONTEXT('2D SPACE',''
  ) );
#10792 = ORIENTED_EDGE('',*,*,#10793,.F.);
#10793 = EDGE_CURVE('',#3478,#10766,#10794,.T.);
#10794 = SURFACE_CURVE('',#10795,(#10799,#10806),.PCURVE_S1.);
#10795 = LINE('',#10796,#10797);
#10796 = CARTESIAN_POINT('',(-31.06396484375,-9.897827148438,2.5));
#10797 = VECTOR('',#10798,1.);
#10798 = DIRECTION('',(-0.,-0.,-1.));
#10799 = PCURVE('',#3493,#10800);
#10800 = DEFINITIONAL_REPRESENTATION('',(#10801),#10805);
#10801 = LINE('',#10802,#10803);
#10802 = CARTESIAN_POINT('',(1.,0.));
#10803 = VECTOR('',#10804,1.);
#10804 = DIRECTION('',(0.,-1.));
#10805 = ( GEOMETRIC_REPRESENTATION_CONTEXT(2) 
PARAMETRIC_REPRESENTATION_CONTEXT() REPRESENTATION_CONTEXT('2D SPACE',''
  ) );
#10806 = PCURVE('',#3523,#10807);
#10807 = DEFINITIONAL_REPRESENTATION('',(#10808),#10812);
#10808 = LINE('',#10809,#10810);
#10809 = CARTESIAN_POINT('',(0.,0.));
#10810 = VECTOR('',#10811,1.);
#10811 = DIRECTION('',(0.,-1.));
#10812 = ( GEOMETRIC_REPRESENTATION_CONTEXT(2) 
PARAMETRIC_REPRESENTATION_CONTEXT() REPRESENTATION_CONTEXT('2D SPACE',''
  ) );
#10813 = ORIENTED_EDGE('',*,*,#3475,.F.);
#10814 = ADVANCED_FACE('',(#10815),#3821,.T.);
#10815 = FACE_BOUND('',#10816,.T.);
#10816 = EDGE_LOOP('',(#10817,#10840,#10861,#10862));
#10817 = ORIENTED_EDGE('',*,*,#10818,.T.);
#10818 = EDGE_CURVE('',#3778,#10819,#10821,.T.);
#10819 = VERTEX_POINT('',#10820);
#10820 = CARTESIAN_POINT('',(-30.013671875,-11.54138183593,1.7));
#10821 = SURFACE_CURVE('',#10822,(#10826,#10833),.PCURVE_S1.);
#10822 = LINE('',#10823,#10824);
#10823 = CARTESIAN_POINT('',(-30.013671875,-11.54138183593,2.5));
#10824 = VECTOR('',#10825,1.);
#10825 = DIRECTION('',(-0.,-0.,-1.));
#10826 = PCURVE('',#3821,#10827);
#10827 = DEFINITIONAL_REPRESENTATION('',(#10828),#10832);
#10828 = LINE('',#10829,#10830);
#10829 = CARTESIAN_POINT('',(0.,0.));
#10830 = VECTOR('',#10831,1.);
#10831 = DIRECTION('',(0.,-1.));
#10832 = ( GEOMETRIC_REPRESENTATION_CONTEXT(2) 
PARAMETRIC_REPRESENTATION_CONTEXT() REPRESENTATION_CONTEXT('2D SPACE',''
  ) );
#10833 = PCURVE('',#3793,#10834);
#10834 = DEFINITIONAL_REPRESENTATION('',(#10835),#10839);
#10835 = LINE('',#10836,#10837);
#10836 = CARTESIAN_POINT('',(1.,0.));
#10837 = VECTOR('',#10838,1.);
#10838 = DIRECTION('',(0.,-1.));
#10839 = ( GEOMETRIC_REPRESENTATION_CONTEXT(2) 
PARAMETRIC_REPRESENTATION_CONTEXT() REPRESENTATION_CONTEXT('2D SPACE',''
  ) );
#10840 = ORIENTED_EDGE('',*,*,#10841,.T.);
#10841 = EDGE_CURVE('',#10819,#10743,#10842,.T.);
#10842 = SURFACE_CURVE('',#10843,(#10847,#10854),.PCURVE_S1.);
#10843 = B_SPLINE_CURVE_WITH_KNOTS('',2,(#10844,#10845,#10846),
  .UNSPECIFIED.,.F.,.F.,(3,3),(0.,1.),.PIECEWISE_BEZIER_KNOTS.);
#10844 = CARTESIAN_POINT('',(-30.013671875,-11.54138183593,1.7));
#10845 = CARTESIAN_POINT('',(-30.4794921875,-11.54138183593,1.7));
#10846 = CARTESIAN_POINT('',(-30.74536132812,-11.20739746093,1.7));
#10847 = PCURVE('',#3821,#10848);
#10848 = DEFINITIONAL_REPRESENTATION('',(#10849),#10853);
#10849 = LINE('',#10850,#10851);
#10850 = CARTESIAN_POINT('',(0.,-0.8));
#10851 = VECTOR('',#10852,1.);
#10852 = DIRECTION('',(1.,0.));
#10853 = ( GEOMETRIC_REPRESENTATION_CONTEXT(2) 
PARAMETRIC_REPRESENTATION_CONTEXT() REPRESENTATION_CONTEXT('2D SPACE',''
  ) );
#10854 = PCURVE('',#10781,#10855);
#10855 = DEFINITIONAL_REPRESENTATION('',(#10856),#10860);
#10856 = B_SPLINE_CURVE_WITH_KNOTS('',2,(#10857,#10858,#10859),
  .UNSPECIFIED.,.F.,.F.,(3,3),(0.,1.),.PIECEWISE_BEZIER_KNOTS.);
#10857 = CARTESIAN_POINT('',(1.237060546875,-5.4931640625E-02));
#10858 = CARTESIAN_POINT('',(0.771240234375,-5.4931640625E-02));
#10859 = CARTESIAN_POINT('',(0.50537109375,0.279052734375));
#10860 = ( GEOMETRIC_REPRESENTATION_CONTEXT(2) 
PARAMETRIC_REPRESENTATION_CONTEXT() REPRESENTATION_CONTEXT('2D SPACE',''
  ) );
#10861 = ORIENTED_EDGE('',*,*,#10742,.F.);
#10862 = ORIENTED_EDGE('',*,*,#3807,.F.);
#10863 = ADVANCED_FACE('',(#10864),#3523,.T.);
#10864 = FACE_BOUND('',#10865,.T.);
#10865 = EDGE_LOOP('',(#10866,#10867,#10890,#10911));
#10866 = ORIENTED_EDGE('',*,*,#10793,.T.);
#10867 = ORIENTED_EDGE('',*,*,#10868,.T.);
#10868 = EDGE_CURVE('',#10766,#10869,#10871,.T.);
#10869 = VERTEX_POINT('',#10870);
#10870 = CARTESIAN_POINT('',(-30.94641113281,-8.978271484375,1.7));
#10871 = SURFACE_CURVE('',#10872,(#10876,#10883),.PCURVE_S1.);
#10872 = B_SPLINE_CURVE_WITH_KNOTS('',2,(#10873,#10874,#10875),
  .UNSPECIFIED.,.F.,.F.,(3,3),(0.,1.),.PIECEWISE_BEZIER_KNOTS.);
#10873 = CARTESIAN_POINT('',(-31.06396484375,-9.897827148438,1.7));
#10874 = CARTESIAN_POINT('',(-31.06396484375,-9.326538085938,1.7));
#10875 = CARTESIAN_POINT('',(-30.94641113281,-8.978271484375,1.7));
#10876 = PCURVE('',#3523,#10877);
#10877 = DEFINITIONAL_REPRESENTATION('',(#10878),#10882);
#10878 = LINE('',#10879,#10880);
#10879 = CARTESIAN_POINT('',(0.,-0.8));
#10880 = VECTOR('',#10881,1.);
#10881 = DIRECTION('',(1.,0.));
#10882 = ( GEOMETRIC_REPRESENTATION_CONTEXT(2) 
PARAMETRIC_REPRESENTATION_CONTEXT() REPRESENTATION_CONTEXT('2D SPACE',''
  ) );
#10883 = PCURVE('',#10781,#10884);
#10884 = DEFINITIONAL_REPRESENTATION('',(#10885),#10889);
#10885 = B_SPLINE_CURVE_WITH_KNOTS('',2,(#10886,#10887,#10888),
  .UNSPECIFIED.,.F.,.F.,(3,3),(0.,1.),.PIECEWISE_BEZIER_KNOTS.);
#10886 = CARTESIAN_POINT('',(0.186767578125,1.588623046875));
#10887 = CARTESIAN_POINT('',(0.186767578125,2.159912109375));
#10888 = CARTESIAN_POINT('',(0.304321289062,2.508178710938));
#10889 = ( GEOMETRIC_REPRESENTATION_CONTEXT(2) 
PARAMETRIC_REPRESENTATION_CONTEXT() REPRESENTATION_CONTEXT('2D SPACE',''
  ) );
#10890 = ORIENTED_EDGE('',*,*,#10891,.F.);
#10891 = EDGE_CURVE('',#3508,#10869,#10892,.T.);
#10892 = SURFACE_CURVE('',#10893,(#10897,#10904),.PCURVE_S1.);
#10893 = LINE('',#10894,#10895);
#10894 = CARTESIAN_POINT('',(-30.94641113281,-8.978271484375,2.5));
#10895 = VECTOR('',#10896,1.);
#10896 = DIRECTION('',(-0.,-0.,-1.));
#10897 = PCURVE('',#3523,#10898);
#10898 = DEFINITIONAL_REPRESENTATION('',(#10899),#10903);
#10899 = LINE('',#10900,#10901);
#10900 = CARTESIAN_POINT('',(1.,0.));
#10901 = VECTOR('',#10902,1.);
#10902 = DIRECTION('',(0.,-1.));
#10903 = ( GEOMETRIC_REPRESENTATION_CONTEXT(2) 
PARAMETRIC_REPRESENTATION_CONTEXT() REPRESENTATION_CONTEXT('2D SPACE',''
  ) );
#10904 = PCURVE('',#3553,#10905);
#10905 = DEFINITIONAL_REPRESENTATION('',(#10906),#10910);
#10906 = LINE('',#10907,#10908);
#10907 = CARTESIAN_POINT('',(0.,0.));
#10908 = VECTOR('',#10909,1.);
#10909 = DIRECTION('',(0.,-1.));
#10910 = ( GEOMETRIC_REPRESENTATION_CONTEXT(2) 
PARAMETRIC_REPRESENTATION_CONTEXT() REPRESENTATION_CONTEXT('2D SPACE',''
  ) );
#10911 = ORIENTED_EDGE('',*,*,#3507,.F.);
#10912 = ADVANCED_FACE('',(#10913),#3793,.T.);
#10913 = FACE_BOUND('',#10914,.T.);
#10914 = EDGE_LOOP('',(#10915,#10938,#10959,#10960));
#10915 = ORIENTED_EDGE('',*,*,#10916,.T.);
#10916 = EDGE_CURVE('',#3748,#10917,#10919,.T.);
#10917 = VERTEX_POINT('',#10918);
#10918 = CARTESIAN_POINT('',(-29.42810058593,-11.35131835937,1.7));
#10919 = SURFACE_CURVE('',#10920,(#10924,#10931),.PCURVE_S1.);
#10920 = LINE('',#10921,#10922);
#10921 = CARTESIAN_POINT('',(-29.42810058593,-11.35131835937,2.5));
#10922 = VECTOR('',#10923,1.);
#10923 = DIRECTION('',(-0.,-0.,-1.));
#10924 = PCURVE('',#3793,#10925);
#10925 = DEFINITIONAL_REPRESENTATION('',(#10926),#10930);
#10926 = LINE('',#10927,#10928);
#10927 = CARTESIAN_POINT('',(0.,0.));
#10928 = VECTOR('',#10929,1.);
#10929 = DIRECTION('',(0.,-1.));
#10930 = ( GEOMETRIC_REPRESENTATION_CONTEXT(2) 
PARAMETRIC_REPRESENTATION_CONTEXT() REPRESENTATION_CONTEXT('2D SPACE',''
  ) );
#10931 = PCURVE('',#3763,#10932);
#10932 = DEFINITIONAL_REPRESENTATION('',(#10933),#10937);
#10933 = LINE('',#10934,#10935);
#10934 = CARTESIAN_POINT('',(1.,0.));
#10935 = VECTOR('',#10936,1.);
#10936 = DIRECTION('',(0.,-1.));
#10937 = ( GEOMETRIC_REPRESENTATION_CONTEXT(2) 
PARAMETRIC_REPRESENTATION_CONTEXT() REPRESENTATION_CONTEXT('2D SPACE',''
  ) );
#10938 = ORIENTED_EDGE('',*,*,#10939,.T.);
#10939 = EDGE_CURVE('',#10917,#10819,#10940,.T.);
#10940 = SURFACE_CURVE('',#10941,(#10945,#10952),.PCURVE_S1.);
#10941 = B_SPLINE_CURVE_WITH_KNOTS('',2,(#10942,#10943,#10944),
  .UNSPECIFIED.,.F.,.F.,(3,3),(0.,1.),.PIECEWISE_BEZIER_KNOTS.);
#10942 = CARTESIAN_POINT('',(-29.42810058593,-11.35131835937,1.7));
#10943 = CARTESIAN_POINT('',(-29.65991210937,-11.54138183593,1.7));
#10944 = CARTESIAN_POINT('',(-30.013671875,-11.54138183593,1.7));
#10945 = PCURVE('',#3793,#10946);
#10946 = DEFINITIONAL_REPRESENTATION('',(#10947),#10951);
#10947 = LINE('',#10948,#10949);
#10948 = CARTESIAN_POINT('',(0.,-0.8));
#10949 = VECTOR('',#10950,1.);
#10950 = DIRECTION('',(1.,0.));
#10951 = ( GEOMETRIC_REPRESENTATION_CONTEXT(2) 
PARAMETRIC_REPRESENTATION_CONTEXT() REPRESENTATION_CONTEXT('2D SPACE',''
  ) );
#10952 = PCURVE('',#10781,#10953);
#10953 = DEFINITIONAL_REPRESENTATION('',(#10954),#10958);
#10954 = B_SPLINE_CURVE_WITH_KNOTS('',2,(#10955,#10956,#10957),
  .UNSPECIFIED.,.F.,.F.,(3,3),(0.,1.),.PIECEWISE_BEZIER_KNOTS.);
#10955 = CARTESIAN_POINT('',(1.822631835938,0.135131835938));
#10956 = CARTESIAN_POINT('',(1.5908203125,-5.4931640625E-02));
#10957 = CARTESIAN_POINT('',(1.237060546875,-5.4931640625E-02));
#10958 = ( GEOMETRIC_REPRESENTATION_CONTEXT(2) 
PARAMETRIC_REPRESENTATION_CONTEXT() REPRESENTATION_CONTEXT('2D SPACE',''
  ) );
#10959 = ORIENTED_EDGE('',*,*,#10818,.F.);
#10960 = ORIENTED_EDGE('',*,*,#3777,.F.);
#10961 = ADVANCED_FACE('',(#10962),#3553,.T.);
#10962 = FACE_BOUND('',#10963,.T.);
#10963 = EDGE_LOOP('',(#10964,#10965,#10988,#11009));
#10964 = ORIENTED_EDGE('',*,*,#10891,.T.);
#10965 = ORIENTED_EDGE('',*,*,#10966,.T.);
#10966 = EDGE_CURVE('',#10869,#10967,#10969,.T.);
#10967 = VERTEX_POINT('',#10968);
#10968 = CARTESIAN_POINT('',(-30.59704589843,-8.441040039062,1.7));
#10969 = SURFACE_CURVE('',#10970,(#10974,#10981),.PCURVE_S1.);
#10970 = B_SPLINE_CURVE_WITH_KNOTS('',2,(#10971,#10972,#10973),
  .UNSPECIFIED.,.F.,.F.,(3,3),(0.,1.),.PIECEWISE_BEZIER_KNOTS.);
#10971 = CARTESIAN_POINT('',(-30.94641113281,-8.978271484375,1.7));
#10972 = CARTESIAN_POINT('',(-30.82885742187,-8.630004882812,1.7));
#10973 = CARTESIAN_POINT('',(-30.59704589843,-8.441040039062,1.7));
#10974 = PCURVE('',#3553,#10975);
#10975 = DEFINITIONAL_REPRESENTATION('',(#10976),#10980);
#10976 = LINE('',#10977,#10978);
#10977 = CARTESIAN_POINT('',(0.,-0.8));
#10978 = VECTOR('',#10979,1.);
#10979 = DIRECTION('',(1.,0.));
#10980 = ( GEOMETRIC_REPRESENTATION_CONTEXT(2) 
PARAMETRIC_REPRESENTATION_CONTEXT() REPRESENTATION_CONTEXT('2D SPACE',''
  ) );
#10981 = PCURVE('',#10781,#10982);
#10982 = DEFINITIONAL_REPRESENTATION('',(#10983),#10987);
#10983 = B_SPLINE_CURVE_WITH_KNOTS('',2,(#10984,#10985,#10986),
  .UNSPECIFIED.,.F.,.F.,(3,3),(0.,1.),.PIECEWISE_BEZIER_KNOTS.);
#10984 = CARTESIAN_POINT('',(0.304321289062,2.508178710938));
#10985 = CARTESIAN_POINT('',(0.421875,2.8564453125));
#10986 = CARTESIAN_POINT('',(0.653686523438,3.04541015625));
#10987 = ( GEOMETRIC_REPRESENTATION_CONTEXT(2) 
PARAMETRIC_REPRESENTATION_CONTEXT() REPRESENTATION_CONTEXT('2D SPACE',''
  ) );
#10988 = ORIENTED_EDGE('',*,*,#10989,.F.);
#10989 = EDGE_CURVE('',#3538,#10967,#10990,.T.);
#10990 = SURFACE_CURVE('',#10991,(#10995,#11002),.PCURVE_S1.);
#10991 = LINE('',#10992,#10993);
#10992 = CARTESIAN_POINT('',(-30.59704589843,-8.441040039062,2.5));
#10993 = VECTOR('',#10994,1.);
#10994 = DIRECTION('',(-0.,-0.,-1.));
#10995 = PCURVE('',#3553,#10996);
#10996 = DEFINITIONAL_REPRESENTATION('',(#10997),#11001);
#10997 = LINE('',#10998,#10999);
#10998 = CARTESIAN_POINT('',(1.,0.));
#10999 = VECTOR('',#11000,1.);
#11000 = DIRECTION('',(0.,-1.));
#11001 = ( GEOMETRIC_REPRESENTATION_CONTEXT(2) 
PARAMETRIC_REPRESENTATION_CONTEXT() REPRESENTATION_CONTEXT('2D SPACE',''
  ) );
#11002 = PCURVE('',#3583,#11003);
#11003 = DEFINITIONAL_REPRESENTATION('',(#11004),#11008);
#11004 = LINE('',#11005,#11006);
#11005 = CARTESIAN_POINT('',(0.,0.));
#11006 = VECTOR('',#11007,1.);
#11007 = DIRECTION('',(0.,-1.));
#11008 = ( GEOMETRIC_REPRESENTATION_CONTEXT(2) 
PARAMETRIC_REPRESENTATION_CONTEXT() REPRESENTATION_CONTEXT('2D SPACE',''
  ) );
#11009 = ORIENTED_EDGE('',*,*,#3537,.F.);
#11010 = ADVANCED_FACE('',(#11011),#3763,.T.);
#11011 = FACE_BOUND('',#11012,.T.);
#11012 = EDGE_LOOP('',(#11013,#11036,#11057,#11058));
#11013 = ORIENTED_EDGE('',*,*,#11014,.T.);
#11014 = EDGE_CURVE('',#3718,#11015,#11017,.T.);
#11015 = VERTEX_POINT('',#11016);
#11016 = CARTESIAN_POINT('',(-29.07983398437,-10.81298828125,1.7));
#11017 = SURFACE_CURVE('',#11018,(#11022,#11029),.PCURVE_S1.);
#11018 = LINE('',#11019,#11020);
#11019 = CARTESIAN_POINT('',(-29.07983398437,-10.81298828125,2.5));
#11020 = VECTOR('',#11021,1.);
#11021 = DIRECTION('',(-0.,-0.,-1.));
#11022 = PCURVE('',#3763,#11023);
#11023 = DEFINITIONAL_REPRESENTATION('',(#11024),#11028);
#11024 = LINE('',#11025,#11026);
#11025 = CARTESIAN_POINT('',(0.,0.));
#11026 = VECTOR('',#11027,1.);
#11027 = DIRECTION('',(0.,-1.));
#11028 = ( GEOMETRIC_REPRESENTATION_CONTEXT(2) 
PARAMETRIC_REPRESENTATION_CONTEXT() REPRESENTATION_CONTEXT('2D SPACE',''
  ) );
#11029 = PCURVE('',#3733,#11030);
#11030 = DEFINITIONAL_REPRESENTATION('',(#11031),#11035);
#11031 = LINE('',#11032,#11033);
#11032 = CARTESIAN_POINT('',(1.,0.));
#11033 = VECTOR('',#11034,1.);
#11034 = DIRECTION('',(0.,-1.));
#11035 = ( GEOMETRIC_REPRESENTATION_CONTEXT(2) 
PARAMETRIC_REPRESENTATION_CONTEXT() REPRESENTATION_CONTEXT('2D SPACE',''
  ) );
#11036 = ORIENTED_EDGE('',*,*,#11037,.T.);
#11037 = EDGE_CURVE('',#11015,#10917,#11038,.T.);
#11038 = SURFACE_CURVE('',#11039,(#11043,#11050),.PCURVE_S1.);
#11039 = B_SPLINE_CURVE_WITH_KNOTS('',2,(#11040,#11041,#11042),
  .UNSPECIFIED.,.F.,.F.,(3,3),(0.,1.),.PIECEWISE_BEZIER_KNOTS.);
#11040 = CARTESIAN_POINT('',(-29.07983398437,-10.81298828125,1.7));
#11041 = CARTESIAN_POINT('',(-29.1962890625,-11.16125488281,1.7));
#11042 = CARTESIAN_POINT('',(-29.42810058593,-11.35131835937,1.7));
#11043 = PCURVE('',#3763,#11044);
#11044 = DEFINITIONAL_REPRESENTATION('',(#11045),#11049);
#11045 = LINE('',#11046,#11047);
#11046 = CARTESIAN_POINT('',(0.,-0.8));
#11047 = VECTOR('',#11048,1.);
#11048 = DIRECTION('',(1.,0.));
#11049 = ( GEOMETRIC_REPRESENTATION_CONTEXT(2) 
PARAMETRIC_REPRESENTATION_CONTEXT() REPRESENTATION_CONTEXT('2D SPACE',''
  ) );
#11050 = PCURVE('',#10781,#11051);
#11051 = DEFINITIONAL_REPRESENTATION('',(#11052),#11056);
#11052 = B_SPLINE_CURVE_WITH_KNOTS('',2,(#11053,#11054,#11055),
  .UNSPECIFIED.,.F.,.F.,(3,3),(0.,1.),.PIECEWISE_BEZIER_KNOTS.);
#11053 = CARTESIAN_POINT('',(2.1708984375,0.673461914062));
#11054 = CARTESIAN_POINT('',(2.054443359375,0.3251953125));
#11055 = CARTESIAN_POINT('',(1.822631835938,0.135131835938));
#11056 = ( GEOMETRIC_REPRESENTATION_CONTEXT(2) 
PARAMETRIC_REPRESENTATION_CONTEXT() REPRESENTATION_CONTEXT('2D SPACE',''
  ) );
#11057 = ORIENTED_EDGE('',*,*,#10916,.F.);
#11058 = ORIENTED_EDGE('',*,*,#3747,.F.);
#11059 = ADVANCED_FACE('',(#11060),#3583,.T.);
#11060 = FACE_BOUND('',#11061,.T.);
#11061 = EDGE_LOOP('',(#11062,#11063,#11086,#11107));
#11062 = ORIENTED_EDGE('',*,*,#10989,.T.);
#11063 = ORIENTED_EDGE('',*,*,#11064,.T.);
#11064 = EDGE_CURVE('',#10967,#11065,#11067,.T.);
#11065 = VERTEX_POINT('',#11066);
#11066 = CARTESIAN_POINT('',(-30.013671875,-8.252075195312,1.7));
#11067 = SURFACE_CURVE('',#11068,(#11072,#11079),.PCURVE_S1.);
#11068 = B_SPLINE_CURVE_WITH_KNOTS('',2,(#11069,#11070,#11071),
  .UNSPECIFIED.,.F.,.F.,(3,3),(0.,1.),.PIECEWISE_BEZIER_KNOTS.);
#11069 = CARTESIAN_POINT('',(-30.59704589843,-8.441040039062,1.7));
#11070 = CARTESIAN_POINT('',(-30.365234375,-8.252075195312,1.7));
#11071 = CARTESIAN_POINT('',(-30.013671875,-8.252075195312,1.7));
#11072 = PCURVE('',#3583,#11073);
#11073 = DEFINITIONAL_REPRESENTATION('',(#11074),#11078);
#11074 = LINE('',#11075,#11076);
#11075 = CARTESIAN_POINT('',(0.,-0.8));
#11076 = VECTOR('',#11077,1.);
#11077 = DIRECTION('',(1.,0.));
#11078 = ( GEOMETRIC_REPRESENTATION_CONTEXT(2) 
PARAMETRIC_REPRESENTATION_CONTEXT() REPRESENTATION_CONTEXT('2D SPACE',''
  ) );
#11079 = PCURVE('',#10781,#11080);
#11080 = DEFINITIONAL_REPRESENTATION('',(#11081),#11085);
#11081 = B_SPLINE_CURVE_WITH_KNOTS('',2,(#11082,#11083,#11084),
  .UNSPECIFIED.,.F.,.F.,(3,3),(0.,1.),.PIECEWISE_BEZIER_KNOTS.);
#11082 = CARTESIAN_POINT('',(0.653686523438,3.04541015625));
#11083 = CARTESIAN_POINT('',(0.885498046875,3.234375));
#11084 = CARTESIAN_POINT('',(1.237060546875,3.234375));
#11085 = ( GEOMETRIC_REPRESENTATION_CONTEXT(2) 
PARAMETRIC_REPRESENTATION_CONTEXT() REPRESENTATION_CONTEXT('2D SPACE',''
  ) );
#11086 = ORIENTED_EDGE('',*,*,#11087,.F.);
#11087 = EDGE_CURVE('',#3568,#11065,#11088,.T.);
#11088 = SURFACE_CURVE('',#11089,(#11093,#11100),.PCURVE_S1.);
#11089 = LINE('',#11090,#11091);
#11090 = CARTESIAN_POINT('',(-30.013671875,-8.252075195312,2.5));
#11091 = VECTOR('',#11092,1.);
#11092 = DIRECTION('',(-0.,-0.,-1.));
#11093 = PCURVE('',#3583,#11094);
#11094 = DEFINITIONAL_REPRESENTATION('',(#11095),#11099);
#11095 = LINE('',#11096,#11097);
#11096 = CARTESIAN_POINT('',(1.,0.));
#11097 = VECTOR('',#11098,1.);
#11098 = DIRECTION('',(0.,-1.));
#11099 = ( GEOMETRIC_REPRESENTATION_CONTEXT(2) 
PARAMETRIC_REPRESENTATION_CONTEXT() REPRESENTATION_CONTEXT('2D SPACE',''
  ) );
#11100 = PCURVE('',#3613,#11101);
#11101 = DEFINITIONAL_REPRESENTATION('',(#11102),#11106);
#11102 = LINE('',#11103,#11104);
#11103 = CARTESIAN_POINT('',(0.,0.));
#11104 = VECTOR('',#11105,1.);
#11105 = DIRECTION('',(0.,-1.));
#11106 = ( GEOMETRIC_REPRESENTATION_CONTEXT(2) 
PARAMETRIC_REPRESENTATION_CONTEXT() REPRESENTATION_CONTEXT('2D SPACE',''
  ) );
#11107 = ORIENTED_EDGE('',*,*,#3567,.F.);
#11108 = ADVANCED_FACE('',(#11109),#3733,.T.);
#11109 = FACE_BOUND('',#11110,.T.);
#11110 = EDGE_LOOP('',(#11111,#11134,#11155,#11156));
#11111 = ORIENTED_EDGE('',*,*,#11112,.T.);
#11112 = EDGE_CURVE('',#3688,#11113,#11115,.T.);
#11113 = VERTEX_POINT('',#11114);
#11114 = CARTESIAN_POINT('',(-28.96337890625,-9.897827148438,1.7));
#11115 = SURFACE_CURVE('',#11116,(#11120,#11127),.PCURVE_S1.);
#11116 = LINE('',#11117,#11118);
#11117 = CARTESIAN_POINT('',(-28.96337890625,-9.897827148438,2.5));
#11118 = VECTOR('',#11119,1.);
#11119 = DIRECTION('',(-0.,-0.,-1.));
#11120 = PCURVE('',#3733,#11121);
#11121 = DEFINITIONAL_REPRESENTATION('',(#11122),#11126);
#11122 = LINE('',#11123,#11124);
#11123 = CARTESIAN_POINT('',(0.,0.));
#11124 = VECTOR('',#11125,1.);
#11125 = DIRECTION('',(0.,-1.));
#11126 = ( GEOMETRIC_REPRESENTATION_CONTEXT(2) 
PARAMETRIC_REPRESENTATION_CONTEXT() REPRESENTATION_CONTEXT('2D SPACE',''
  ) );
#11127 = PCURVE('',#3703,#11128);
#11128 = DEFINITIONAL_REPRESENTATION('',(#11129),#11133);
#11129 = LINE('',#11130,#11131);
#11130 = CARTESIAN_POINT('',(1.,0.));
#11131 = VECTOR('',#11132,1.);
#11132 = DIRECTION('',(0.,-1.));
#11133 = ( GEOMETRIC_REPRESENTATION_CONTEXT(2) 
PARAMETRIC_REPRESENTATION_CONTEXT() REPRESENTATION_CONTEXT('2D SPACE',''
  ) );
#11134 = ORIENTED_EDGE('',*,*,#11135,.T.);
#11135 = EDGE_CURVE('',#11113,#11015,#11136,.T.);
#11136 = SURFACE_CURVE('',#11137,(#11141,#11148),.PCURVE_S1.);
#11137 = B_SPLINE_CURVE_WITH_KNOTS('',2,(#11138,#11139,#11140),
  .UNSPECIFIED.,.F.,.F.,(3,3),(0.,1.),.PIECEWISE_BEZIER_KNOTS.);
#11138 = CARTESIAN_POINT('',(-28.96337890625,-9.897827148438,1.7));
#11139 = CARTESIAN_POINT('',(-28.96337890625,-10.46472167968,1.7));
#11140 = CARTESIAN_POINT('',(-29.07983398437,-10.81298828125,1.7));
#11141 = PCURVE('',#3733,#11142);
#11142 = DEFINITIONAL_REPRESENTATION('',(#11143),#11147);
#11143 = LINE('',#11144,#11145);
#11144 = CARTESIAN_POINT('',(0.,-0.8));
#11145 = VECTOR('',#11146,1.);
#11146 = DIRECTION('',(1.,0.));
#11147 = ( GEOMETRIC_REPRESENTATION_CONTEXT(2) 
PARAMETRIC_REPRESENTATION_CONTEXT() REPRESENTATION_CONTEXT('2D SPACE',''
  ) );
#11148 = PCURVE('',#10781,#11149);
#11149 = DEFINITIONAL_REPRESENTATION('',(#11150),#11154);
#11150 = B_SPLINE_CURVE_WITH_KNOTS('',2,(#11151,#11152,#11153),
  .UNSPECIFIED.,.F.,.F.,(3,3),(0.,1.),.PIECEWISE_BEZIER_KNOTS.);
#11151 = CARTESIAN_POINT('',(2.287353515625,1.588623046875));
#11152 = CARTESIAN_POINT('',(2.287353515625,1.021728515625));
#11153 = CARTESIAN_POINT('',(2.1708984375,0.673461914062));
#11154 = ( GEOMETRIC_REPRESENTATION_CONTEXT(2) 
PARAMETRIC_REPRESENTATION_CONTEXT() REPRESENTATION_CONTEXT('2D SPACE',''
  ) );
#11155 = ORIENTED_EDGE('',*,*,#11014,.F.);
#11156 = ORIENTED_EDGE('',*,*,#3717,.F.);
#11157 = ADVANCED_FACE('',(#11158),#3613,.T.);
#11158 = FACE_BOUND('',#11159,.T.);
#11159 = EDGE_LOOP('',(#11160,#11161,#11184,#11205));
#11160 = ORIENTED_EDGE('',*,*,#11087,.T.);
#11161 = ORIENTED_EDGE('',*,*,#11162,.T.);
#11162 = EDGE_CURVE('',#11065,#11163,#11165,.T.);
#11163 = VERTEX_POINT('',#11164);
#11164 = CARTESIAN_POINT('',(-29.55883789062,-8.3564453125,1.7));
#11165 = SURFACE_CURVE('',#11166,(#11170,#11177),.PCURVE_S1.);
#11166 = B_SPLINE_CURVE_WITH_KNOTS('',2,(#11167,#11168,#11169),
  .UNSPECIFIED.,.F.,.F.,(3,3),(0.,1.),.PIECEWISE_BEZIER_KNOTS.);
#11167 = CARTESIAN_POINT('',(-30.013671875,-8.252075195312,1.7));
#11168 = CARTESIAN_POINT('',(-29.75439453125,-8.252075195312,1.7));
#11169 = CARTESIAN_POINT('',(-29.55883789062,-8.3564453125,1.7));
#11170 = PCURVE('',#3613,#11171);
#11171 = DEFINITIONAL_REPRESENTATION('',(#11172),#11176);
#11172 = LINE('',#11173,#11174);
#11173 = CARTESIAN_POINT('',(0.,-0.8));
#11174 = VECTOR('',#11175,1.);
#11175 = DIRECTION('',(1.,0.));
#11176 = ( GEOMETRIC_REPRESENTATION_CONTEXT(2) 
PARAMETRIC_REPRESENTATION_CONTEXT() REPRESENTATION_CONTEXT('2D SPACE',''
  ) );
#11177 = PCURVE('',#10781,#11178);
#11178 = DEFINITIONAL_REPRESENTATION('',(#11179),#11183);
#11179 = B_SPLINE_CURVE_WITH_KNOTS('',2,(#11180,#11181,#11182),
  .UNSPECIFIED.,.F.,.F.,(3,3),(0.,1.),.PIECEWISE_BEZIER_KNOTS.);
#11180 = CARTESIAN_POINT('',(1.237060546875,3.234375));
#11181 = CARTESIAN_POINT('',(1.496337890625,3.234375));
#11182 = CARTESIAN_POINT('',(1.69189453125,3.130004882812));
#11183 = ( GEOMETRIC_REPRESENTATION_CONTEXT(2) 
PARAMETRIC_REPRESENTATION_CONTEXT() REPRESENTATION_CONTEXT('2D SPACE',''
  ) );
#11184 = ORIENTED_EDGE('',*,*,#11185,.F.);
#11185 = EDGE_CURVE('',#3598,#11163,#11186,.T.);
#11186 = SURFACE_CURVE('',#11187,(#11191,#11198),.PCURVE_S1.);
#11187 = LINE('',#11188,#11189);
#11188 = CARTESIAN_POINT('',(-29.55883789062,-8.3564453125,2.5));
#11189 = VECTOR('',#11190,1.);
#11190 = DIRECTION('',(-0.,-0.,-1.));
#11191 = PCURVE('',#3613,#11192);
#11192 = DEFINITIONAL_REPRESENTATION('',(#11193),#11197);
#11193 = LINE('',#11194,#11195);
#11194 = CARTESIAN_POINT('',(1.,0.));
#11195 = VECTOR('',#11196,1.);
#11196 = DIRECTION('',(0.,-1.));
#11197 = ( GEOMETRIC_REPRESENTATION_CONTEXT(2) 
PARAMETRIC_REPRESENTATION_CONTEXT() REPRESENTATION_CONTEXT('2D SPACE',''
  ) );
#11198 = PCURVE('',#3643,#11199);
#11199 = DEFINITIONAL_REPRESENTATION('',(#11200),#11204);
#11200 = LINE('',#11201,#11202);
#11201 = CARTESIAN_POINT('',(0.,0.));
#11202 = VECTOR('',#11203,1.);
#11203 = DIRECTION('',(0.,-1.));
#11204 = ( GEOMETRIC_REPRESENTATION_CONTEXT(2) 
PARAMETRIC_REPRESENTATION_CONTEXT() REPRESENTATION_CONTEXT('2D SPACE',''
  ) );
#11205 = ORIENTED_EDGE('',*,*,#3597,.F.);
#11206 = ADVANCED_FACE('',(#11207),#3703,.T.);
#11207 = FACE_BOUND('',#11208,.T.);
#11208 = EDGE_LOOP('',(#11209,#11232,#11253,#11254));
#11209 = ORIENTED_EDGE('',*,*,#11210,.T.);
#11210 = EDGE_CURVE('',#3658,#11211,#11213,.T.);
#11211 = VERTEX_POINT('',#11212);
#11212 = CARTESIAN_POINT('',(-29.03588867187,-9.136474609375,1.7));
#11213 = SURFACE_CURVE('',#11214,(#11218,#11225),.PCURVE_S1.);
#11214 = LINE('',#11215,#11216);
#11215 = CARTESIAN_POINT('',(-29.03588867187,-9.136474609375,2.5));
#11216 = VECTOR('',#11217,1.);
#11217 = DIRECTION('',(-0.,-0.,-1.));
#11218 = PCURVE('',#3703,#11219);
#11219 = DEFINITIONAL_REPRESENTATION('',(#11220),#11224);
#11220 = LINE('',#11221,#11222);
#11221 = CARTESIAN_POINT('',(0.,0.));
#11222 = VECTOR('',#11223,1.);
#11223 = DIRECTION('',(0.,-1.));
#11224 = ( GEOMETRIC_REPRESENTATION_CONTEXT(2) 
PARAMETRIC_REPRESENTATION_CONTEXT() REPRESENTATION_CONTEXT('2D SPACE',''
  ) );
#11225 = PCURVE('',#3673,#11226);
#11226 = DEFINITIONAL_REPRESENTATION('',(#11227),#11231);
#11227 = LINE('',#11228,#11229);
#11228 = CARTESIAN_POINT('',(1.,0.));
#11229 = VECTOR('',#11230,1.);
#11230 = DIRECTION('',(0.,-1.));
#11231 = ( GEOMETRIC_REPRESENTATION_CONTEXT(2) 
PARAMETRIC_REPRESENTATION_CONTEXT() REPRESENTATION_CONTEXT('2D SPACE',''
  ) );
#11232 = ORIENTED_EDGE('',*,*,#11233,.T.);
#11233 = EDGE_CURVE('',#11211,#11113,#11234,.T.);
#11234 = SURFACE_CURVE('',#11235,(#11239,#11246),.PCURVE_S1.);
#11235 = B_SPLINE_CURVE_WITH_KNOTS('',2,(#11236,#11237,#11238),
  .UNSPECIFIED.,.F.,.F.,(3,3),(0.,1.),.PIECEWISE_BEZIER_KNOTS.);
#11236 = CARTESIAN_POINT('',(-29.03588867187,-9.136474609375,1.7));
#11237 = CARTESIAN_POINT('',(-28.96337890625,-9.418823242188,1.7));
#11238 = CARTESIAN_POINT('',(-28.96337890625,-9.897827148438,1.7));
#11239 = PCURVE('',#3703,#11240);
#11240 = DEFINITIONAL_REPRESENTATION('',(#11241),#11245);
#11241 = LINE('',#11242,#11243);
#11242 = CARTESIAN_POINT('',(0.,-0.8));
#11243 = VECTOR('',#11244,1.);
#11244 = DIRECTION('',(1.,0.));
#11245 = ( GEOMETRIC_REPRESENTATION_CONTEXT(2) 
PARAMETRIC_REPRESENTATION_CONTEXT() REPRESENTATION_CONTEXT('2D SPACE',''
  ) );
#11246 = PCURVE('',#10781,#11247);
#11247 = DEFINITIONAL_REPRESENTATION('',(#11248),#11252);
#11248 = B_SPLINE_CURVE_WITH_KNOTS('',2,(#11249,#11250,#11251),
  .UNSPECIFIED.,.F.,.F.,(3,3),(0.,1.),.PIECEWISE_BEZIER_KNOTS.);
#11249 = CARTESIAN_POINT('',(2.21484375,2.349975585938));
#11250 = CARTESIAN_POINT('',(2.287353515625,2.067626953125));
#11251 = CARTESIAN_POINT('',(2.287353515625,1.588623046875));
#11252 = ( GEOMETRIC_REPRESENTATION_CONTEXT(2) 
PARAMETRIC_REPRESENTATION_CONTEXT() REPRESENTATION_CONTEXT('2D SPACE',''
  ) );
#11253 = ORIENTED_EDGE('',*,*,#11112,.F.);
#11254 = ORIENTED_EDGE('',*,*,#3687,.F.);
#11255 = ADVANCED_FACE('',(#11256),#3643,.T.);
#11256 = FACE_BOUND('',#11257,.T.);
#11257 = EDGE_LOOP('',(#11258,#11259,#11282,#11303));
#11258 = ORIENTED_EDGE('',*,*,#11185,.T.);
#11259 = ORIENTED_EDGE('',*,*,#11260,.T.);
#11260 = EDGE_CURVE('',#11163,#11261,#11263,.T.);
#11261 = VERTEX_POINT('',#11262);
#11262 = CARTESIAN_POINT('',(-29.23583984375,-8.657470703125,1.7));
#11263 = SURFACE_CURVE('',#11264,(#11268,#11275),.PCURVE_S1.);
#11264 = B_SPLINE_CURVE_WITH_KNOTS('',2,(#11265,#11266,#11267),
  .UNSPECIFIED.,.F.,.F.,(3,3),(0.,1.),.PIECEWISE_BEZIER_KNOTS.);
#11265 = CARTESIAN_POINT('',(-29.55883789062,-8.3564453125,1.7));
#11266 = CARTESIAN_POINT('',(-29.36328125,-8.460815429688,1.7));
#11267 = CARTESIAN_POINT('',(-29.23583984375,-8.657470703125,1.7));
#11268 = PCURVE('',#3643,#11269);
#11269 = DEFINITIONAL_REPRESENTATION('',(#11270),#11274);
#11270 = LINE('',#11271,#11272);
#11271 = CARTESIAN_POINT('',(0.,-0.8));
#11272 = VECTOR('',#11273,1.);
#11273 = DIRECTION('',(1.,0.));
#11274 = ( GEOMETRIC_REPRESENTATION_CONTEXT(2) 
PARAMETRIC_REPRESENTATION_CONTEXT() REPRESENTATION_CONTEXT('2D SPACE',''
  ) );
#11275 = PCURVE('',#10781,#11276);
#11276 = DEFINITIONAL_REPRESENTATION('',(#11277),#11281);
#11277 = B_SPLINE_CURVE_WITH_KNOTS('',2,(#11278,#11279,#11280),
  .UNSPECIFIED.,.F.,.F.,(3,3),(0.,1.),.PIECEWISE_BEZIER_KNOTS.);
#11278 = CARTESIAN_POINT('',(1.69189453125,3.130004882812));
#11279 = CARTESIAN_POINT('',(1.887451171875,3.025634765625));
#11280 = CARTESIAN_POINT('',(2.014892578125,2.828979492188));
#11281 = ( GEOMETRIC_REPRESENTATION_CONTEXT(2) 
PARAMETRIC_REPRESENTATION_CONTEXT() REPRESENTATION_CONTEXT('2D SPACE',''
  ) );
#11282 = ORIENTED_EDGE('',*,*,#11283,.F.);
#11283 = EDGE_CURVE('',#3628,#11261,#11284,.T.);
#11284 = SURFACE_CURVE('',#11285,(#11289,#11296),.PCURVE_S1.);
#11285 = LINE('',#11286,#11287);
#11286 = CARTESIAN_POINT('',(-29.23583984375,-8.657470703125,2.5));
#11287 = VECTOR('',#11288,1.);
#11288 = DIRECTION('',(-0.,-0.,-1.));
#11289 = PCURVE('',#3643,#11290);
#11290 = DEFINITIONAL_REPRESENTATION('',(#11291),#11295);
#11291 = LINE('',#11292,#11293);
#11292 = CARTESIAN_POINT('',(1.,0.));
#11293 = VECTOR('',#11294,1.);
#11294 = DIRECTION('',(0.,-1.));
#11295 = ( GEOMETRIC_REPRESENTATION_CONTEXT(2) 
PARAMETRIC_REPRESENTATION_CONTEXT() REPRESENTATION_CONTEXT('2D SPACE',''
  ) );
#11296 = PCURVE('',#3673,#11297);
#11297 = DEFINITIONAL_REPRESENTATION('',(#11298),#11302);
#11298 = LINE('',#11299,#11300);
#11299 = CARTESIAN_POINT('',(0.,0.));
#11300 = VECTOR('',#11301,1.);
#11301 = DIRECTION('',(0.,-1.));
#11302 = ( GEOMETRIC_REPRESENTATION_CONTEXT(2) 
PARAMETRIC_REPRESENTATION_CONTEXT() REPRESENTATION_CONTEXT('2D SPACE',''
  ) );
#11303 = ORIENTED_EDGE('',*,*,#3627,.F.);
#11304 = ADVANCED_FACE('',(#11305),#3673,.T.);
#11305 = FACE_BOUND('',#11306,.T.);
#11306 = EDGE_LOOP('',(#11307,#11308,#11329,#11330));
#11307 = ORIENTED_EDGE('',*,*,#11283,.T.);
#11308 = ORIENTED_EDGE('',*,*,#11309,.T.);
#11309 = EDGE_CURVE('',#11261,#11211,#11310,.T.);
#11310 = SURFACE_CURVE('',#11311,(#11315,#11322),.PCURVE_S1.);
#11311 = B_SPLINE_CURVE_WITH_KNOTS('',2,(#11312,#11313,#11314),
  .UNSPECIFIED.,.F.,.F.,(3,3),(0.,1.),.PIECEWISE_BEZIER_KNOTS.);
#11312 = CARTESIAN_POINT('',(-29.23583984375,-8.657470703125,1.7));
#11313 = CARTESIAN_POINT('',(-29.1083984375,-8.854125976562,1.7));
#11314 = CARTESIAN_POINT('',(-29.03588867187,-9.136474609375,1.7));
#11315 = PCURVE('',#3673,#11316);
#11316 = DEFINITIONAL_REPRESENTATION('',(#11317),#11321);
#11317 = LINE('',#11318,#11319);
#11318 = CARTESIAN_POINT('',(0.,-0.8));
#11319 = VECTOR('',#11320,1.);
#11320 = DIRECTION('',(1.,0.));
#11321 = ( GEOMETRIC_REPRESENTATION_CONTEXT(2) 
PARAMETRIC_REPRESENTATION_CONTEXT() REPRESENTATION_CONTEXT('2D SPACE',''
  ) );
#11322 = PCURVE('',#10781,#11323);
#11323 = DEFINITIONAL_REPRESENTATION('',(#11324),#11328);
#11324 = B_SPLINE_CURVE_WITH_KNOTS('',2,(#11325,#11326,#11327),
  .UNSPECIFIED.,.F.,.F.,(3,3),(0.,1.),.PIECEWISE_BEZIER_KNOTS.);
#11325 = CARTESIAN_POINT('',(2.014892578125,2.828979492188));
#11326 = CARTESIAN_POINT('',(2.142333984375,2.63232421875));
#11327 = CARTESIAN_POINT('',(2.21484375,2.349975585938));
#11328 = ( GEOMETRIC_REPRESENTATION_CONTEXT(2) 
PARAMETRIC_REPRESENTATION_CONTEXT() REPRESENTATION_CONTEXT('2D SPACE',''
  ) );
#11329 = ORIENTED_EDGE('',*,*,#11210,.F.);
#11330 = ORIENTED_EDGE('',*,*,#3657,.F.);
#11331 = ADVANCED_FACE('',(#11332),#3855,.T.);
#11332 = FACE_BOUND('',#11333,.T.);
#11333 = EDGE_LOOP('',(#11334,#11357,#11385,#11406));
#11334 = ORIENTED_EDGE('',*,*,#11335,.T.);
#11335 = EDGE_CURVE('',#3838,#11336,#11338,.T.);
#11336 = VERTEX_POINT('',#11337);
#11337 = CARTESIAN_POINT('',(-0.745971679688,-11.20739746093,1.7));
#11338 = SURFACE_CURVE('',#11339,(#11343,#11350),.PCURVE_S1.);
#11339 = LINE('',#11340,#11341);
#11340 = CARTESIAN_POINT('',(-0.745971679688,-11.20739746093,2.5));
#11341 = VECTOR('',#11342,1.);
#11342 = DIRECTION('',(-0.,-0.,-1.));
#11343 = PCURVE('',#3855,#11344);
#11344 = DEFINITIONAL_REPRESENTATION('',(#11345),#11349);
#11345 = LINE('',#11346,#11347);
#11346 = CARTESIAN_POINT('',(0.,0.));
#11347 = VECTOR('',#11348,1.);
#11348 = DIRECTION('',(0.,-1.));
#11349 = ( GEOMETRIC_REPRESENTATION_CONTEXT(2) 
PARAMETRIC_REPRESENTATION_CONTEXT() REPRESENTATION_CONTEXT('2D SPACE',''
  ) );
#11350 = PCURVE('',#4183,#11351);
#11351 = DEFINITIONAL_REPRESENTATION('',(#11352),#11356);
#11352 = LINE('',#11353,#11354);
#11353 = CARTESIAN_POINT('',(1.,0.));
#11354 = VECTOR('',#11355,1.);
#11355 = DIRECTION('',(0.,-1.));
#11356 = ( GEOMETRIC_REPRESENTATION_CONTEXT(2) 
PARAMETRIC_REPRESENTATION_CONTEXT() REPRESENTATION_CONTEXT('2D SPACE',''
  ) );
#11357 = ORIENTED_EDGE('',*,*,#11358,.T.);
#11358 = EDGE_CURVE('',#11336,#11359,#11361,.T.);
#11359 = VERTEX_POINT('',#11360);
#11360 = CARTESIAN_POINT('',(-1.064575195312,-9.897827148438,1.7));
#11361 = SURFACE_CURVE('',#11362,(#11366,#11373),.PCURVE_S1.);
#11362 = B_SPLINE_CURVE_WITH_KNOTS('',2,(#11363,#11364,#11365),
  .UNSPECIFIED.,.F.,.F.,(3,3),(0.,1.),.PIECEWISE_BEZIER_KNOTS.);
#11363 = CARTESIAN_POINT('',(-0.745971679688,-11.20739746093,1.7));
#11364 = CARTESIAN_POINT('',(-1.064575195312,-10.80529785156,1.7));
#11365 = CARTESIAN_POINT('',(-1.064575195312,-9.897827148438,1.7));
#11366 = PCURVE('',#3855,#11367);
#11367 = DEFINITIONAL_REPRESENTATION('',(#11368),#11372);
#11368 = LINE('',#11369,#11370);
#11369 = CARTESIAN_POINT('',(0.,-0.8));
#11370 = VECTOR('',#11371,1.);
#11371 = DIRECTION('',(1.,0.));
#11372 = ( GEOMETRIC_REPRESENTATION_CONTEXT(2) 
PARAMETRIC_REPRESENTATION_CONTEXT() REPRESENTATION_CONTEXT('2D SPACE',''
  ) );
#11373 = PCURVE('',#11374,#11379);
#11374 = PLANE('',#11375);
#11375 = AXIS2_PLACEMENT_3D('',#11376,#11377,#11378);
#11376 = CARTESIAN_POINT('',(-1.251342773438,-11.48645019531,1.7));
#11377 = DIRECTION('',(0.,0.,1.));
#11378 = DIRECTION('',(1.,0.,0.));
#11379 = DEFINITIONAL_REPRESENTATION('',(#11380),#11384);
#11380 = B_SPLINE_CURVE_WITH_KNOTS('',2,(#11381,#11382,#11383),
  .UNSPECIFIED.,.F.,.F.,(3,3),(0.,1.),.PIECEWISE_BEZIER_KNOTS.);
#11381 = CARTESIAN_POINT('',(0.50537109375,0.279052734375));
#11382 = CARTESIAN_POINT('',(0.186767578125,0.68115234375));
#11383 = CARTESIAN_POINT('',(0.186767578125,1.588623046875));
#11384 = ( GEOMETRIC_REPRESENTATION_CONTEXT(2) 
PARAMETRIC_REPRESENTATION_CONTEXT() REPRESENTATION_CONTEXT('2D SPACE',''
  ) );
#11385 = ORIENTED_EDGE('',*,*,#11386,.F.);
#11386 = EDGE_CURVE('',#3840,#11359,#11387,.T.);
#11387 = SURFACE_CURVE('',#11388,(#11392,#11399),.PCURVE_S1.);
#11388 = LINE('',#11389,#11390);
#11389 = CARTESIAN_POINT('',(-1.064575195312,-9.897827148438,2.5));
#11390 = VECTOR('',#11391,1.);
#11391 = DIRECTION('',(-0.,-0.,-1.));
#11392 = PCURVE('',#3855,#11393);
#11393 = DEFINITIONAL_REPRESENTATION('',(#11394),#11398);
#11394 = LINE('',#11395,#11396);
#11395 = CARTESIAN_POINT('',(1.,0.));
#11396 = VECTOR('',#11397,1.);
#11397 = DIRECTION('',(0.,-1.));
#11398 = ( GEOMETRIC_REPRESENTATION_CONTEXT(2) 
PARAMETRIC_REPRESENTATION_CONTEXT() REPRESENTATION_CONTEXT('2D SPACE',''
  ) );
#11399 = PCURVE('',#3885,#11400);
#11400 = DEFINITIONAL_REPRESENTATION('',(#11401),#11405);
#11401 = LINE('',#11402,#11403);
#11402 = CARTESIAN_POINT('',(0.,0.));
#11403 = VECTOR('',#11404,1.);
#11404 = DIRECTION('',(0.,-1.));
#11405 = ( GEOMETRIC_REPRESENTATION_CONTEXT(2) 
PARAMETRIC_REPRESENTATION_CONTEXT() REPRESENTATION_CONTEXT('2D SPACE',''
  ) );
#11406 = ORIENTED_EDGE('',*,*,#3837,.F.);
#11407 = ADVANCED_FACE('',(#11408),#4183,.T.);
#11408 = FACE_BOUND('',#11409,.T.);
#11409 = EDGE_LOOP('',(#11410,#11433,#11454,#11455));
#11410 = ORIENTED_EDGE('',*,*,#11411,.T.);
#11411 = EDGE_CURVE('',#4140,#11412,#11414,.T.);
#11412 = VERTEX_POINT('',#11413);
#11413 = CARTESIAN_POINT('',(-1.42822265625E-02,-11.54138183593,1.7));
#11414 = SURFACE_CURVE('',#11415,(#11419,#11426),.PCURVE_S1.);
#11415 = LINE('',#11416,#11417);
#11416 = CARTESIAN_POINT('',(-1.42822265625E-02,-11.54138183593,2.5));
#11417 = VECTOR('',#11418,1.);
#11418 = DIRECTION('',(-0.,-0.,-1.));
#11419 = PCURVE('',#4183,#11420);
#11420 = DEFINITIONAL_REPRESENTATION('',(#11421),#11425);
#11421 = LINE('',#11422,#11423);
#11422 = CARTESIAN_POINT('',(0.,0.));
#11423 = VECTOR('',#11424,1.);
#11424 = DIRECTION('',(0.,-1.));
#11425 = ( GEOMETRIC_REPRESENTATION_CONTEXT(2) 
PARAMETRIC_REPRESENTATION_CONTEXT() REPRESENTATION_CONTEXT('2D SPACE',''
  ) );
#11426 = PCURVE('',#4155,#11427);
#11427 = DEFINITIONAL_REPRESENTATION('',(#11428),#11432);
#11428 = LINE('',#11429,#11430);
#11429 = CARTESIAN_POINT('',(1.,0.));
#11430 = VECTOR('',#11431,1.);
#11431 = DIRECTION('',(0.,-1.));
#11432 = ( GEOMETRIC_REPRESENTATION_CONTEXT(2) 
PARAMETRIC_REPRESENTATION_CONTEXT() REPRESENTATION_CONTEXT('2D SPACE',''
  ) );
#11433 = ORIENTED_EDGE('',*,*,#11434,.T.);
#11434 = EDGE_CURVE('',#11412,#11336,#11435,.T.);
#11435 = SURFACE_CURVE('',#11436,(#11440,#11447),.PCURVE_S1.);
#11436 = B_SPLINE_CURVE_WITH_KNOTS('',2,(#11437,#11438,#11439),
  .UNSPECIFIED.,.F.,.F.,(3,3),(0.,1.),.PIECEWISE_BEZIER_KNOTS.);
#11437 = CARTESIAN_POINT('',(-1.42822265625E-02,-11.54138183593,1.7));
#11438 = CARTESIAN_POINT('',(-0.480102539062,-11.54138183593,1.7));
#11439 = CARTESIAN_POINT('',(-0.745971679688,-11.20739746093,1.7));
#11440 = PCURVE('',#4183,#11441);
#11441 = DEFINITIONAL_REPRESENTATION('',(#11442),#11446);
#11442 = LINE('',#11443,#11444);
#11443 = CARTESIAN_POINT('',(0.,-0.8));
#11444 = VECTOR('',#11445,1.);
#11445 = DIRECTION('',(1.,0.));
#11446 = ( GEOMETRIC_REPRESENTATION_CONTEXT(2) 
PARAMETRIC_REPRESENTATION_CONTEXT() REPRESENTATION_CONTEXT('2D SPACE',''
  ) );
#11447 = PCURVE('',#11374,#11448);
#11448 = DEFINITIONAL_REPRESENTATION('',(#11449),#11453);
#11449 = B_SPLINE_CURVE_WITH_KNOTS('',2,(#11450,#11451,#11452),
  .UNSPECIFIED.,.F.,.F.,(3,3),(0.,1.),.PIECEWISE_BEZIER_KNOTS.);
#11450 = CARTESIAN_POINT('',(1.237060546875,-5.4931640625E-02));
#11451 = CARTESIAN_POINT('',(0.771240234375,-5.4931640625E-02));
#11452 = CARTESIAN_POINT('',(0.50537109375,0.279052734375));
#11453 = ( GEOMETRIC_REPRESENTATION_CONTEXT(2) 
PARAMETRIC_REPRESENTATION_CONTEXT() REPRESENTATION_CONTEXT('2D SPACE',''
  ) );
#11454 = ORIENTED_EDGE('',*,*,#11335,.F.);
#11455 = ORIENTED_EDGE('',*,*,#4169,.F.);
#11456 = ADVANCED_FACE('',(#11457),#3885,.T.);
#11457 = FACE_BOUND('',#11458,.T.);
#11458 = EDGE_LOOP('',(#11459,#11460,#11483,#11504));
#11459 = ORIENTED_EDGE('',*,*,#11386,.T.);
#11460 = ORIENTED_EDGE('',*,*,#11461,.T.);
#11461 = EDGE_CURVE('',#11359,#11462,#11464,.T.);
#11462 = VERTEX_POINT('',#11463);
#11463 = CARTESIAN_POINT('',(-0.947021484375,-8.978271484375,1.7));
#11464 = SURFACE_CURVE('',#11465,(#11469,#11476),.PCURVE_S1.);
#11465 = B_SPLINE_CURVE_WITH_KNOTS('',2,(#11466,#11467,#11468),
  .UNSPECIFIED.,.F.,.F.,(3,3),(0.,1.),.PIECEWISE_BEZIER_KNOTS.);
#11466 = CARTESIAN_POINT('',(-1.064575195312,-9.897827148438,1.7));
#11467 = CARTESIAN_POINT('',(-1.064575195312,-9.326538085938,1.7));
#11468 = CARTESIAN_POINT('',(-0.947021484375,-8.978271484375,1.7));
#11469 = PCURVE('',#3885,#11470);
#11470 = DEFINITIONAL_REPRESENTATION('',(#11471),#11475);
#11471 = LINE('',#11472,#11473);
#11472 = CARTESIAN_POINT('',(0.,-0.8));
#11473 = VECTOR('',#11474,1.);
#11474 = DIRECTION('',(1.,0.));
#11475 = ( GEOMETRIC_REPRESENTATION_CONTEXT(2) 
PARAMETRIC_REPRESENTATION_CONTEXT() REPRESENTATION_CONTEXT('2D SPACE',''
  ) );
#11476 = PCURVE('',#11374,#11477);
#11477 = DEFINITIONAL_REPRESENTATION('',(#11478),#11482);
#11478 = B_SPLINE_CURVE_WITH_KNOTS('',2,(#11479,#11480,#11481),
  .UNSPECIFIED.,.F.,.F.,(3,3),(0.,1.),.PIECEWISE_BEZIER_KNOTS.);
#11479 = CARTESIAN_POINT('',(0.186767578125,1.588623046875));
#11480 = CARTESIAN_POINT('',(0.186767578125,2.159912109375));
#11481 = CARTESIAN_POINT('',(0.304321289062,2.508178710938));
#11482 = ( GEOMETRIC_REPRESENTATION_CONTEXT(2) 
PARAMETRIC_REPRESENTATION_CONTEXT() REPRESENTATION_CONTEXT('2D SPACE',''
  ) );
#11483 = ORIENTED_EDGE('',*,*,#11484,.F.);
#11484 = EDGE_CURVE('',#3870,#11462,#11485,.T.);
#11485 = SURFACE_CURVE('',#11486,(#11490,#11497),.PCURVE_S1.);
#11486 = LINE('',#11487,#11488);
#11487 = CARTESIAN_POINT('',(-0.947021484375,-8.978271484375,2.5));
#11488 = VECTOR('',#11489,1.);
#11489 = DIRECTION('',(-0.,-0.,-1.));
#11490 = PCURVE('',#3885,#11491);
#11491 = DEFINITIONAL_REPRESENTATION('',(#11492),#11496);
#11492 = LINE('',#11493,#11494);
#11493 = CARTESIAN_POINT('',(1.,0.));
#11494 = VECTOR('',#11495,1.);
#11495 = DIRECTION('',(0.,-1.));
#11496 = ( GEOMETRIC_REPRESENTATION_CONTEXT(2) 
PARAMETRIC_REPRESENTATION_CONTEXT() REPRESENTATION_CONTEXT('2D SPACE',''
  ) );
#11497 = PCURVE('',#3915,#11498);
#11498 = DEFINITIONAL_REPRESENTATION('',(#11499),#11503);
#11499 = LINE('',#11500,#11501);
#11500 = CARTESIAN_POINT('',(0.,0.));
#11501 = VECTOR('',#11502,1.);
#11502 = DIRECTION('',(0.,-1.));
#11503 = ( GEOMETRIC_REPRESENTATION_CONTEXT(2) 
PARAMETRIC_REPRESENTATION_CONTEXT() REPRESENTATION_CONTEXT('2D SPACE',''
  ) );
#11504 = ORIENTED_EDGE('',*,*,#3869,.F.);
#11505 = ADVANCED_FACE('',(#11506),#4155,.T.);
#11506 = FACE_BOUND('',#11507,.T.);
#11507 = EDGE_LOOP('',(#11508,#11531,#11552,#11553));
#11508 = ORIENTED_EDGE('',*,*,#11509,.T.);
#11509 = EDGE_CURVE('',#4110,#11510,#11512,.T.);
#11510 = VERTEX_POINT('',#11511);
#11511 = CARTESIAN_POINT('',(0.5712890625,-11.35131835937,1.7));
#11512 = SURFACE_CURVE('',#11513,(#11517,#11524),.PCURVE_S1.);
#11513 = LINE('',#11514,#11515);
#11514 = CARTESIAN_POINT('',(0.5712890625,-11.35131835937,2.5));
#11515 = VECTOR('',#11516,1.);
#11516 = DIRECTION('',(-0.,-0.,-1.));
#11517 = PCURVE('',#4155,#11518);
#11518 = DEFINITIONAL_REPRESENTATION('',(#11519),#11523);
#11519 = LINE('',#11520,#11521);
#11520 = CARTESIAN_POINT('',(0.,0.));
#11521 = VECTOR('',#11522,1.);
#11522 = DIRECTION('',(0.,-1.));
#11523 = ( GEOMETRIC_REPRESENTATION_CONTEXT(2) 
PARAMETRIC_REPRESENTATION_CONTEXT() REPRESENTATION_CONTEXT('2D SPACE',''
  ) );
#11524 = PCURVE('',#4125,#11525);
#11525 = DEFINITIONAL_REPRESENTATION('',(#11526),#11530);
#11526 = LINE('',#11527,#11528);
#11527 = CARTESIAN_POINT('',(1.,0.));
#11528 = VECTOR('',#11529,1.);
#11529 = DIRECTION('',(0.,-1.));
#11530 = ( GEOMETRIC_REPRESENTATION_CONTEXT(2) 
PARAMETRIC_REPRESENTATION_CONTEXT() REPRESENTATION_CONTEXT('2D SPACE',''
  ) );
#11531 = ORIENTED_EDGE('',*,*,#11532,.T.);
#11532 = EDGE_CURVE('',#11510,#11412,#11533,.T.);
#11533 = SURFACE_CURVE('',#11534,(#11538,#11545),.PCURVE_S1.);
#11534 = B_SPLINE_CURVE_WITH_KNOTS('',2,(#11535,#11536,#11537),
  .UNSPECIFIED.,.F.,.F.,(3,3),(0.,1.),.PIECEWISE_BEZIER_KNOTS.);
#11535 = CARTESIAN_POINT('',(0.5712890625,-11.35131835937,1.7));
#11536 = CARTESIAN_POINT('',(0.339477539062,-11.54138183593,1.7));
#11537 = CARTESIAN_POINT('',(-1.42822265625E-02,-11.54138183593,1.7));
#11538 = PCURVE('',#4155,#11539);
#11539 = DEFINITIONAL_REPRESENTATION('',(#11540),#11544);
#11540 = LINE('',#11541,#11542);
#11541 = CARTESIAN_POINT('',(0.,-0.8));
#11542 = VECTOR('',#11543,1.);
#11543 = DIRECTION('',(1.,0.));
#11544 = ( GEOMETRIC_REPRESENTATION_CONTEXT(2) 
PARAMETRIC_REPRESENTATION_CONTEXT() REPRESENTATION_CONTEXT('2D SPACE',''
  ) );
#11545 = PCURVE('',#11374,#11546);
#11546 = DEFINITIONAL_REPRESENTATION('',(#11547),#11551);
#11547 = B_SPLINE_CURVE_WITH_KNOTS('',2,(#11548,#11549,#11550),
  .UNSPECIFIED.,.F.,.F.,(3,3),(0.,1.),.PIECEWISE_BEZIER_KNOTS.);
#11548 = CARTESIAN_POINT('',(1.822631835938,0.135131835938));
#11549 = CARTESIAN_POINT('',(1.5908203125,-5.4931640625E-02));
#11550 = CARTESIAN_POINT('',(1.237060546875,-5.4931640625E-02));
#11551 = ( GEOMETRIC_REPRESENTATION_CONTEXT(2) 
PARAMETRIC_REPRESENTATION_CONTEXT() REPRESENTATION_CONTEXT('2D SPACE',''
  ) );
#11552 = ORIENTED_EDGE('',*,*,#11411,.F.);
#11553 = ORIENTED_EDGE('',*,*,#4139,.F.);
#11554 = ADVANCED_FACE('',(#11555),#3915,.T.);
#11555 = FACE_BOUND('',#11556,.T.);
#11556 = EDGE_LOOP('',(#11557,#11558,#11581,#11602));
#11557 = ORIENTED_EDGE('',*,*,#11484,.T.);
#11558 = ORIENTED_EDGE('',*,*,#11559,.T.);
#11559 = EDGE_CURVE('',#11462,#11560,#11562,.T.);
#11560 = VERTEX_POINT('',#11561);
#11561 = CARTESIAN_POINT('',(-0.59765625,-8.441040039062,1.7));
#11562 = SURFACE_CURVE('',#11563,(#11567,#11574),.PCURVE_S1.);
#11563 = B_SPLINE_CURVE_WITH_KNOTS('',2,(#11564,#11565,#11566),
  .UNSPECIFIED.,.F.,.F.,(3,3),(0.,1.),.PIECEWISE_BEZIER_KNOTS.);
#11564 = CARTESIAN_POINT('',(-0.947021484375,-8.978271484375,1.7));
#11565 = CARTESIAN_POINT('',(-0.829467773438,-8.630004882812,1.7));
#11566 = CARTESIAN_POINT('',(-0.59765625,-8.441040039062,1.7));
#11567 = PCURVE('',#3915,#11568);
#11568 = DEFINITIONAL_REPRESENTATION('',(#11569),#11573);
#11569 = LINE('',#11570,#11571);
#11570 = CARTESIAN_POINT('',(0.,-0.8));
#11571 = VECTOR('',#11572,1.);
#11572 = DIRECTION('',(1.,0.));
#11573 = ( GEOMETRIC_REPRESENTATION_CONTEXT(2) 
PARAMETRIC_REPRESENTATION_CONTEXT() REPRESENTATION_CONTEXT('2D SPACE',''
  ) );
#11574 = PCURVE('',#11374,#11575);
#11575 = DEFINITIONAL_REPRESENTATION('',(#11576),#11580);
#11576 = B_SPLINE_CURVE_WITH_KNOTS('',2,(#11577,#11578,#11579),
  .UNSPECIFIED.,.F.,.F.,(3,3),(0.,1.),.PIECEWISE_BEZIER_KNOTS.);
#11577 = CARTESIAN_POINT('',(0.304321289062,2.508178710938));
#11578 = CARTESIAN_POINT('',(0.421875,2.8564453125));
#11579 = CARTESIAN_POINT('',(0.653686523438,3.04541015625));
#11580 = ( GEOMETRIC_REPRESENTATION_CONTEXT(2) 
PARAMETRIC_REPRESENTATION_CONTEXT() REPRESENTATION_CONTEXT('2D SPACE',''
  ) );
#11581 = ORIENTED_EDGE('',*,*,#11582,.F.);
#11582 = EDGE_CURVE('',#3900,#11560,#11583,.T.);
#11583 = SURFACE_CURVE('',#11584,(#11588,#11595),.PCURVE_S1.);
#11584 = LINE('',#11585,#11586);
#11585 = CARTESIAN_POINT('',(-0.59765625,-8.441040039062,2.5));
#11586 = VECTOR('',#11587,1.);
#11587 = DIRECTION('',(-0.,-0.,-1.));
#11588 = PCURVE('',#3915,#11589);
#11589 = DEFINITIONAL_REPRESENTATION('',(#11590),#11594);
#11590 = LINE('',#11591,#11592);
#11591 = CARTESIAN_POINT('',(1.,0.));
#11592 = VECTOR('',#11593,1.);
#11593 = DIRECTION('',(0.,-1.));
#11594 = ( GEOMETRIC_REPRESENTATION_CONTEXT(2) 
PARAMETRIC_REPRESENTATION_CONTEXT() REPRESENTATION_CONTEXT('2D SPACE',''
  ) );
#11595 = PCURVE('',#3945,#11596);
#11596 = DEFINITIONAL_REPRESENTATION('',(#11597),#11601);
#11597 = LINE('',#11598,#11599);
#11598 = CARTESIAN_POINT('',(0.,0.));
#11599 = VECTOR('',#11600,1.);
#11600 = DIRECTION('',(0.,-1.));
#11601 = ( GEOMETRIC_REPRESENTATION_CONTEXT(2) 
PARAMETRIC_REPRESENTATION_CONTEXT() REPRESENTATION_CONTEXT('2D SPACE',''
  ) );
#11602 = ORIENTED_EDGE('',*,*,#3899,.F.);
#11603 = ADVANCED_FACE('',(#11604),#4125,.T.);
#11604 = FACE_BOUND('',#11605,.T.);
#11605 = EDGE_LOOP('',(#11606,#11629,#11650,#11651));
#11606 = ORIENTED_EDGE('',*,*,#11607,.T.);
#11607 = EDGE_CURVE('',#4080,#11608,#11610,.T.);
#11608 = VERTEX_POINT('',#11609);
#11609 = CARTESIAN_POINT('',(0.919555664062,-10.81298828125,1.7));
#11610 = SURFACE_CURVE('',#11611,(#11615,#11622),.PCURVE_S1.);
#11611 = LINE('',#11612,#11613);
#11612 = CARTESIAN_POINT('',(0.919555664062,-10.81298828125,2.5));
#11613 = VECTOR('',#11614,1.);
#11614 = DIRECTION('',(-0.,-0.,-1.));
#11615 = PCURVE('',#4125,#11616);
#11616 = DEFINITIONAL_REPRESENTATION('',(#11617),#11621);
#11617 = LINE('',#11618,#11619);
#11618 = CARTESIAN_POINT('',(0.,0.));
#11619 = VECTOR('',#11620,1.);
#11620 = DIRECTION('',(0.,-1.));
#11621 = ( GEOMETRIC_REPRESENTATION_CONTEXT(2) 
PARAMETRIC_REPRESENTATION_CONTEXT() REPRESENTATION_CONTEXT('2D SPACE',''
  ) );
#11622 = PCURVE('',#4095,#11623);
#11623 = DEFINITIONAL_REPRESENTATION('',(#11624),#11628);
#11624 = LINE('',#11625,#11626);
#11625 = CARTESIAN_POINT('',(1.,0.));
#11626 = VECTOR('',#11627,1.);
#11627 = DIRECTION('',(0.,-1.));
#11628 = ( GEOMETRIC_REPRESENTATION_CONTEXT(2) 
PARAMETRIC_REPRESENTATION_CONTEXT() REPRESENTATION_CONTEXT('2D SPACE',''
  ) );
#11629 = ORIENTED_EDGE('',*,*,#11630,.T.);
#11630 = EDGE_CURVE('',#11608,#11510,#11631,.T.);
#11631 = SURFACE_CURVE('',#11632,(#11636,#11643),.PCURVE_S1.);
#11632 = B_SPLINE_CURVE_WITH_KNOTS('',2,(#11633,#11634,#11635),
  .UNSPECIFIED.,.F.,.F.,(3,3),(0.,1.),.PIECEWISE_BEZIER_KNOTS.);
#11633 = CARTESIAN_POINT('',(0.919555664062,-10.81298828125,1.7));
#11634 = CARTESIAN_POINT('',(0.803100585938,-11.16125488281,1.7));
#11635 = CARTESIAN_POINT('',(0.5712890625,-11.35131835937,1.7));
#11636 = PCURVE('',#4125,#11637);
#11637 = DEFINITIONAL_REPRESENTATION('',(#11638),#11642);
#11638 = LINE('',#11639,#11640);
#11639 = CARTESIAN_POINT('',(0.,-0.8));
#11640 = VECTOR('',#11641,1.);
#11641 = DIRECTION('',(1.,0.));
#11642 = ( GEOMETRIC_REPRESENTATION_CONTEXT(2) 
PARAMETRIC_REPRESENTATION_CONTEXT() REPRESENTATION_CONTEXT('2D SPACE',''
  ) );
#11643 = PCURVE('',#11374,#11644);
#11644 = DEFINITIONAL_REPRESENTATION('',(#11645),#11649);
#11645 = B_SPLINE_CURVE_WITH_KNOTS('',2,(#11646,#11647,#11648),
  .UNSPECIFIED.,.F.,.F.,(3,3),(0.,1.),.PIECEWISE_BEZIER_KNOTS.);
#11646 = CARTESIAN_POINT('',(2.1708984375,0.673461914062));
#11647 = CARTESIAN_POINT('',(2.054443359375,0.3251953125));
#11648 = CARTESIAN_POINT('',(1.822631835938,0.135131835938));
#11649 = ( GEOMETRIC_REPRESENTATION_CONTEXT(2) 
PARAMETRIC_REPRESENTATION_CONTEXT() REPRESENTATION_CONTEXT('2D SPACE',''
  ) );
#11650 = ORIENTED_EDGE('',*,*,#11509,.F.);
#11651 = ORIENTED_EDGE('',*,*,#4109,.F.);
#11652 = ADVANCED_FACE('',(#11653),#3945,.T.);
#11653 = FACE_BOUND('',#11654,.T.);
#11654 = EDGE_LOOP('',(#11655,#11656,#11679,#11700));
#11655 = ORIENTED_EDGE('',*,*,#11582,.T.);
#11656 = ORIENTED_EDGE('',*,*,#11657,.T.);
#11657 = EDGE_CURVE('',#11560,#11658,#11660,.T.);
#11658 = VERTEX_POINT('',#11659);
#11659 = CARTESIAN_POINT('',(-1.42822265625E-02,-8.252075195312,1.7));
#11660 = SURFACE_CURVE('',#11661,(#11665,#11672),.PCURVE_S1.);
#11661 = B_SPLINE_CURVE_WITH_KNOTS('',2,(#11662,#11663,#11664),
  .UNSPECIFIED.,.F.,.F.,(3,3),(0.,1.),.PIECEWISE_BEZIER_KNOTS.);
#11662 = CARTESIAN_POINT('',(-0.59765625,-8.441040039062,1.7));
#11663 = CARTESIAN_POINT('',(-0.365844726562,-8.252075195312,1.7));
#11664 = CARTESIAN_POINT('',(-1.42822265625E-02,-8.252075195312,1.7));
#11665 = PCURVE('',#3945,#11666);
#11666 = DEFINITIONAL_REPRESENTATION('',(#11667),#11671);
#11667 = LINE('',#11668,#11669);
#11668 = CARTESIAN_POINT('',(0.,-0.8));
#11669 = VECTOR('',#11670,1.);
#11670 = DIRECTION('',(1.,0.));
#11671 = ( GEOMETRIC_REPRESENTATION_CONTEXT(2) 
PARAMETRIC_REPRESENTATION_CONTEXT() REPRESENTATION_CONTEXT('2D SPACE',''
  ) );
#11672 = PCURVE('',#11374,#11673);
#11673 = DEFINITIONAL_REPRESENTATION('',(#11674),#11678);
#11674 = B_SPLINE_CURVE_WITH_KNOTS('',2,(#11675,#11676,#11677),
  .UNSPECIFIED.,.F.,.F.,(3,3),(0.,1.),.PIECEWISE_BEZIER_KNOTS.);
#11675 = CARTESIAN_POINT('',(0.653686523438,3.04541015625));
#11676 = CARTESIAN_POINT('',(0.885498046875,3.234375));
#11677 = CARTESIAN_POINT('',(1.237060546875,3.234375));
#11678 = ( GEOMETRIC_REPRESENTATION_CONTEXT(2) 
PARAMETRIC_REPRESENTATION_CONTEXT() REPRESENTATION_CONTEXT('2D SPACE',''
  ) );
#11679 = ORIENTED_EDGE('',*,*,#11680,.F.);
#11680 = EDGE_CURVE('',#3930,#11658,#11681,.T.);
#11681 = SURFACE_CURVE('',#11682,(#11686,#11693),.PCURVE_S1.);
#11682 = LINE('',#11683,#11684);
#11683 = CARTESIAN_POINT('',(-1.42822265625E-02,-8.252075195312,2.5));
#11684 = VECTOR('',#11685,1.);
#11685 = DIRECTION('',(-0.,-0.,-1.));
#11686 = PCURVE('',#3945,#11687);
#11687 = DEFINITIONAL_REPRESENTATION('',(#11688),#11692);
#11688 = LINE('',#11689,#11690);
#11689 = CARTESIAN_POINT('',(1.,0.));
#11690 = VECTOR('',#11691,1.);
#11691 = DIRECTION('',(0.,-1.));
#11692 = ( GEOMETRIC_REPRESENTATION_CONTEXT(2) 
PARAMETRIC_REPRESENTATION_CONTEXT() REPRESENTATION_CONTEXT('2D SPACE',''
  ) );
#11693 = PCURVE('',#3975,#11694);
#11694 = DEFINITIONAL_REPRESENTATION('',(#11695),#11699);
#11695 = LINE('',#11696,#11697);
#11696 = CARTESIAN_POINT('',(0.,0.));
#11697 = VECTOR('',#11698,1.);
#11698 = DIRECTION('',(0.,-1.));
#11699 = ( GEOMETRIC_REPRESENTATION_CONTEXT(2) 
PARAMETRIC_REPRESENTATION_CONTEXT() REPRESENTATION_CONTEXT('2D SPACE',''
  ) );
#11700 = ORIENTED_EDGE('',*,*,#3929,.F.);
#11701 = ADVANCED_FACE('',(#11702),#4095,.T.);
#11702 = FACE_BOUND('',#11703,.T.);
#11703 = EDGE_LOOP('',(#11704,#11727,#11748,#11749));
#11704 = ORIENTED_EDGE('',*,*,#11705,.T.);
#11705 = EDGE_CURVE('',#4050,#11706,#11708,.T.);
#11706 = VERTEX_POINT('',#11707);
#11707 = CARTESIAN_POINT('',(1.036010742188,-9.897827148438,1.7));
#11708 = SURFACE_CURVE('',#11709,(#11713,#11720),.PCURVE_S1.);
#11709 = LINE('',#11710,#11711);
#11710 = CARTESIAN_POINT('',(1.036010742188,-9.897827148438,2.5));
#11711 = VECTOR('',#11712,1.);
#11712 = DIRECTION('',(-0.,-0.,-1.));
#11713 = PCURVE('',#4095,#11714);
#11714 = DEFINITIONAL_REPRESENTATION('',(#11715),#11719);
#11715 = LINE('',#11716,#11717);
#11716 = CARTESIAN_POINT('',(0.,0.));
#11717 = VECTOR('',#11718,1.);
#11718 = DIRECTION('',(0.,-1.));
#11719 = ( GEOMETRIC_REPRESENTATION_CONTEXT(2) 
PARAMETRIC_REPRESENTATION_CONTEXT() REPRESENTATION_CONTEXT('2D SPACE',''
  ) );
#11720 = PCURVE('',#4065,#11721);
#11721 = DEFINITIONAL_REPRESENTATION('',(#11722),#11726);
#11722 = LINE('',#11723,#11724);
#11723 = CARTESIAN_POINT('',(1.,0.));
#11724 = VECTOR('',#11725,1.);
#11725 = DIRECTION('',(0.,-1.));
#11726 = ( GEOMETRIC_REPRESENTATION_CONTEXT(2) 
PARAMETRIC_REPRESENTATION_CONTEXT() REPRESENTATION_CONTEXT('2D SPACE',''
  ) );
#11727 = ORIENTED_EDGE('',*,*,#11728,.T.);
#11728 = EDGE_CURVE('',#11706,#11608,#11729,.T.);
#11729 = SURFACE_CURVE('',#11730,(#11734,#11741),.PCURVE_S1.);
#11730 = B_SPLINE_CURVE_WITH_KNOTS('',2,(#11731,#11732,#11733),
  .UNSPECIFIED.,.F.,.F.,(3,3),(0.,1.),.PIECEWISE_BEZIER_KNOTS.);
#11731 = CARTESIAN_POINT('',(1.036010742188,-9.897827148438,1.7));
#11732 = CARTESIAN_POINT('',(1.036010742188,-10.46472167968,1.7));
#11733 = CARTESIAN_POINT('',(0.919555664062,-10.81298828125,1.7));
#11734 = PCURVE('',#4095,#11735);
#11735 = DEFINITIONAL_REPRESENTATION('',(#11736),#11740);
#11736 = LINE('',#11737,#11738);
#11737 = CARTESIAN_POINT('',(0.,-0.8));
#11738 = VECTOR('',#11739,1.);
#11739 = DIRECTION('',(1.,0.));
#11740 = ( GEOMETRIC_REPRESENTATION_CONTEXT(2) 
PARAMETRIC_REPRESENTATION_CONTEXT() REPRESENTATION_CONTEXT('2D SPACE',''
  ) );
#11741 = PCURVE('',#11374,#11742);
#11742 = DEFINITIONAL_REPRESENTATION('',(#11743),#11747);
#11743 = B_SPLINE_CURVE_WITH_KNOTS('',2,(#11744,#11745,#11746),
  .UNSPECIFIED.,.F.,.F.,(3,3),(0.,1.),.PIECEWISE_BEZIER_KNOTS.);
#11744 = CARTESIAN_POINT('',(2.287353515625,1.588623046875));
#11745 = CARTESIAN_POINT('',(2.287353515625,1.021728515625));
#11746 = CARTESIAN_POINT('',(2.1708984375,0.673461914062));
#11747 = ( GEOMETRIC_REPRESENTATION_CONTEXT(2) 
PARAMETRIC_REPRESENTATION_CONTEXT() REPRESENTATION_CONTEXT('2D SPACE',''
  ) );
#11748 = ORIENTED_EDGE('',*,*,#11607,.F.);
#11749 = ORIENTED_EDGE('',*,*,#4079,.F.);
#11750 = ADVANCED_FACE('',(#11751),#3975,.T.);
#11751 = FACE_BOUND('',#11752,.T.);
#11752 = EDGE_LOOP('',(#11753,#11754,#11777,#11798));
#11753 = ORIENTED_EDGE('',*,*,#11680,.T.);
#11754 = ORIENTED_EDGE('',*,*,#11755,.T.);
#11755 = EDGE_CURVE('',#11658,#11756,#11758,.T.);
#11756 = VERTEX_POINT('',#11757);
#11757 = CARTESIAN_POINT('',(0.440551757812,-8.3564453125,1.7));
#11758 = SURFACE_CURVE('',#11759,(#11763,#11770),.PCURVE_S1.);
#11759 = B_SPLINE_CURVE_WITH_KNOTS('',2,(#11760,#11761,#11762),
  .UNSPECIFIED.,.F.,.F.,(3,3),(0.,1.),.PIECEWISE_BEZIER_KNOTS.);
#11760 = CARTESIAN_POINT('',(-1.42822265625E-02,-8.252075195312,1.7));
#11761 = CARTESIAN_POINT('',(0.244995117188,-8.252075195312,1.7));
#11762 = CARTESIAN_POINT('',(0.440551757812,-8.3564453125,1.7));
#11763 = PCURVE('',#3975,#11764);
#11764 = DEFINITIONAL_REPRESENTATION('',(#11765),#11769);
#11765 = LINE('',#11766,#11767);
#11766 = CARTESIAN_POINT('',(0.,-0.8));
#11767 = VECTOR('',#11768,1.);
#11768 = DIRECTION('',(1.,0.));
#11769 = ( GEOMETRIC_REPRESENTATION_CONTEXT(2) 
PARAMETRIC_REPRESENTATION_CONTEXT() REPRESENTATION_CONTEXT('2D SPACE',''
  ) );
#11770 = PCURVE('',#11374,#11771);
#11771 = DEFINITIONAL_REPRESENTATION('',(#11772),#11776);
#11772 = B_SPLINE_CURVE_WITH_KNOTS('',2,(#11773,#11774,#11775),
  .UNSPECIFIED.,.F.,.F.,(3,3),(0.,1.),.PIECEWISE_BEZIER_KNOTS.);
#11773 = CARTESIAN_POINT('',(1.237060546875,3.234375));
#11774 = CARTESIAN_POINT('',(1.496337890625,3.234375));
#11775 = CARTESIAN_POINT('',(1.69189453125,3.130004882812));
#11776 = ( GEOMETRIC_REPRESENTATION_CONTEXT(2) 
PARAMETRIC_REPRESENTATION_CONTEXT() REPRESENTATION_CONTEXT('2D SPACE',''
  ) );
#11777 = ORIENTED_EDGE('',*,*,#11778,.F.);
#11778 = EDGE_CURVE('',#3960,#11756,#11779,.T.);
#11779 = SURFACE_CURVE('',#11780,(#11784,#11791),.PCURVE_S1.);
#11780 = LINE('',#11781,#11782);
#11781 = CARTESIAN_POINT('',(0.440551757812,-8.3564453125,2.5));
#11782 = VECTOR('',#11783,1.);
#11783 = DIRECTION('',(-0.,-0.,-1.));
#11784 = PCURVE('',#3975,#11785);
#11785 = DEFINITIONAL_REPRESENTATION('',(#11786),#11790);
#11786 = LINE('',#11787,#11788);
#11787 = CARTESIAN_POINT('',(1.,0.));
#11788 = VECTOR('',#11789,1.);
#11789 = DIRECTION('',(0.,-1.));
#11790 = ( GEOMETRIC_REPRESENTATION_CONTEXT(2) 
PARAMETRIC_REPRESENTATION_CONTEXT() REPRESENTATION_CONTEXT('2D SPACE',''
  ) );
#11791 = PCURVE('',#4005,#11792);
#11792 = DEFINITIONAL_REPRESENTATION('',(#11793),#11797);
#11793 = LINE('',#11794,#11795);
#11794 = CARTESIAN_POINT('',(0.,0.));
#11795 = VECTOR('',#11796,1.);
#11796 = DIRECTION('',(0.,-1.));
#11797 = ( GEOMETRIC_REPRESENTATION_CONTEXT(2) 
PARAMETRIC_REPRESENTATION_CONTEXT() REPRESENTATION_CONTEXT('2D SPACE',''
  ) );
#11798 = ORIENTED_EDGE('',*,*,#3959,.F.);
#11799 = ADVANCED_FACE('',(#11800),#4065,.T.);
#11800 = FACE_BOUND('',#11801,.T.);
#11801 = EDGE_LOOP('',(#11802,#11825,#11846,#11847));
#11802 = ORIENTED_EDGE('',*,*,#11803,.T.);
#11803 = EDGE_CURVE('',#4020,#11804,#11806,.T.);
#11804 = VERTEX_POINT('',#11805);
#11805 = CARTESIAN_POINT('',(0.963500976562,-9.136474609375,1.7));
#11806 = SURFACE_CURVE('',#11807,(#11811,#11818),.PCURVE_S1.);
#11807 = LINE('',#11808,#11809);
#11808 = CARTESIAN_POINT('',(0.963500976562,-9.136474609375,2.5));
#11809 = VECTOR('',#11810,1.);
#11810 = DIRECTION('',(-0.,-0.,-1.));
#11811 = PCURVE('',#4065,#11812);
#11812 = DEFINITIONAL_REPRESENTATION('',(#11813),#11817);
#11813 = LINE('',#11814,#11815);
#11814 = CARTESIAN_POINT('',(0.,0.));
#11815 = VECTOR('',#11816,1.);
#11816 = DIRECTION('',(0.,-1.));
#11817 = ( GEOMETRIC_REPRESENTATION_CONTEXT(2) 
PARAMETRIC_REPRESENTATION_CONTEXT() REPRESENTATION_CONTEXT('2D SPACE',''
  ) );
#11818 = PCURVE('',#4035,#11819);
#11819 = DEFINITIONAL_REPRESENTATION('',(#11820),#11824);
#11820 = LINE('',#11821,#11822);
#11821 = CARTESIAN_POINT('',(1.,0.));
#11822 = VECTOR('',#11823,1.);
#11823 = DIRECTION('',(0.,-1.));
#11824 = ( GEOMETRIC_REPRESENTATION_CONTEXT(2) 
PARAMETRIC_REPRESENTATION_CONTEXT() REPRESENTATION_CONTEXT('2D SPACE',''
  ) );
#11825 = ORIENTED_EDGE('',*,*,#11826,.T.);
#11826 = EDGE_CURVE('',#11804,#11706,#11827,.T.);
#11827 = SURFACE_CURVE('',#11828,(#11832,#11839),.PCURVE_S1.);
#11828 = B_SPLINE_CURVE_WITH_KNOTS('',2,(#11829,#11830,#11831),
  .UNSPECIFIED.,.F.,.F.,(3,3),(0.,1.),.PIECEWISE_BEZIER_KNOTS.);
#11829 = CARTESIAN_POINT('',(0.963500976562,-9.136474609375,1.7));
#11830 = CARTESIAN_POINT('',(1.036010742188,-9.418823242188,1.7));
#11831 = CARTESIAN_POINT('',(1.036010742188,-9.897827148438,1.7));
#11832 = PCURVE('',#4065,#11833);
#11833 = DEFINITIONAL_REPRESENTATION('',(#11834),#11838);
#11834 = LINE('',#11835,#11836);
#11835 = CARTESIAN_POINT('',(0.,-0.8));
#11836 = VECTOR('',#11837,1.);
#11837 = DIRECTION('',(1.,0.));
#11838 = ( GEOMETRIC_REPRESENTATION_CONTEXT(2) 
PARAMETRIC_REPRESENTATION_CONTEXT() REPRESENTATION_CONTEXT('2D SPACE',''
  ) );
#11839 = PCURVE('',#11374,#11840);
#11840 = DEFINITIONAL_REPRESENTATION('',(#11841),#11845);
#11841 = B_SPLINE_CURVE_WITH_KNOTS('',2,(#11842,#11843,#11844),
  .UNSPECIFIED.,.F.,.F.,(3,3),(0.,1.),.PIECEWISE_BEZIER_KNOTS.);
#11842 = CARTESIAN_POINT('',(2.21484375,2.349975585938));
#11843 = CARTESIAN_POINT('',(2.287353515625,2.067626953125));
#11844 = CARTESIAN_POINT('',(2.287353515625,1.588623046875));
#11845 = ( GEOMETRIC_REPRESENTATION_CONTEXT(2) 
PARAMETRIC_REPRESENTATION_CONTEXT() REPRESENTATION_CONTEXT('2D SPACE',''
  ) );
#11846 = ORIENTED_EDGE('',*,*,#11705,.F.);
#11847 = ORIENTED_EDGE('',*,*,#4049,.F.);
#11848 = ADVANCED_FACE('',(#11849),#4005,.T.);
#11849 = FACE_BOUND('',#11850,.T.);
#11850 = EDGE_LOOP('',(#11851,#11852,#11875,#11896));
#11851 = ORIENTED_EDGE('',*,*,#11778,.T.);
#11852 = ORIENTED_EDGE('',*,*,#11853,.T.);
#11853 = EDGE_CURVE('',#11756,#11854,#11856,.T.);
#11854 = VERTEX_POINT('',#11855);
#11855 = CARTESIAN_POINT('',(0.763549804688,-8.657470703125,1.7));
#11856 = SURFACE_CURVE('',#11857,(#11861,#11868),.PCURVE_S1.);
#11857 = B_SPLINE_CURVE_WITH_KNOTS('',2,(#11858,#11859,#11860),
  .UNSPECIFIED.,.F.,.F.,(3,3),(0.,1.),.PIECEWISE_BEZIER_KNOTS.);
#11858 = CARTESIAN_POINT('',(0.440551757812,-8.3564453125,1.7));
#11859 = CARTESIAN_POINT('',(0.636108398438,-8.460815429688,1.7));
#11860 = CARTESIAN_POINT('',(0.763549804688,-8.657470703125,1.7));
#11861 = PCURVE('',#4005,#11862);
#11862 = DEFINITIONAL_REPRESENTATION('',(#11863),#11867);
#11863 = LINE('',#11864,#11865);
#11864 = CARTESIAN_POINT('',(0.,-0.8));
#11865 = VECTOR('',#11866,1.);
#11866 = DIRECTION('',(1.,0.));
#11867 = ( GEOMETRIC_REPRESENTATION_CONTEXT(2) 
PARAMETRIC_REPRESENTATION_CONTEXT() REPRESENTATION_CONTEXT('2D SPACE',''
  ) );
#11868 = PCURVE('',#11374,#11869);
#11869 = DEFINITIONAL_REPRESENTATION('',(#11870),#11874);
#11870 = B_SPLINE_CURVE_WITH_KNOTS('',2,(#11871,#11872,#11873),
  .UNSPECIFIED.,.F.,.F.,(3,3),(0.,1.),.PIECEWISE_BEZIER_KNOTS.);
#11871 = CARTESIAN_POINT('',(1.69189453125,3.130004882812));
#11872 = CARTESIAN_POINT('',(1.887451171875,3.025634765625));
#11873 = CARTESIAN_POINT('',(2.014892578125,2.828979492188));
#11874 = ( GEOMETRIC_REPRESENTATION_CONTEXT(2) 
PARAMETRIC_REPRESENTATION_CONTEXT() REPRESENTATION_CONTEXT('2D SPACE',''
  ) );
#11875 = ORIENTED_EDGE('',*,*,#11876,.F.);
#11876 = EDGE_CURVE('',#3990,#11854,#11877,.T.);
#11877 = SURFACE_CURVE('',#11878,(#11882,#11889),.PCURVE_S1.);
#11878 = LINE('',#11879,#11880);
#11879 = CARTESIAN_POINT('',(0.763549804688,-8.657470703125,2.5));
#11880 = VECTOR('',#11881,1.);
#11881 = DIRECTION('',(-0.,-0.,-1.));
#11882 = PCURVE('',#4005,#11883);
#11883 = DEFINITIONAL_REPRESENTATION('',(#11884),#11888);
#11884 = LINE('',#11885,#11886);
#11885 = CARTESIAN_POINT('',(1.,0.));
#11886 = VECTOR('',#11887,1.);
#11887 = DIRECTION('',(0.,-1.));
#11888 = ( GEOMETRIC_REPRESENTATION_CONTEXT(2) 
PARAMETRIC_REPRESENTATION_CONTEXT() REPRESENTATION_CONTEXT('2D SPACE',''
  ) );
#11889 = PCURVE('',#4035,#11890);
#11890 = DEFINITIONAL_REPRESENTATION('',(#11891),#11895);
#11891 = LINE('',#11892,#11893);
#11892 = CARTESIAN_POINT('',(0.,0.));
#11893 = VECTOR('',#11894,1.);
#11894 = DIRECTION('',(0.,-1.));
#11895 = ( GEOMETRIC_REPRESENTATION_CONTEXT(2) 
PARAMETRIC_REPRESENTATION_CONTEXT() REPRESENTATION_CONTEXT('2D SPACE',''
  ) );
#11896 = ORIENTED_EDGE('',*,*,#3989,.F.);
#11897 = ADVANCED_FACE('',(#11898),#4035,.T.);
#11898 = FACE_BOUND('',#11899,.T.);
#11899 = EDGE_LOOP('',(#11900,#11901,#11922,#11923));
#11900 = ORIENTED_EDGE('',*,*,#11876,.T.);
#11901 = ORIENTED_EDGE('',*,*,#11902,.T.);
#11902 = EDGE_CURVE('',#11854,#11804,#11903,.T.);
#11903 = SURFACE_CURVE('',#11904,(#11908,#11915),.PCURVE_S1.);
#11904 = B_SPLINE_CURVE_WITH_KNOTS('',2,(#11905,#11906,#11907),
  .UNSPECIFIED.,.F.,.F.,(3,3),(0.,1.),.PIECEWISE_BEZIER_KNOTS.);
#11905 = CARTESIAN_POINT('',(0.763549804688,-8.657470703125,1.7));
#11906 = CARTESIAN_POINT('',(0.890991210938,-8.854125976562,1.7));
#11907 = CARTESIAN_POINT('',(0.963500976562,-9.136474609375,1.7));
#11908 = PCURVE('',#4035,#11909);
#11909 = DEFINITIONAL_REPRESENTATION('',(#11910),#11914);
#11910 = LINE('',#11911,#11912);
#11911 = CARTESIAN_POINT('',(0.,-0.8));
#11912 = VECTOR('',#11913,1.);
#11913 = DIRECTION('',(1.,0.));
#11914 = ( GEOMETRIC_REPRESENTATION_CONTEXT(2) 
PARAMETRIC_REPRESENTATION_CONTEXT() REPRESENTATION_CONTEXT('2D SPACE',''
  ) );
#11915 = PCURVE('',#11374,#11916);
#11916 = DEFINITIONAL_REPRESENTATION('',(#11917),#11921);
#11917 = B_SPLINE_CURVE_WITH_KNOTS('',2,(#11918,#11919,#11920),
  .UNSPECIFIED.,.F.,.F.,(3,3),(0.,1.),.PIECEWISE_BEZIER_KNOTS.);
#11918 = CARTESIAN_POINT('',(2.014892578125,2.828979492188));
#11919 = CARTESIAN_POINT('',(2.142333984375,2.63232421875));
#11920 = CARTESIAN_POINT('',(2.21484375,2.349975585938));
#11921 = ( GEOMETRIC_REPRESENTATION_CONTEXT(2) 
PARAMETRIC_REPRESENTATION_CONTEXT() REPRESENTATION_CONTEXT('2D SPACE',''
  ) );
#11922 = ORIENTED_EDGE('',*,*,#11803,.F.);
#11923 = ORIENTED_EDGE('',*,*,#4019,.F.);
#11924 = ADVANCED_FACE('',(#11925),#4217,.T.);
#11925 = FACE_BOUND('',#11926,.T.);
#11926 = EDGE_LOOP('',(#11927,#11950,#11978,#11999));
#11927 = ORIENTED_EDGE('',*,*,#11928,.T.);
#11928 = EDGE_CURVE('',#4200,#11929,#11931,.T.);
#11929 = VERTEX_POINT('',#11930);
#11930 = CARTESIAN_POINT('',(31.316650390625,-11.20739746093,1.7));
#11931 = SURFACE_CURVE('',#11932,(#11936,#11943),.PCURVE_S1.);
#11932 = LINE('',#11933,#11934);
#11933 = CARTESIAN_POINT('',(31.316650390625,-11.20739746093,2.5));
#11934 = VECTOR('',#11935,1.);
#11935 = DIRECTION('',(-0.,-0.,-1.));
#11936 = PCURVE('',#4217,#11937);
#11937 = DEFINITIONAL_REPRESENTATION('',(#11938),#11942);
#11938 = LINE('',#11939,#11940);
#11939 = CARTESIAN_POINT('',(0.,0.));
#11940 = VECTOR('',#11941,1.);
#11941 = DIRECTION('',(0.,-1.));
#11942 = ( GEOMETRIC_REPRESENTATION_CONTEXT(2) 
PARAMETRIC_REPRESENTATION_CONTEXT() REPRESENTATION_CONTEXT('2D SPACE',''
  ) );
#11943 = PCURVE('',#4545,#11944);
#11944 = DEFINITIONAL_REPRESENTATION('',(#11945),#11949);
#11945 = LINE('',#11946,#11947);
#11946 = CARTESIAN_POINT('',(1.,0.));
#11947 = VECTOR('',#11948,1.);
#11948 = DIRECTION('',(0.,-1.));
#11949 = ( GEOMETRIC_REPRESENTATION_CONTEXT(2) 
PARAMETRIC_REPRESENTATION_CONTEXT() REPRESENTATION_CONTEXT('2D SPACE',''
  ) );
#11950 = ORIENTED_EDGE('',*,*,#11951,.T.);
#11951 = EDGE_CURVE('',#11929,#11952,#11954,.T.);
#11952 = VERTEX_POINT('',#11953);
#11953 = CARTESIAN_POINT('',(30.998046875,-9.897827148438,1.7));
#11954 = SURFACE_CURVE('',#11955,(#11959,#11966),.PCURVE_S1.);
#11955 = B_SPLINE_CURVE_WITH_KNOTS('',2,(#11956,#11957,#11958),
  .UNSPECIFIED.,.F.,.F.,(3,3),(0.,1.),.PIECEWISE_BEZIER_KNOTS.);
#11956 = CARTESIAN_POINT('',(31.316650390625,-11.20739746093,1.7));
#11957 = CARTESIAN_POINT('',(30.998046875,-10.80529785156,1.7));
#11958 = CARTESIAN_POINT('',(30.998046875,-9.897827148438,1.7));
#11959 = PCURVE('',#4217,#11960);
#11960 = DEFINITIONAL_REPRESENTATION('',(#11961),#11965);
#11961 = LINE('',#11962,#11963);
#11962 = CARTESIAN_POINT('',(0.,-0.8));
#11963 = VECTOR('',#11964,1.);
#11964 = DIRECTION('',(1.,0.));
#11965 = ( GEOMETRIC_REPRESENTATION_CONTEXT(2) 
PARAMETRIC_REPRESENTATION_CONTEXT() REPRESENTATION_CONTEXT('2D SPACE',''
  ) );
#11966 = PCURVE('',#11967,#11972);
#11967 = PLANE('',#11968);
#11968 = AXIS2_PLACEMENT_3D('',#11969,#11970,#11971);
#11969 = CARTESIAN_POINT('',(30.811279296875,-11.48645019531,1.7));
#11970 = DIRECTION('',(0.,0.,1.));
#11971 = DIRECTION('',(1.,0.,0.));
#11972 = DEFINITIONAL_REPRESENTATION('',(#11973),#11977);
#11973 = B_SPLINE_CURVE_WITH_KNOTS('',2,(#11974,#11975,#11976),
  .UNSPECIFIED.,.F.,.F.,(3,3),(0.,1.),.PIECEWISE_BEZIER_KNOTS.);
#11974 = CARTESIAN_POINT('',(0.50537109375,0.279052734375));
#11975 = CARTESIAN_POINT('',(0.186767578125,0.68115234375));
#11976 = CARTESIAN_POINT('',(0.186767578125,1.588623046875));
#11977 = ( GEOMETRIC_REPRESENTATION_CONTEXT(2) 
PARAMETRIC_REPRESENTATION_CONTEXT() REPRESENTATION_CONTEXT('2D SPACE',''
  ) );
#11978 = ORIENTED_EDGE('',*,*,#11979,.F.);
#11979 = EDGE_CURVE('',#4202,#11952,#11980,.T.);
#11980 = SURFACE_CURVE('',#11981,(#11985,#11992),.PCURVE_S1.);
#11981 = LINE('',#11982,#11983);
#11982 = CARTESIAN_POINT('',(30.998046875,-9.897827148438,2.5));
#11983 = VECTOR('',#11984,1.);
#11984 = DIRECTION('',(-0.,-0.,-1.));
#11985 = PCURVE('',#4217,#11986);
#11986 = DEFINITIONAL_REPRESENTATION('',(#11987),#11991);
#11987 = LINE('',#11988,#11989);
#11988 = CARTESIAN_POINT('',(1.,0.));
#11989 = VECTOR('',#11990,1.);
#11990 = DIRECTION('',(0.,-1.));
#11991 = ( GEOMETRIC_REPRESENTATION_CONTEXT(2) 
PARAMETRIC_REPRESENTATION_CONTEXT() REPRESENTATION_CONTEXT('2D SPACE',''
  ) );
#11992 = PCURVE('',#4247,#11993);
#11993 = DEFINITIONAL_REPRESENTATION('',(#11994),#11998);
#11994 = LINE('',#11995,#11996);
#11995 = CARTESIAN_POINT('',(0.,0.));
#11996 = VECTOR('',#11997,1.);
#11997 = DIRECTION('',(0.,-1.));
#11998 = ( GEOMETRIC_REPRESENTATION_CONTEXT(2) 
PARAMETRIC_REPRESENTATION_CONTEXT() REPRESENTATION_CONTEXT('2D SPACE',''
  ) );
#11999 = ORIENTED_EDGE('',*,*,#4199,.F.);
#12000 = ADVANCED_FACE('',(#12001),#4545,.T.);
#12001 = FACE_BOUND('',#12002,.T.);
#12002 = EDGE_LOOP('',(#12003,#12026,#12047,#12048));
#12003 = ORIENTED_EDGE('',*,*,#12004,.T.);
#12004 = EDGE_CURVE('',#4502,#12005,#12007,.T.);
#12005 = VERTEX_POINT('',#12006);
#12006 = CARTESIAN_POINT('',(32.04833984375,-11.54138183593,1.7));
#12007 = SURFACE_CURVE('',#12008,(#12012,#12019),.PCURVE_S1.);
#12008 = LINE('',#12009,#12010);
#12009 = CARTESIAN_POINT('',(32.04833984375,-11.54138183593,2.5));
#12010 = VECTOR('',#12011,1.);
#12011 = DIRECTION('',(-0.,-0.,-1.));
#12012 = PCURVE('',#4545,#12013);
#12013 = DEFINITIONAL_REPRESENTATION('',(#12014),#12018);
#12014 = LINE('',#12015,#12016);
#12015 = CARTESIAN_POINT('',(0.,0.));
#12016 = VECTOR('',#12017,1.);
#12017 = DIRECTION('',(0.,-1.));
#12018 = ( GEOMETRIC_REPRESENTATION_CONTEXT(2) 
PARAMETRIC_REPRESENTATION_CONTEXT() REPRESENTATION_CONTEXT('2D SPACE',''
  ) );
#12019 = PCURVE('',#4517,#12020);
#12020 = DEFINITIONAL_REPRESENTATION('',(#12021),#12025);
#12021 = LINE('',#12022,#12023);
#12022 = CARTESIAN_POINT('',(1.,0.));
#12023 = VECTOR('',#12024,1.);
#12024 = DIRECTION('',(0.,-1.));
#12025 = ( GEOMETRIC_REPRESENTATION_CONTEXT(2) 
PARAMETRIC_REPRESENTATION_CONTEXT() REPRESENTATION_CONTEXT('2D SPACE',''
  ) );
#12026 = ORIENTED_EDGE('',*,*,#12027,.T.);
#12027 = EDGE_CURVE('',#12005,#11929,#12028,.T.);
#12028 = SURFACE_CURVE('',#12029,(#12033,#12040),.PCURVE_S1.);
#12029 = B_SPLINE_CURVE_WITH_KNOTS('',2,(#12030,#12031,#12032),
  .UNSPECIFIED.,.F.,.F.,(3,3),(0.,1.),.PIECEWISE_BEZIER_KNOTS.);
#12030 = CARTESIAN_POINT('',(32.04833984375,-11.54138183593,1.7));
#12031 = CARTESIAN_POINT('',(31.58251953125,-11.54138183593,1.7));
#12032 = CARTESIAN_POINT('',(31.316650390625,-11.20739746093,1.7));
#12033 = PCURVE('',#4545,#12034);
#12034 = DEFINITIONAL_REPRESENTATION('',(#12035),#12039);
#12035 = LINE('',#12036,#12037);
#12036 = CARTESIAN_POINT('',(0.,-0.8));
#12037 = VECTOR('',#12038,1.);
#12038 = DIRECTION('',(1.,0.));
#12039 = ( GEOMETRIC_REPRESENTATION_CONTEXT(2) 
PARAMETRIC_REPRESENTATION_CONTEXT() REPRESENTATION_CONTEXT('2D SPACE',''
  ) );
#12040 = PCURVE('',#11967,#12041);
#12041 = DEFINITIONAL_REPRESENTATION('',(#12042),#12046);
#12042 = B_SPLINE_CURVE_WITH_KNOTS('',2,(#12043,#12044,#12045),
  .UNSPECIFIED.,.F.,.F.,(3,3),(0.,1.),.PIECEWISE_BEZIER_KNOTS.);
#12043 = CARTESIAN_POINT('',(1.237060546875,-5.4931640625E-02));
#12044 = CARTESIAN_POINT('',(0.771240234375,-5.4931640625E-02));
#12045 = CARTESIAN_POINT('',(0.50537109375,0.279052734375));
#12046 = ( GEOMETRIC_REPRESENTATION_CONTEXT(2) 
PARAMETRIC_REPRESENTATION_CONTEXT() REPRESENTATION_CONTEXT('2D SPACE',''
  ) );
#12047 = ORIENTED_EDGE('',*,*,#11928,.F.);
#12048 = ORIENTED_EDGE('',*,*,#4531,.F.);
#12049 = ADVANCED_FACE('',(#12050),#4247,.T.);
#12050 = FACE_BOUND('',#12051,.T.);
#12051 = EDGE_LOOP('',(#12052,#12053,#12076,#12097));
#12052 = ORIENTED_EDGE('',*,*,#11979,.T.);
#12053 = ORIENTED_EDGE('',*,*,#12054,.T.);
#12054 = EDGE_CURVE('',#11952,#12055,#12057,.T.);
#12055 = VERTEX_POINT('',#12056);
#12056 = CARTESIAN_POINT('',(31.115600585938,-8.978271484375,1.7));
#12057 = SURFACE_CURVE('',#12058,(#12062,#12069),.PCURVE_S1.);
#12058 = B_SPLINE_CURVE_WITH_KNOTS('',2,(#12059,#12060,#12061),
  .UNSPECIFIED.,.F.,.F.,(3,3),(0.,1.),.PIECEWISE_BEZIER_KNOTS.);
#12059 = CARTESIAN_POINT('',(30.998046875,-9.897827148438,1.7));
#12060 = CARTESIAN_POINT('',(30.998046875,-9.326538085938,1.7));
#12061 = CARTESIAN_POINT('',(31.115600585938,-8.978271484375,1.7));
#12062 = PCURVE('',#4247,#12063);
#12063 = DEFINITIONAL_REPRESENTATION('',(#12064),#12068);
#12064 = LINE('',#12065,#12066);
#12065 = CARTESIAN_POINT('',(0.,-0.8));
#12066 = VECTOR('',#12067,1.);
#12067 = DIRECTION('',(1.,0.));
#12068 = ( GEOMETRIC_REPRESENTATION_CONTEXT(2) 
PARAMETRIC_REPRESENTATION_CONTEXT() REPRESENTATION_CONTEXT('2D SPACE',''
  ) );
#12069 = PCURVE('',#11967,#12070);
#12070 = DEFINITIONAL_REPRESENTATION('',(#12071),#12075);
#12071 = B_SPLINE_CURVE_WITH_KNOTS('',2,(#12072,#12073,#12074),
  .UNSPECIFIED.,.F.,.F.,(3,3),(0.,1.),.PIECEWISE_BEZIER_KNOTS.);
#12072 = CARTESIAN_POINT('',(0.186767578125,1.588623046875));
#12073 = CARTESIAN_POINT('',(0.186767578125,2.159912109375));
#12074 = CARTESIAN_POINT('',(0.304321289062,2.508178710938));
#12075 = ( GEOMETRIC_REPRESENTATION_CONTEXT(2) 
PARAMETRIC_REPRESENTATION_CONTEXT() REPRESENTATION_CONTEXT('2D SPACE',''
  ) );
#12076 = ORIENTED_EDGE('',*,*,#12077,.F.);
#12077 = EDGE_CURVE('',#4232,#12055,#12078,.T.);
#12078 = SURFACE_CURVE('',#12079,(#12083,#12090),.PCURVE_S1.);
#12079 = LINE('',#12080,#12081);
#12080 = CARTESIAN_POINT('',(31.115600585938,-8.978271484375,2.5));
#12081 = VECTOR('',#12082,1.);
#12082 = DIRECTION('',(-0.,-0.,-1.));
#12083 = PCURVE('',#4247,#12084);
#12084 = DEFINITIONAL_REPRESENTATION('',(#12085),#12089);
#12085 = LINE('',#12086,#12087);
#12086 = CARTESIAN_POINT('',(1.,0.));
#12087 = VECTOR('',#12088,1.);
#12088 = DIRECTION('',(0.,-1.));
#12089 = ( GEOMETRIC_REPRESENTATION_CONTEXT(2) 
PARAMETRIC_REPRESENTATION_CONTEXT() REPRESENTATION_CONTEXT('2D SPACE',''
  ) );
#12090 = PCURVE('',#4277,#12091);
#12091 = DEFINITIONAL_REPRESENTATION('',(#12092),#12096);
#12092 = LINE('',#12093,#12094);
#12093 = CARTESIAN_POINT('',(0.,0.));
#12094 = VECTOR('',#12095,1.);
#12095 = DIRECTION('',(0.,-1.));
#12096 = ( GEOMETRIC_REPRESENTATION_CONTEXT(2) 
PARAMETRIC_REPRESENTATION_CONTEXT() REPRESENTATION_CONTEXT('2D SPACE',''
  ) );
#12097 = ORIENTED_EDGE('',*,*,#4231,.F.);
#12098 = ADVANCED_FACE('',(#12099),#4517,.T.);
#12099 = FACE_BOUND('',#12100,.T.);
#12100 = EDGE_LOOP('',(#12101,#12124,#12145,#12146));
#12101 = ORIENTED_EDGE('',*,*,#12102,.T.);
#12102 = EDGE_CURVE('',#4472,#12103,#12105,.T.);
#12103 = VERTEX_POINT('',#12104);
#12104 = CARTESIAN_POINT('',(32.633911132812,-11.35131835937,1.7));
#12105 = SURFACE_CURVE('',#12106,(#12110,#12117),.PCURVE_S1.);
#12106 = LINE('',#12107,#12108);
#12107 = CARTESIAN_POINT('',(32.633911132812,-11.35131835937,2.5));
#12108 = VECTOR('',#12109,1.);
#12109 = DIRECTION('',(-0.,-0.,-1.));
#12110 = PCURVE('',#4517,#12111);
#12111 = DEFINITIONAL_REPRESENTATION('',(#12112),#12116);
#12112 = LINE('',#12113,#12114);
#12113 = CARTESIAN_POINT('',(0.,0.));
#12114 = VECTOR('',#12115,1.);
#12115 = DIRECTION('',(0.,-1.));
#12116 = ( GEOMETRIC_REPRESENTATION_CONTEXT(2) 
PARAMETRIC_REPRESENTATION_CONTEXT() REPRESENTATION_CONTEXT('2D SPACE',''
  ) );
#12117 = PCURVE('',#4487,#12118);
#12118 = DEFINITIONAL_REPRESENTATION('',(#12119),#12123);
#12119 = LINE('',#12120,#12121);
#12120 = CARTESIAN_POINT('',(1.,0.));
#12121 = VECTOR('',#12122,1.);
#12122 = DIRECTION('',(0.,-1.));
#12123 = ( GEOMETRIC_REPRESENTATION_CONTEXT(2) 
PARAMETRIC_REPRESENTATION_CONTEXT() REPRESENTATION_CONTEXT('2D SPACE',''
  ) );
#12124 = ORIENTED_EDGE('',*,*,#12125,.T.);
#12125 = EDGE_CURVE('',#12103,#12005,#12126,.T.);
#12126 = SURFACE_CURVE('',#12127,(#12131,#12138),.PCURVE_S1.);
#12127 = B_SPLINE_CURVE_WITH_KNOTS('',2,(#12128,#12129,#12130),
  .UNSPECIFIED.,.F.,.F.,(3,3),(0.,1.),.PIECEWISE_BEZIER_KNOTS.);
#12128 = CARTESIAN_POINT('',(32.633911132812,-11.35131835937,1.7));
#12129 = CARTESIAN_POINT('',(32.402099609375,-11.54138183593,1.7));
#12130 = CARTESIAN_POINT('',(32.04833984375,-11.54138183593,1.7));
#12131 = PCURVE('',#4517,#12132);
#12132 = DEFINITIONAL_REPRESENTATION('',(#12133),#12137);
#12133 = LINE('',#12134,#12135);
#12134 = CARTESIAN_POINT('',(0.,-0.8));
#12135 = VECTOR('',#12136,1.);
#12136 = DIRECTION('',(1.,0.));
#12137 = ( GEOMETRIC_REPRESENTATION_CONTEXT(2) 
PARAMETRIC_REPRESENTATION_CONTEXT() REPRESENTATION_CONTEXT('2D SPACE',''
  ) );
#12138 = PCURVE('',#11967,#12139);
#12139 = DEFINITIONAL_REPRESENTATION('',(#12140),#12144);
#12140 = B_SPLINE_CURVE_WITH_KNOTS('',2,(#12141,#12142,#12143),
  .UNSPECIFIED.,.F.,.F.,(3,3),(0.,1.),.PIECEWISE_BEZIER_KNOTS.);
#12141 = CARTESIAN_POINT('',(1.822631835938,0.135131835938));
#12142 = CARTESIAN_POINT('',(1.5908203125,-5.4931640625E-02));
#12143 = CARTESIAN_POINT('',(1.237060546875,-5.4931640625E-02));
#12144 = ( GEOMETRIC_REPRESENTATION_CONTEXT(2) 
PARAMETRIC_REPRESENTATION_CONTEXT() REPRESENTATION_CONTEXT('2D SPACE',''
  ) );
#12145 = ORIENTED_EDGE('',*,*,#12004,.F.);
#12146 = ORIENTED_EDGE('',*,*,#4501,.F.);
#12147 = ADVANCED_FACE('',(#12148),#4277,.T.);
#12148 = FACE_BOUND('',#12149,.T.);
#12149 = EDGE_LOOP('',(#12150,#12151,#12174,#12195));
#12150 = ORIENTED_EDGE('',*,*,#12077,.T.);
#12151 = ORIENTED_EDGE('',*,*,#12152,.T.);
#12152 = EDGE_CURVE('',#12055,#12153,#12155,.T.);
#12153 = VERTEX_POINT('',#12154);
#12154 = CARTESIAN_POINT('',(31.464965820312,-8.441040039062,1.7));
#12155 = SURFACE_CURVE('',#12156,(#12160,#12167),.PCURVE_S1.);
#12156 = B_SPLINE_CURVE_WITH_KNOTS('',2,(#12157,#12158,#12159),
  .UNSPECIFIED.,.F.,.F.,(3,3),(0.,1.),.PIECEWISE_BEZIER_KNOTS.);
#12157 = CARTESIAN_POINT('',(31.115600585938,-8.978271484375,1.7));
#12158 = CARTESIAN_POINT('',(31.233154296875,-8.630004882812,1.7));
#12159 = CARTESIAN_POINT('',(31.464965820312,-8.441040039062,1.7));
#12160 = PCURVE('',#4277,#12161);
#12161 = DEFINITIONAL_REPRESENTATION('',(#12162),#12166);
#12162 = LINE('',#12163,#12164);
#12163 = CARTESIAN_POINT('',(0.,-0.8));
#12164 = VECTOR('',#12165,1.);
#12165 = DIRECTION('',(1.,0.));
#12166 = ( GEOMETRIC_REPRESENTATION_CONTEXT(2) 
PARAMETRIC_REPRESENTATION_CONTEXT() REPRESENTATION_CONTEXT('2D SPACE',''
  ) );
#12167 = PCURVE('',#11967,#12168);
#12168 = DEFINITIONAL_REPRESENTATION('',(#12169),#12173);
#12169 = B_SPLINE_CURVE_WITH_KNOTS('',2,(#12170,#12171,#12172),
  .UNSPECIFIED.,.F.,.F.,(3,3),(0.,1.),.PIECEWISE_BEZIER_KNOTS.);
#12170 = CARTESIAN_POINT('',(0.304321289062,2.508178710938));
#12171 = CARTESIAN_POINT('',(0.421875,2.8564453125));
#12172 = CARTESIAN_POINT('',(0.653686523438,3.04541015625));
#12173 = ( GEOMETRIC_REPRESENTATION_CONTEXT(2) 
PARAMETRIC_REPRESENTATION_CONTEXT() REPRESENTATION_CONTEXT('2D SPACE',''
  ) );
#12174 = ORIENTED_EDGE('',*,*,#12175,.F.);
#12175 = EDGE_CURVE('',#4262,#12153,#12176,.T.);
#12176 = SURFACE_CURVE('',#12177,(#12181,#12188),.PCURVE_S1.);
#12177 = LINE('',#12178,#12179);
#12178 = CARTESIAN_POINT('',(31.464965820312,-8.441040039062,2.5));
#12179 = VECTOR('',#12180,1.);
#12180 = DIRECTION('',(-0.,-0.,-1.));
#12181 = PCURVE('',#4277,#12182);
#12182 = DEFINITIONAL_REPRESENTATION('',(#12183),#12187);
#12183 = LINE('',#12184,#12185);
#12184 = CARTESIAN_POINT('',(1.,0.));
#12185 = VECTOR('',#12186,1.);
#12186 = DIRECTION('',(0.,-1.));
#12187 = ( GEOMETRIC_REPRESENTATION_CONTEXT(2) 
PARAMETRIC_REPRESENTATION_CONTEXT() REPRESENTATION_CONTEXT('2D SPACE',''
  ) );
#12188 = PCURVE('',#4307,#12189);
#12189 = DEFINITIONAL_REPRESENTATION('',(#12190),#12194);
#12190 = LINE('',#12191,#12192);
#12191 = CARTESIAN_POINT('',(0.,0.));
#12192 = VECTOR('',#12193,1.);
#12193 = DIRECTION('',(0.,-1.));
#12194 = ( GEOMETRIC_REPRESENTATION_CONTEXT(2) 
PARAMETRIC_REPRESENTATION_CONTEXT() REPRESENTATION_CONTEXT('2D SPACE',''
  ) );
#12195 = ORIENTED_EDGE('',*,*,#4261,.F.);
#12196 = ADVANCED_FACE('',(#12197),#4487,.T.);
#12197 = FACE_BOUND('',#12198,.T.);
#12198 = EDGE_LOOP('',(#12199,#12222,#12243,#12244));
#12199 = ORIENTED_EDGE('',*,*,#12200,.T.);
#12200 = EDGE_CURVE('',#4442,#12201,#12203,.T.);
#12201 = VERTEX_POINT('',#12202);
#12202 = CARTESIAN_POINT('',(32.982177734375,-10.81298828125,1.7));
#12203 = SURFACE_CURVE('',#12204,(#12208,#12215),.PCURVE_S1.);
#12204 = LINE('',#12205,#12206);
#12205 = CARTESIAN_POINT('',(32.982177734375,-10.81298828125,2.5));
#12206 = VECTOR('',#12207,1.);
#12207 = DIRECTION('',(-0.,-0.,-1.));
#12208 = PCURVE('',#4487,#12209);
#12209 = DEFINITIONAL_REPRESENTATION('',(#12210),#12214);
#12210 = LINE('',#12211,#12212);
#12211 = CARTESIAN_POINT('',(0.,0.));
#12212 = VECTOR('',#12213,1.);
#12213 = DIRECTION('',(0.,-1.));
#12214 = ( GEOMETRIC_REPRESENTATION_CONTEXT(2) 
PARAMETRIC_REPRESENTATION_CONTEXT() REPRESENTATION_CONTEXT('2D SPACE',''
  ) );
#12215 = PCURVE('',#4457,#12216);
#12216 = DEFINITIONAL_REPRESENTATION('',(#12217),#12221);
#12217 = LINE('',#12218,#12219);
#12218 = CARTESIAN_POINT('',(1.,0.));
#12219 = VECTOR('',#12220,1.);
#12220 = DIRECTION('',(0.,-1.));
#12221 = ( GEOMETRIC_REPRESENTATION_CONTEXT(2) 
PARAMETRIC_REPRESENTATION_CONTEXT() REPRESENTATION_CONTEXT('2D SPACE',''
  ) );
#12222 = ORIENTED_EDGE('',*,*,#12223,.T.);
#12223 = EDGE_CURVE('',#12201,#12103,#12224,.T.);
#12224 = SURFACE_CURVE('',#12225,(#12229,#12236),.PCURVE_S1.);
#12225 = B_SPLINE_CURVE_WITH_KNOTS('',2,(#12226,#12227,#12228),
  .UNSPECIFIED.,.F.,.F.,(3,3),(0.,1.),.PIECEWISE_BEZIER_KNOTS.);
#12226 = CARTESIAN_POINT('',(32.982177734375,-10.81298828125,1.7));
#12227 = CARTESIAN_POINT('',(32.86572265625,-11.16125488281,1.7));
#12228 = CARTESIAN_POINT('',(32.633911132812,-11.35131835937,1.7));
#12229 = PCURVE('',#4487,#12230);
#12230 = DEFINITIONAL_REPRESENTATION('',(#12231),#12235);
#12231 = LINE('',#12232,#12233);
#12232 = CARTESIAN_POINT('',(0.,-0.8));
#12233 = VECTOR('',#12234,1.);
#12234 = DIRECTION('',(1.,0.));
#12235 = ( GEOMETRIC_REPRESENTATION_CONTEXT(2) 
PARAMETRIC_REPRESENTATION_CONTEXT() REPRESENTATION_CONTEXT('2D SPACE',''
  ) );
#12236 = PCURVE('',#11967,#12237);
#12237 = DEFINITIONAL_REPRESENTATION('',(#12238),#12242);
#12238 = B_SPLINE_CURVE_WITH_KNOTS('',2,(#12239,#12240,#12241),
  .UNSPECIFIED.,.F.,.F.,(3,3),(0.,1.),.PIECEWISE_BEZIER_KNOTS.);
#12239 = CARTESIAN_POINT('',(2.1708984375,0.673461914062));
#12240 = CARTESIAN_POINT('',(2.054443359375,0.3251953125));
#12241 = CARTESIAN_POINT('',(1.822631835938,0.135131835938));
#12242 = ( GEOMETRIC_REPRESENTATION_CONTEXT(2) 
PARAMETRIC_REPRESENTATION_CONTEXT() REPRESENTATION_CONTEXT('2D SPACE',''
  ) );
#12243 = ORIENTED_EDGE('',*,*,#12102,.F.);
#12244 = ORIENTED_EDGE('',*,*,#4471,.F.);
#12245 = ADVANCED_FACE('',(#12246),#4307,.T.);
#12246 = FACE_BOUND('',#12247,.T.);
#12247 = EDGE_LOOP('',(#12248,#12249,#12272,#12293));
#12248 = ORIENTED_EDGE('',*,*,#12175,.T.);
#12249 = ORIENTED_EDGE('',*,*,#12250,.T.);
#12250 = EDGE_CURVE('',#12153,#12251,#12253,.T.);
#12251 = VERTEX_POINT('',#12252);
#12252 = CARTESIAN_POINT('',(32.04833984375,-8.252075195312,1.7));
#12253 = SURFACE_CURVE('',#12254,(#12258,#12265),.PCURVE_S1.);
#12254 = B_SPLINE_CURVE_WITH_KNOTS('',2,(#12255,#12256,#12257),
  .UNSPECIFIED.,.F.,.F.,(3,3),(0.,1.),.PIECEWISE_BEZIER_KNOTS.);
#12255 = CARTESIAN_POINT('',(31.464965820312,-8.441040039062,1.7));
#12256 = CARTESIAN_POINT('',(31.69677734375,-8.252075195312,1.7));
#12257 = CARTESIAN_POINT('',(32.04833984375,-8.252075195312,1.7));
#12258 = PCURVE('',#4307,#12259);
#12259 = DEFINITIONAL_REPRESENTATION('',(#12260),#12264);
#12260 = LINE('',#12261,#12262);
#12261 = CARTESIAN_POINT('',(0.,-0.8));
#12262 = VECTOR('',#12263,1.);
#12263 = DIRECTION('',(1.,0.));
#12264 = ( GEOMETRIC_REPRESENTATION_CONTEXT(2) 
PARAMETRIC_REPRESENTATION_CONTEXT() REPRESENTATION_CONTEXT('2D SPACE',''
  ) );
#12265 = PCURVE('',#11967,#12266);
#12266 = DEFINITIONAL_REPRESENTATION('',(#12267),#12271);
#12267 = B_SPLINE_CURVE_WITH_KNOTS('',2,(#12268,#12269,#12270),
  .UNSPECIFIED.,.F.,.F.,(3,3),(0.,1.),.PIECEWISE_BEZIER_KNOTS.);
#12268 = CARTESIAN_POINT('',(0.653686523438,3.04541015625));
#12269 = CARTESIAN_POINT('',(0.885498046875,3.234375));
#12270 = CARTESIAN_POINT('',(1.237060546875,3.234375));
#12271 = ( GEOMETRIC_REPRESENTATION_CONTEXT(2) 
PARAMETRIC_REPRESENTATION_CONTEXT() REPRESENTATION_CONTEXT('2D SPACE',''
  ) );
#12272 = ORIENTED_EDGE('',*,*,#12273,.F.);
#12273 = EDGE_CURVE('',#4292,#12251,#12274,.T.);
#12274 = SURFACE_CURVE('',#12275,(#12279,#12286),.PCURVE_S1.);
#12275 = LINE('',#12276,#12277);
#12276 = CARTESIAN_POINT('',(32.04833984375,-8.252075195312,2.5));
#12277 = VECTOR('',#12278,1.);
#12278 = DIRECTION('',(-0.,-0.,-1.));
#12279 = PCURVE('',#4307,#12280);
#12280 = DEFINITIONAL_REPRESENTATION('',(#12281),#12285);
#12281 = LINE('',#12282,#12283);
#12282 = CARTESIAN_POINT('',(1.,0.));
#12283 = VECTOR('',#12284,1.);
#12284 = DIRECTION('',(0.,-1.));
#12285 = ( GEOMETRIC_REPRESENTATION_CONTEXT(2) 
PARAMETRIC_REPRESENTATION_CONTEXT() REPRESENTATION_CONTEXT('2D SPACE',''
  ) );
#12286 = PCURVE('',#4337,#12287);
#12287 = DEFINITIONAL_REPRESENTATION('',(#12288),#12292);
#12288 = LINE('',#12289,#12290);
#12289 = CARTESIAN_POINT('',(0.,0.));
#12290 = VECTOR('',#12291,1.);
#12291 = DIRECTION('',(0.,-1.));
#12292 = ( GEOMETRIC_REPRESENTATION_CONTEXT(2) 
PARAMETRIC_REPRESENTATION_CONTEXT() REPRESENTATION_CONTEXT('2D SPACE',''
  ) );
#12293 = ORIENTED_EDGE('',*,*,#4291,.F.);
#12294 = ADVANCED_FACE('',(#12295),#4457,.T.);
#12295 = FACE_BOUND('',#12296,.T.);
#12296 = EDGE_LOOP('',(#12297,#12320,#12341,#12342));
#12297 = ORIENTED_EDGE('',*,*,#12298,.T.);
#12298 = EDGE_CURVE('',#4412,#12299,#12301,.T.);
#12299 = VERTEX_POINT('',#12300);
#12300 = CARTESIAN_POINT('',(33.0986328125,-9.897827148438,1.7));
#12301 = SURFACE_CURVE('',#12302,(#12306,#12313),.PCURVE_S1.);
#12302 = LINE('',#12303,#12304);
#12303 = CARTESIAN_POINT('',(33.0986328125,-9.897827148438,2.5));
#12304 = VECTOR('',#12305,1.);
#12305 = DIRECTION('',(-0.,-0.,-1.));
#12306 = PCURVE('',#4457,#12307);
#12307 = DEFINITIONAL_REPRESENTATION('',(#12308),#12312);
#12308 = LINE('',#12309,#12310);
#12309 = CARTESIAN_POINT('',(0.,0.));
#12310 = VECTOR('',#12311,1.);
#12311 = DIRECTION('',(0.,-1.));
#12312 = ( GEOMETRIC_REPRESENTATION_CONTEXT(2) 
PARAMETRIC_REPRESENTATION_CONTEXT() REPRESENTATION_CONTEXT('2D SPACE',''
  ) );
#12313 = PCURVE('',#4427,#12314);
#12314 = DEFINITIONAL_REPRESENTATION('',(#12315),#12319);
#12315 = LINE('',#12316,#12317);
#12316 = CARTESIAN_POINT('',(1.,0.));
#12317 = VECTOR('',#12318,1.);
#12318 = DIRECTION('',(0.,-1.));
#12319 = ( GEOMETRIC_REPRESENTATION_CONTEXT(2) 
PARAMETRIC_REPRESENTATION_CONTEXT() REPRESENTATION_CONTEXT('2D SPACE',''
  ) );
#12320 = ORIENTED_EDGE('',*,*,#12321,.T.);
#12321 = EDGE_CURVE('',#12299,#12201,#12322,.T.);
#12322 = SURFACE_CURVE('',#12323,(#12327,#12334),.PCURVE_S1.);
#12323 = B_SPLINE_CURVE_WITH_KNOTS('',2,(#12324,#12325,#12326),
  .UNSPECIFIED.,.F.,.F.,(3,3),(0.,1.),.PIECEWISE_BEZIER_KNOTS.);
#12324 = CARTESIAN_POINT('',(33.0986328125,-9.897827148438,1.7));
#12325 = CARTESIAN_POINT('',(33.0986328125,-10.46472167968,1.7));
#12326 = CARTESIAN_POINT('',(32.982177734375,-10.81298828125,1.7));
#12327 = PCURVE('',#4457,#12328);
#12328 = DEFINITIONAL_REPRESENTATION('',(#12329),#12333);
#12329 = LINE('',#12330,#12331);
#12330 = CARTESIAN_POINT('',(0.,-0.8));
#12331 = VECTOR('',#12332,1.);
#12332 = DIRECTION('',(1.,0.));
#12333 = ( GEOMETRIC_REPRESENTATION_CONTEXT(2) 
PARAMETRIC_REPRESENTATION_CONTEXT() REPRESENTATION_CONTEXT('2D SPACE',''
  ) );
#12334 = PCURVE('',#11967,#12335);
#12335 = DEFINITIONAL_REPRESENTATION('',(#12336),#12340);
#12336 = B_SPLINE_CURVE_WITH_KNOTS('',2,(#12337,#12338,#12339),
  .UNSPECIFIED.,.F.,.F.,(3,3),(0.,1.),.PIECEWISE_BEZIER_KNOTS.);
#12337 = CARTESIAN_POINT('',(2.287353515625,1.588623046875));
#12338 = CARTESIAN_POINT('',(2.287353515625,1.021728515625));
#12339 = CARTESIAN_POINT('',(2.1708984375,0.673461914062));
#12340 = ( GEOMETRIC_REPRESENTATION_CONTEXT(2) 
PARAMETRIC_REPRESENTATION_CONTEXT() REPRESENTATION_CONTEXT('2D SPACE',''
  ) );
#12341 = ORIENTED_EDGE('',*,*,#12200,.F.);
#12342 = ORIENTED_EDGE('',*,*,#4441,.F.);
#12343 = ADVANCED_FACE('',(#12344),#4337,.T.);
#12344 = FACE_BOUND('',#12345,.T.);
#12345 = EDGE_LOOP('',(#12346,#12347,#12370,#12391));
#12346 = ORIENTED_EDGE('',*,*,#12273,.T.);
#12347 = ORIENTED_EDGE('',*,*,#12348,.T.);
#12348 = EDGE_CURVE('',#12251,#12349,#12351,.T.);
#12349 = VERTEX_POINT('',#12350);
#12350 = CARTESIAN_POINT('',(32.503173828125,-8.3564453125,1.7));
#12351 = SURFACE_CURVE('',#12352,(#12356,#12363),.PCURVE_S1.);
#12352 = B_SPLINE_CURVE_WITH_KNOTS('',2,(#12353,#12354,#12355),
  .UNSPECIFIED.,.F.,.F.,(3,3),(0.,1.),.PIECEWISE_BEZIER_KNOTS.);
#12353 = CARTESIAN_POINT('',(32.04833984375,-8.252075195312,1.7));
#12354 = CARTESIAN_POINT('',(32.3076171875,-8.252075195312,1.7));
#12355 = CARTESIAN_POINT('',(32.503173828125,-8.3564453125,1.7));
#12356 = PCURVE('',#4337,#12357);
#12357 = DEFINITIONAL_REPRESENTATION('',(#12358),#12362);
#12358 = LINE('',#12359,#12360);
#12359 = CARTESIAN_POINT('',(0.,-0.8));
#12360 = VECTOR('',#12361,1.);
#12361 = DIRECTION('',(1.,0.));
#12362 = ( GEOMETRIC_REPRESENTATION_CONTEXT(2) 
PARAMETRIC_REPRESENTATION_CONTEXT() REPRESENTATION_CONTEXT('2D SPACE',''
  ) );
#12363 = PCURVE('',#11967,#12364);
#12364 = DEFINITIONAL_REPRESENTATION('',(#12365),#12369);
#12365 = B_SPLINE_CURVE_WITH_KNOTS('',2,(#12366,#12367,#12368),
  .UNSPECIFIED.,.F.,.F.,(3,3),(0.,1.),.PIECEWISE_BEZIER_KNOTS.);
#12366 = CARTESIAN_POINT('',(1.237060546875,3.234375));
#12367 = CARTESIAN_POINT('',(1.496337890625,3.234375));
#12368 = CARTESIAN_POINT('',(1.69189453125,3.130004882812));
#12369 = ( GEOMETRIC_REPRESENTATION_CONTEXT(2) 
PARAMETRIC_REPRESENTATION_CONTEXT() REPRESENTATION_CONTEXT('2D SPACE',''
  ) );
#12370 = ORIENTED_EDGE('',*,*,#12371,.F.);
#12371 = EDGE_CURVE('',#4322,#12349,#12372,.T.);
#12372 = SURFACE_CURVE('',#12373,(#12377,#12384),.PCURVE_S1.);
#12373 = LINE('',#12374,#12375);
#12374 = CARTESIAN_POINT('',(32.503173828125,-8.3564453125,2.5));
#12375 = VECTOR('',#12376,1.);
#12376 = DIRECTION('',(-0.,-0.,-1.));
#12377 = PCURVE('',#4337,#12378);
#12378 = DEFINITIONAL_REPRESENTATION('',(#12379),#12383);
#12379 = LINE('',#12380,#12381);
#12380 = CARTESIAN_POINT('',(1.,0.));
#12381 = VECTOR('',#12382,1.);
#12382 = DIRECTION('',(0.,-1.));
#12383 = ( GEOMETRIC_REPRESENTATION_CONTEXT(2) 
PARAMETRIC_REPRESENTATION_CONTEXT() REPRESENTATION_CONTEXT('2D SPACE',''
  ) );
#12384 = PCURVE('',#4367,#12385);
#12385 = DEFINITIONAL_REPRESENTATION('',(#12386),#12390);
#12386 = LINE('',#12387,#12388);
#12387 = CARTESIAN_POINT('',(0.,0.));
#12388 = VECTOR('',#12389,1.);
#12389 = DIRECTION('',(0.,-1.));
#12390 = ( GEOMETRIC_REPRESENTATION_CONTEXT(2) 
PARAMETRIC_REPRESENTATION_CONTEXT() REPRESENTATION_CONTEXT('2D SPACE',''
  ) );
#12391 = ORIENTED_EDGE('',*,*,#4321,.F.);
#12392 = ADVANCED_FACE('',(#12393),#4427,.T.);
#12393 = FACE_BOUND('',#12394,.T.);
#12394 = EDGE_LOOP('',(#12395,#12418,#12439,#12440));
#12395 = ORIENTED_EDGE('',*,*,#12396,.T.);
#12396 = EDGE_CURVE('',#4382,#12397,#12399,.T.);
#12397 = VERTEX_POINT('',#12398);
#12398 = CARTESIAN_POINT('',(33.026123046875,-9.136474609375,1.7));
#12399 = SURFACE_CURVE('',#12400,(#12404,#12411),.PCURVE_S1.);
#12400 = LINE('',#12401,#12402);
#12401 = CARTESIAN_POINT('',(33.026123046875,-9.136474609375,2.5));
#12402 = VECTOR('',#12403,1.);
#12403 = DIRECTION('',(-0.,-0.,-1.));
#12404 = PCURVE('',#4427,#12405);
#12405 = DEFINITIONAL_REPRESENTATION('',(#12406),#12410);
#12406 = LINE('',#12407,#12408);
#12407 = CARTESIAN_POINT('',(0.,0.));
#12408 = VECTOR('',#12409,1.);
#12409 = DIRECTION('',(0.,-1.));
#12410 = ( GEOMETRIC_REPRESENTATION_CONTEXT(2) 
PARAMETRIC_REPRESENTATION_CONTEXT() REPRESENTATION_CONTEXT('2D SPACE',''
  ) );
#12411 = PCURVE('',#4397,#12412);
#12412 = DEFINITIONAL_REPRESENTATION('',(#12413),#12417);
#12413 = LINE('',#12414,#12415);
#12414 = CARTESIAN_POINT('',(1.,0.));
#12415 = VECTOR('',#12416,1.);
#12416 = DIRECTION('',(0.,-1.));
#12417 = ( GEOMETRIC_REPRESENTATION_CONTEXT(2) 
PARAMETRIC_REPRESENTATION_CONTEXT() REPRESENTATION_CONTEXT('2D SPACE',''
  ) );
#12418 = ORIENTED_EDGE('',*,*,#12419,.T.);
#12419 = EDGE_CURVE('',#12397,#12299,#12420,.T.);
#12420 = SURFACE_CURVE('',#12421,(#12425,#12432),.PCURVE_S1.);
#12421 = B_SPLINE_CURVE_WITH_KNOTS('',2,(#12422,#12423,#12424),
  .UNSPECIFIED.,.F.,.F.,(3,3),(0.,1.),.PIECEWISE_BEZIER_KNOTS.);
#12422 = CARTESIAN_POINT('',(33.026123046875,-9.136474609375,1.7));
#12423 = CARTESIAN_POINT('',(33.0986328125,-9.418823242188,1.7));
#12424 = CARTESIAN_POINT('',(33.0986328125,-9.897827148438,1.7));
#12425 = PCURVE('',#4427,#12426);
#12426 = DEFINITIONAL_REPRESENTATION('',(#12427),#12431);
#12427 = LINE('',#12428,#12429);
#12428 = CARTESIAN_POINT('',(0.,-0.8));
#12429 = VECTOR('',#12430,1.);
#12430 = DIRECTION('',(1.,0.));
#12431 = ( GEOMETRIC_REPRESENTATION_CONTEXT(2) 
PARAMETRIC_REPRESENTATION_CONTEXT() REPRESENTATION_CONTEXT('2D SPACE',''
  ) );
#12432 = PCURVE('',#11967,#12433);
#12433 = DEFINITIONAL_REPRESENTATION('',(#12434),#12438);
#12434 = B_SPLINE_CURVE_WITH_KNOTS('',2,(#12435,#12436,#12437),
  .UNSPECIFIED.,.F.,.F.,(3,3),(0.,1.),.PIECEWISE_BEZIER_KNOTS.);
#12435 = CARTESIAN_POINT('',(2.21484375,2.349975585938));
#12436 = CARTESIAN_POINT('',(2.287353515625,2.067626953125));
#12437 = CARTESIAN_POINT('',(2.287353515625,1.588623046875));
#12438 = ( GEOMETRIC_REPRESENTATION_CONTEXT(2) 
PARAMETRIC_REPRESENTATION_CONTEXT() REPRESENTATION_CONTEXT('2D SPACE',''
  ) );
#12439 = ORIENTED_EDGE('',*,*,#12298,.F.);
#12440 = ORIENTED_EDGE('',*,*,#4411,.F.);
#12441 = ADVANCED_FACE('',(#12442),#4367,.T.);
#12442 = FACE_BOUND('',#12443,.T.);
#12443 = EDGE_LOOP('',(#12444,#12445,#12468,#12489));
#12444 = ORIENTED_EDGE('',*,*,#12371,.T.);
#12445 = ORIENTED_EDGE('',*,*,#12446,.T.);
#12446 = EDGE_CURVE('',#12349,#12447,#12449,.T.);
#12447 = VERTEX_POINT('',#12448);
#12448 = CARTESIAN_POINT('',(32.826171875,-8.657470703125,1.7));
#12449 = SURFACE_CURVE('',#12450,(#12454,#12461),.PCURVE_S1.);
#12450 = B_SPLINE_CURVE_WITH_KNOTS('',2,(#12451,#12452,#12453),
  .UNSPECIFIED.,.F.,.F.,(3,3),(0.,1.),.PIECEWISE_BEZIER_KNOTS.);
#12451 = CARTESIAN_POINT('',(32.503173828125,-8.3564453125,1.7));
#12452 = CARTESIAN_POINT('',(32.69873046875,-8.460815429688,1.7));
#12453 = CARTESIAN_POINT('',(32.826171875,-8.657470703125,1.7));
#12454 = PCURVE('',#4367,#12455);
#12455 = DEFINITIONAL_REPRESENTATION('',(#12456),#12460);
#12456 = LINE('',#12457,#12458);
#12457 = CARTESIAN_POINT('',(0.,-0.8));
#12458 = VECTOR('',#12459,1.);
#12459 = DIRECTION('',(1.,0.));
#12460 = ( GEOMETRIC_REPRESENTATION_CONTEXT(2) 
PARAMETRIC_REPRESENTATION_CONTEXT() REPRESENTATION_CONTEXT('2D SPACE',''
  ) );
#12461 = PCURVE('',#11967,#12462);
#12462 = DEFINITIONAL_REPRESENTATION('',(#12463),#12467);
#12463 = B_SPLINE_CURVE_WITH_KNOTS('',2,(#12464,#12465,#12466),
  .UNSPECIFIED.,.F.,.F.,(3,3),(0.,1.),.PIECEWISE_BEZIER_KNOTS.);
#12464 = CARTESIAN_POINT('',(1.69189453125,3.130004882812));
#12465 = CARTESIAN_POINT('',(1.887451171875,3.025634765625));
#12466 = CARTESIAN_POINT('',(2.014892578125,2.828979492188));
#12467 = ( GEOMETRIC_REPRESENTATION_CONTEXT(2) 
PARAMETRIC_REPRESENTATION_CONTEXT() REPRESENTATION_CONTEXT('2D SPACE',''
  ) );
#12468 = ORIENTED_EDGE('',*,*,#12469,.F.);
#12469 = EDGE_CURVE('',#4352,#12447,#12470,.T.);
#12470 = SURFACE_CURVE('',#12471,(#12475,#12482),.PCURVE_S1.);
#12471 = LINE('',#12472,#12473);
#12472 = CARTESIAN_POINT('',(32.826171875,-8.657470703125,2.5));
#12473 = VECTOR('',#12474,1.);
#12474 = DIRECTION('',(-0.,-0.,-1.));
#12475 = PCURVE('',#4367,#12476);
#12476 = DEFINITIONAL_REPRESENTATION('',(#12477),#12481);
#12477 = LINE('',#12478,#12479);
#12478 = CARTESIAN_POINT('',(1.,0.));
#12479 = VECTOR('',#12480,1.);
#12480 = DIRECTION('',(0.,-1.));
#12481 = ( GEOMETRIC_REPRESENTATION_CONTEXT(2) 
PARAMETRIC_REPRESENTATION_CONTEXT() REPRESENTATION_CONTEXT('2D SPACE',''
  ) );
#12482 = PCURVE('',#4397,#12483);
#12483 = DEFINITIONAL_REPRESENTATION('',(#12484),#12488);
#12484 = LINE('',#12485,#12486);
#12485 = CARTESIAN_POINT('',(0.,0.));
#12486 = VECTOR('',#12487,1.);
#12487 = DIRECTION('',(0.,-1.));
#12488 = ( GEOMETRIC_REPRESENTATION_CONTEXT(2) 
PARAMETRIC_REPRESENTATION_CONTEXT() REPRESENTATION_CONTEXT('2D SPACE',''
  ) );
#12489 = ORIENTED_EDGE('',*,*,#4351,.F.);
#12490 = ADVANCED_FACE('',(#12491),#4397,.T.);
#12491 = FACE_BOUND('',#12492,.T.);
#12492 = EDGE_LOOP('',(#12493,#12494,#12515,#12516));
#12493 = ORIENTED_EDGE('',*,*,#12469,.T.);
#12494 = ORIENTED_EDGE('',*,*,#12495,.T.);
#12495 = EDGE_CURVE('',#12447,#12397,#12496,.T.);
#12496 = SURFACE_CURVE('',#12497,(#12501,#12508),.PCURVE_S1.);
#12497 = B_SPLINE_CURVE_WITH_KNOTS('',2,(#12498,#12499,#12500),
  .UNSPECIFIED.,.F.,.F.,(3,3),(0.,1.),.PIECEWISE_BEZIER_KNOTS.);
#12498 = CARTESIAN_POINT('',(32.826171875,-8.657470703125,1.7));
#12499 = CARTESIAN_POINT('',(32.95361328125,-8.854125976562,1.7));
#12500 = CARTESIAN_POINT('',(33.026123046875,-9.136474609375,1.7));
#12501 = PCURVE('',#4397,#12502);
#12502 = DEFINITIONAL_REPRESENTATION('',(#12503),#12507);
#12503 = LINE('',#12504,#12505);
#12504 = CARTESIAN_POINT('',(0.,-0.8));
#12505 = VECTOR('',#12506,1.);
#12506 = DIRECTION('',(1.,0.));
#12507 = ( GEOMETRIC_REPRESENTATION_CONTEXT(2) 
PARAMETRIC_REPRESENTATION_CONTEXT() REPRESENTATION_CONTEXT('2D SPACE',''
  ) );
#12508 = PCURVE('',#11967,#12509);
#12509 = DEFINITIONAL_REPRESENTATION('',(#12510),#12514);
#12510 = B_SPLINE_CURVE_WITH_KNOTS('',2,(#12511,#12512,#12513),
  .UNSPECIFIED.,.F.,.F.,(3,3),(0.,1.),.PIECEWISE_BEZIER_KNOTS.);
#12511 = CARTESIAN_POINT('',(2.014892578125,2.828979492188));
#12512 = CARTESIAN_POINT('',(2.142333984375,2.63232421875));
#12513 = CARTESIAN_POINT('',(2.21484375,2.349975585938));
#12514 = ( GEOMETRIC_REPRESENTATION_CONTEXT(2) 
PARAMETRIC_REPRESENTATION_CONTEXT() REPRESENTATION_CONTEXT('2D SPACE',''
  ) );
#12515 = ORIENTED_EDGE('',*,*,#12396,.F.);
#12516 = ORIENTED_EDGE('',*,*,#4381,.F.);
#12517 = ADVANCED_FACE('',(#12518),#4579,.T.);
#12518 = FACE_BOUND('',#12519,.T.);
#12519 = EDGE_LOOP('',(#12520,#12543,#12571,#12592));
#12520 = ORIENTED_EDGE('',*,*,#12521,.T.);
#12521 = EDGE_CURVE('',#4562,#12522,#12524,.T.);
#12522 = VERTEX_POINT('',#12523);
#12523 = CARTESIAN_POINT('',(64.23291015625,-8.252075195312,1.7));
#12524 = SURFACE_CURVE('',#12525,(#12529,#12536),.PCURVE_S1.);
#12525 = LINE('',#12526,#12527);
#12526 = CARTESIAN_POINT('',(64.23291015625,-8.252075195312,2.5));
#12527 = VECTOR('',#12528,1.);
#12528 = DIRECTION('',(-0.,-0.,-1.));
#12529 = PCURVE('',#4579,#12530);
#12530 = DEFINITIONAL_REPRESENTATION('',(#12531),#12535);
#12531 = LINE('',#12532,#12533);
#12532 = CARTESIAN_POINT('',(0.,0.));
#12533 = VECTOR('',#12534,1.);
#12534 = DIRECTION('',(0.,-1.));
#12535 = ( GEOMETRIC_REPRESENTATION_CONTEXT(2) 
PARAMETRIC_REPRESENTATION_CONTEXT() REPRESENTATION_CONTEXT('2D SPACE',''
  ) );
#12536 = PCURVE('',#4807,#12537);
#12537 = DEFINITIONAL_REPRESENTATION('',(#12538),#12542);
#12538 = LINE('',#12539,#12540);
#12539 = CARTESIAN_POINT('',(1.,0.));
#12540 = VECTOR('',#12541,1.);
#12541 = DIRECTION('',(0.,-1.));
#12542 = ( GEOMETRIC_REPRESENTATION_CONTEXT(2) 
PARAMETRIC_REPRESENTATION_CONTEXT() REPRESENTATION_CONTEXT('2D SPACE',''
  ) );
#12543 = ORIENTED_EDGE('',*,*,#12544,.T.);
#12544 = EDGE_CURVE('',#12522,#12545,#12547,.T.);
#12545 = VERTEX_POINT('',#12546);
#12546 = CARTESIAN_POINT('',(64.48779296875,-8.252075195312,1.7));
#12547 = SURFACE_CURVE('',#12548,(#12552,#12559),.PCURVE_S1.);
#12548 = LINE('',#12549,#12550);
#12549 = CARTESIAN_POINT('',(64.23291015625,-8.252075195312,1.7));
#12550 = VECTOR('',#12551,1.);
#12551 = DIRECTION('',(1.,0.,0.));
#12552 = PCURVE('',#4579,#12553);
#12553 = DEFINITIONAL_REPRESENTATION('',(#12554),#12558);
#12554 = LINE('',#12555,#12556);
#12555 = CARTESIAN_POINT('',(0.,-0.8));
#12556 = VECTOR('',#12557,1.);
#12557 = DIRECTION('',(1.,0.));
#12558 = ( GEOMETRIC_REPRESENTATION_CONTEXT(2) 
PARAMETRIC_REPRESENTATION_CONTEXT() REPRESENTATION_CONTEXT('2D SPACE',''
  ) );
#12559 = PCURVE('',#12560,#12565);
#12560 = PLANE('',#12561);
#12561 = AXIS2_PLACEMENT_3D('',#12562,#12563,#12564);
#12562 = CARTESIAN_POINT('',(62.811279296875,-11.48645019531,1.7));
#12563 = DIRECTION('',(0.,0.,1.));
#12564 = DIRECTION('',(1.,0.,0.));
#12565 = DEFINITIONAL_REPRESENTATION('',(#12566),#12570);
#12566 = LINE('',#12567,#12568);
#12567 = CARTESIAN_POINT('',(1.421630859375,3.234375));
#12568 = VECTOR('',#12569,1.);
#12569 = DIRECTION('',(1.,0.));
#12570 = ( GEOMETRIC_REPRESENTATION_CONTEXT(2) 
PARAMETRIC_REPRESENTATION_CONTEXT() REPRESENTATION_CONTEXT('2D SPACE',''
  ) );
#12571 = ORIENTED_EDGE('',*,*,#12572,.F.);
#12572 = EDGE_CURVE('',#4564,#12545,#12573,.T.);
#12573 = SURFACE_CURVE('',#12574,(#12578,#12585),.PCURVE_S1.);
#12574 = LINE('',#12575,#12576);
#12575 = CARTESIAN_POINT('',(64.48779296875,-8.252075195312,2.5));
#12576 = VECTOR('',#12577,1.);
#12577 = DIRECTION('',(-0.,-0.,-1.));
#12578 = PCURVE('',#4579,#12579);
#12579 = DEFINITIONAL_REPRESENTATION('',(#12580),#12584);
#12580 = LINE('',#12581,#12582);
#12581 = CARTESIAN_POINT('',(0.2548828125,0.));
#12582 = VECTOR('',#12583,1.);
#12583 = DIRECTION('',(0.,-1.));
#12584 = ( GEOMETRIC_REPRESENTATION_CONTEXT(2) 
PARAMETRIC_REPRESENTATION_CONTEXT() REPRESENTATION_CONTEXT('2D SPACE',''
  ) );
#12585 = PCURVE('',#4607,#12586);
#12586 = DEFINITIONAL_REPRESENTATION('',(#12587),#12591);
#12587 = LINE('',#12588,#12589);
#12588 = CARTESIAN_POINT('',(0.,0.));
#12589 = VECTOR('',#12590,1.);
#12590 = DIRECTION('',(0.,-1.));
#12591 = ( GEOMETRIC_REPRESENTATION_CONTEXT(2) 
PARAMETRIC_REPRESENTATION_CONTEXT() REPRESENTATION_CONTEXT('2D SPACE',''
  ) );
#12592 = ORIENTED_EDGE('',*,*,#4561,.F.);
#12593 = ADVANCED_FACE('',(#12594),#4807,.T.);
#12594 = FACE_BOUND('',#12595,.T.);
#12595 = EDGE_LOOP('',(#12596,#12619,#12640,#12641));
#12596 = ORIENTED_EDGE('',*,*,#12597,.T.);
#12597 = EDGE_CURVE('',#4764,#12598,#12600,.T.);
#12598 = VERTEX_POINT('',#12599);
#12599 = CARTESIAN_POINT('',(63.88134765625,-8.682739257812,1.7));
#12600 = SURFACE_CURVE('',#12601,(#12605,#12612),.PCURVE_S1.);
#12601 = LINE('',#12602,#12603);
#12602 = CARTESIAN_POINT('',(63.88134765625,-8.682739257812,2.5));
#12603 = VECTOR('',#12604,1.);
#12604 = DIRECTION('',(-0.,-0.,-1.));
#12605 = PCURVE('',#4807,#12606);
#12606 = DEFINITIONAL_REPRESENTATION('',(#12607),#12611);
#12607 = LINE('',#12608,#12609);
#12608 = CARTESIAN_POINT('',(0.,0.));
#12609 = VECTOR('',#12610,1.);
#12610 = DIRECTION('',(0.,-1.));
#12611 = ( GEOMETRIC_REPRESENTATION_CONTEXT(2) 
PARAMETRIC_REPRESENTATION_CONTEXT() REPRESENTATION_CONTEXT('2D SPACE',''
  ) );
#12612 = PCURVE('',#4779,#12613);
#12613 = DEFINITIONAL_REPRESENTATION('',(#12614),#12618);
#12614 = LINE('',#12615,#12616);
#12615 = CARTESIAN_POINT('',(1.,0.));
#12616 = VECTOR('',#12617,1.);
#12617 = DIRECTION('',(0.,-1.));
#12618 = ( GEOMETRIC_REPRESENTATION_CONTEXT(2) 
PARAMETRIC_REPRESENTATION_CONTEXT() REPRESENTATION_CONTEXT('2D SPACE',''
  ) );
#12619 = ORIENTED_EDGE('',*,*,#12620,.T.);
#12620 = EDGE_CURVE('',#12598,#12522,#12621,.T.);
#12621 = SURFACE_CURVE('',#12622,(#12626,#12633),.PCURVE_S1.);
#12622 = B_SPLINE_CURVE_WITH_KNOTS('',2,(#12623,#12624,#12625),
  .UNSPECIFIED.,.F.,.F.,(3,3),(0.,1.),.PIECEWISE_BEZIER_KNOTS.);
#12623 = CARTESIAN_POINT('',(63.88134765625,-8.682739257812,1.7));
#12624 = CARTESIAN_POINT('',(64.129638671875,-8.460815429688,1.7));
#12625 = CARTESIAN_POINT('',(64.23291015625,-8.252075195312,1.7));
#12626 = PCURVE('',#4807,#12627);
#12627 = DEFINITIONAL_REPRESENTATION('',(#12628),#12632);
#12628 = LINE('',#12629,#12630);
#12629 = CARTESIAN_POINT('',(0.,-0.8));
#12630 = VECTOR('',#12631,1.);
#12631 = DIRECTION('',(1.,0.));
#12632 = ( GEOMETRIC_REPRESENTATION_CONTEXT(2) 
PARAMETRIC_REPRESENTATION_CONTEXT() REPRESENTATION_CONTEXT('2D SPACE',''
  ) );
#12633 = PCURVE('',#12560,#12634);
#12634 = DEFINITIONAL_REPRESENTATION('',(#12635),#12639);
#12635 = B_SPLINE_CURVE_WITH_KNOTS('',2,(#12636,#12637,#12638),
  .UNSPECIFIED.,.F.,.F.,(3,3),(0.,1.),.PIECEWISE_BEZIER_KNOTS.);
#12636 = CARTESIAN_POINT('',(1.070068359375,2.8037109375));
#12637 = CARTESIAN_POINT('',(1.318359375,3.025634765625));
#12638 = CARTESIAN_POINT('',(1.421630859375,3.234375));
#12639 = ( GEOMETRIC_REPRESENTATION_CONTEXT(2) 
PARAMETRIC_REPRESENTATION_CONTEXT() REPRESENTATION_CONTEXT('2D SPACE',''
  ) );
#12640 = ORIENTED_EDGE('',*,*,#12521,.F.);
#12641 = ORIENTED_EDGE('',*,*,#4793,.F.);
#12642 = ADVANCED_FACE('',(#12643),#4779,.T.);
#12643 = FACE_BOUND('',#12644,.T.);
#12644 = EDGE_LOOP('',(#12645,#12668,#12689,#12690));
#12645 = ORIENTED_EDGE('',*,*,#12646,.T.);
#12646 = EDGE_CURVE('',#4736,#12647,#12649,.T.);
#12647 = VERTEX_POINT('',#12648);
#12648 = CARTESIAN_POINT('',(63.30126953125,-9.060668945312,1.7));
#12649 = SURFACE_CURVE('',#12650,(#12654,#12661),.PCURVE_S1.);
#12650 = LINE('',#12651,#12652);
#12651 = CARTESIAN_POINT('',(63.30126953125,-9.060668945312,2.5));
#12652 = VECTOR('',#12653,1.);
#12653 = DIRECTION('',(-0.,-0.,-1.));
#12654 = PCURVE('',#4779,#12655);
#12655 = DEFINITIONAL_REPRESENTATION('',(#12656),#12660);
#12656 = LINE('',#12657,#12658);
#12657 = CARTESIAN_POINT('',(0.,0.));
#12658 = VECTOR('',#12659,1.);
#12659 = DIRECTION('',(0.,-1.));
#12660 = ( GEOMETRIC_REPRESENTATION_CONTEXT(2) 
PARAMETRIC_REPRESENTATION_CONTEXT() REPRESENTATION_CONTEXT('2D SPACE',''
  ) );
#12661 = PCURVE('',#4751,#12662);
#12662 = DEFINITIONAL_REPRESENTATION('',(#12663),#12667);
#12663 = LINE('',#12664,#12665);
#12664 = CARTESIAN_POINT('',(0.38232421875,0.));
#12665 = VECTOR('',#12666,1.);
#12666 = DIRECTION('',(0.,-1.));
#12667 = ( GEOMETRIC_REPRESENTATION_CONTEXT(2) 
PARAMETRIC_REPRESENTATION_CONTEXT() REPRESENTATION_CONTEXT('2D SPACE',''
  ) );
#12668 = ORIENTED_EDGE('',*,*,#12669,.T.);
#12669 = EDGE_CURVE('',#12647,#12598,#12670,.T.);
#12670 = SURFACE_CURVE('',#12671,(#12675,#12682),.PCURVE_S1.);
#12671 = B_SPLINE_CURVE_WITH_KNOTS('',2,(#12672,#12673,#12674),
  .UNSPECIFIED.,.F.,.F.,(3,3),(0.,1.),.PIECEWISE_BEZIER_KNOTS.);
#12672 = CARTESIAN_POINT('',(63.30126953125,-9.060668945312,1.7));
#12673 = CARTESIAN_POINT('',(63.633056640625,-8.904663085938,1.7));
#12674 = CARTESIAN_POINT('',(63.88134765625,-8.682739257812,1.7));
#12675 = PCURVE('',#4779,#12676);
#12676 = DEFINITIONAL_REPRESENTATION('',(#12677),#12681);
#12677 = LINE('',#12678,#12679);
#12678 = CARTESIAN_POINT('',(0.,-0.8));
#12679 = VECTOR('',#12680,1.);
#12680 = DIRECTION('',(1.,0.));
#12681 = ( GEOMETRIC_REPRESENTATION_CONTEXT(2) 
PARAMETRIC_REPRESENTATION_CONTEXT() REPRESENTATION_CONTEXT('2D SPACE',''
  ) );
#12682 = PCURVE('',#12560,#12683);
#12683 = DEFINITIONAL_REPRESENTATION('',(#12684),#12688);
#12684 = B_SPLINE_CURVE_WITH_KNOTS('',2,(#12685,#12686,#12687),
  .UNSPECIFIED.,.F.,.F.,(3,3),(0.,1.),.PIECEWISE_BEZIER_KNOTS.);
#12685 = CARTESIAN_POINT('',(0.489990234375,2.42578125));
#12686 = CARTESIAN_POINT('',(0.82177734375,2.581787109375));
#12687 = CARTESIAN_POINT('',(1.070068359375,2.8037109375));
#12688 = ( GEOMETRIC_REPRESENTATION_CONTEXT(2) 
PARAMETRIC_REPRESENTATION_CONTEXT() REPRESENTATION_CONTEXT('2D SPACE',''
  ) );
#12689 = ORIENTED_EDGE('',*,*,#12597,.F.);
#12690 = ORIENTED_EDGE('',*,*,#4763,.F.);
#12691 = ADVANCED_FACE('',(#12692),#4751,.T.);
#12692 = FACE_BOUND('',#12693,.T.);
#12693 = EDGE_LOOP('',(#12694,#12717,#12738,#12739));
#12694 = ORIENTED_EDGE('',*,*,#12695,.T.);
#12695 = EDGE_CURVE('',#4706,#12696,#12698,.T.);
#12696 = VERTEX_POINT('',#12697);
#12697 = CARTESIAN_POINT('',(63.30126953125,-9.442993164062,1.7));
#12698 = SURFACE_CURVE('',#12699,(#12703,#12710),.PCURVE_S1.);
#12699 = LINE('',#12700,#12701);
#12700 = CARTESIAN_POINT('',(63.30126953125,-9.442993164062,2.5));
#12701 = VECTOR('',#12702,1.);
#12702 = DIRECTION('',(-0.,-0.,-1.));
#12703 = PCURVE('',#4751,#12704);
#12704 = DEFINITIONAL_REPRESENTATION('',(#12705),#12709);
#12705 = LINE('',#12706,#12707);
#12706 = CARTESIAN_POINT('',(0.,0.));
#12707 = VECTOR('',#12708,1.);
#12708 = DIRECTION('',(0.,-1.));
#12709 = ( GEOMETRIC_REPRESENTATION_CONTEXT(2) 
PARAMETRIC_REPRESENTATION_CONTEXT() REPRESENTATION_CONTEXT('2D SPACE',''
  ) );
#12710 = PCURVE('',#4721,#12711);
#12711 = DEFINITIONAL_REPRESENTATION('',(#12712),#12716);
#12712 = LINE('',#12713,#12714);
#12713 = CARTESIAN_POINT('',(1.,0.));
#12714 = VECTOR('',#12715,1.);
#12715 = DIRECTION('',(0.,-1.));
#12716 = ( GEOMETRIC_REPRESENTATION_CONTEXT(2) 
PARAMETRIC_REPRESENTATION_CONTEXT() REPRESENTATION_CONTEXT('2D SPACE',''
  ) );
#12717 = ORIENTED_EDGE('',*,*,#12718,.T.);
#12718 = EDGE_CURVE('',#12696,#12647,#12719,.T.);
#12719 = SURFACE_CURVE('',#12720,(#12724,#12731),.PCURVE_S1.);
#12720 = LINE('',#12721,#12722);
#12721 = CARTESIAN_POINT('',(63.30126953125,-9.442993164062,1.7));
#12722 = VECTOR('',#12723,1.);
#12723 = DIRECTION('',(0.,1.,0.));
#12724 = PCURVE('',#4751,#12725);
#12725 = DEFINITIONAL_REPRESENTATION('',(#12726),#12730);
#12726 = LINE('',#12727,#12728);
#12727 = CARTESIAN_POINT('',(0.,-0.8));
#12728 = VECTOR('',#12729,1.);
#12729 = DIRECTION('',(1.,0.));
#12730 = ( GEOMETRIC_REPRESENTATION_CONTEXT(2) 
PARAMETRIC_REPRESENTATION_CONTEXT() REPRESENTATION_CONTEXT('2D SPACE',''
  ) );
#12731 = PCURVE('',#12560,#12732);
#12732 = DEFINITIONAL_REPRESENTATION('',(#12733),#12737);
#12733 = LINE('',#12734,#12735);
#12734 = CARTESIAN_POINT('',(0.489990234375,2.04345703125));
#12735 = VECTOR('',#12736,1.);
#12736 = DIRECTION('',(0.,1.));
#12737 = ( GEOMETRIC_REPRESENTATION_CONTEXT(2) 
PARAMETRIC_REPRESENTATION_CONTEXT() REPRESENTATION_CONTEXT('2D SPACE',''
  ) );
#12738 = ORIENTED_EDGE('',*,*,#12646,.F.);
#12739 = ORIENTED_EDGE('',*,*,#4735,.F.);
#12740 = ADVANCED_FACE('',(#12741),#4721,.T.);
#12741 = FACE_BOUND('',#12742,.T.);
#12742 = EDGE_LOOP('',(#12743,#12766,#12787,#12788));
#12743 = ORIENTED_EDGE('',*,*,#12744,.T.);
#12744 = EDGE_CURVE('',#4676,#12745,#12747,.T.);
#12745 = VERTEX_POINT('',#12746);
#12746 = CARTESIAN_POINT('',(63.717651367188,-9.238647460938,1.7));
#12747 = SURFACE_CURVE('',#12748,(#12752,#12759),.PCURVE_S1.);
#12748 = LINE('',#12749,#12750);
#12749 = CARTESIAN_POINT('',(63.717651367188,-9.238647460938,2.5));
#12750 = VECTOR('',#12751,1.);
#12751 = DIRECTION('',(-0.,-0.,-1.));
#12752 = PCURVE('',#4721,#12753);
#12753 = DEFINITIONAL_REPRESENTATION('',(#12754),#12758);
#12754 = LINE('',#12755,#12756);
#12755 = CARTESIAN_POINT('',(0.,0.));
#12756 = VECTOR('',#12757,1.);
#12757 = DIRECTION('',(0.,-1.));
#12758 = ( GEOMETRIC_REPRESENTATION_CONTEXT(2) 
PARAMETRIC_REPRESENTATION_CONTEXT() REPRESENTATION_CONTEXT('2D SPACE',''
  ) );
#12759 = PCURVE('',#4691,#12760);
#12760 = DEFINITIONAL_REPRESENTATION('',(#12761),#12765);
#12761 = LINE('',#12762,#12763);
#12762 = CARTESIAN_POINT('',(1.,0.));
#12763 = VECTOR('',#12764,1.);
#12764 = DIRECTION('',(0.,-1.));
#12765 = ( GEOMETRIC_REPRESENTATION_CONTEXT(2) 
PARAMETRIC_REPRESENTATION_CONTEXT() REPRESENTATION_CONTEXT('2D SPACE',''
  ) );
#12766 = ORIENTED_EDGE('',*,*,#12767,.T.);
#12767 = EDGE_CURVE('',#12745,#12696,#12768,.T.);
#12768 = SURFACE_CURVE('',#12769,(#12773,#12780),.PCURVE_S1.);
#12769 = B_SPLINE_CURVE_WITH_KNOTS('',2,(#12770,#12771,#12772),
  .UNSPECIFIED.,.F.,.F.,(3,3),(0.,1.),.PIECEWISE_BEZIER_KNOTS.);
#12770 = CARTESIAN_POINT('',(63.717651367188,-9.238647460938,1.7));
#12771 = CARTESIAN_POINT('',(63.48583984375,-9.374877929688,1.7));
#12772 = CARTESIAN_POINT('',(63.30126953125,-9.442993164062,1.7));
#12773 = PCURVE('',#4721,#12774);
#12774 = DEFINITIONAL_REPRESENTATION('',(#12775),#12779);
#12775 = LINE('',#12776,#12777);
#12776 = CARTESIAN_POINT('',(0.,-0.8));
#12777 = VECTOR('',#12778,1.);
#12778 = DIRECTION('',(1.,0.));
#12779 = ( GEOMETRIC_REPRESENTATION_CONTEXT(2) 
PARAMETRIC_REPRESENTATION_CONTEXT() REPRESENTATION_CONTEXT('2D SPACE',''
  ) );
#12780 = PCURVE('',#12560,#12781);
#12781 = DEFINITIONAL_REPRESENTATION('',(#12782),#12786);
#12782 = B_SPLINE_CURVE_WITH_KNOTS('',2,(#12783,#12784,#12785),
  .UNSPECIFIED.,.F.,.F.,(3,3),(0.,1.),.PIECEWISE_BEZIER_KNOTS.);
#12783 = CARTESIAN_POINT('',(0.906372070312,2.247802734375));
#12784 = CARTESIAN_POINT('',(0.674560546875,2.111572265625));
#12785 = CARTESIAN_POINT('',(0.489990234375,2.04345703125));
#12786 = ( GEOMETRIC_REPRESENTATION_CONTEXT(2) 
PARAMETRIC_REPRESENTATION_CONTEXT() REPRESENTATION_CONTEXT('2D SPACE',''
  ) );
#12787 = ORIENTED_EDGE('',*,*,#12695,.F.);
#12788 = ORIENTED_EDGE('',*,*,#4705,.F.);
#12789 = ADVANCED_FACE('',(#12790),#4691,.T.);
#12790 = FACE_BOUND('',#12791,.T.);
#12791 = EDGE_LOOP('',(#12792,#12815,#12836,#12837));
#12792 = ORIENTED_EDGE('',*,*,#12793,.T.);
#12793 = EDGE_CURVE('',#4648,#12794,#12796,.T.);
#12794 = VERTEX_POINT('',#12795);
#12795 = CARTESIAN_POINT('',(64.09228515625,-8.966186523438,1.7));
#12796 = SURFACE_CURVE('',#12797,(#12801,#12808),.PCURVE_S1.);
#12797 = LINE('',#12798,#12799);
#12798 = CARTESIAN_POINT('',(64.09228515625,-8.966186523438,2.5));
#12799 = VECTOR('',#12800,1.);
#12800 = DIRECTION('',(-0.,-0.,-1.));
#12801 = PCURVE('',#4691,#12802);
#12802 = DEFINITIONAL_REPRESENTATION('',(#12803),#12807);
#12803 = LINE('',#12804,#12805);
#12804 = CARTESIAN_POINT('',(0.,0.));
#12805 = VECTOR('',#12806,1.);
#12806 = DIRECTION('',(0.,-1.));
#12807 = ( GEOMETRIC_REPRESENTATION_CONTEXT(2) 
PARAMETRIC_REPRESENTATION_CONTEXT() REPRESENTATION_CONTEXT('2D SPACE',''
  ) );
#12808 = PCURVE('',#4663,#12809);
#12809 = DEFINITIONAL_REPRESENTATION('',(#12810),#12814);
#12810 = LINE('',#12811,#12812);
#12811 = CARTESIAN_POINT('',(2.520263671875,0.));
#12812 = VECTOR('',#12813,1.);
#12813 = DIRECTION('',(0.,-1.));
#12814 = ( GEOMETRIC_REPRESENTATION_CONTEXT(2) 
PARAMETRIC_REPRESENTATION_CONTEXT() REPRESENTATION_CONTEXT('2D SPACE',''
  ) );
#12815 = ORIENTED_EDGE('',*,*,#12816,.T.);
#12816 = EDGE_CURVE('',#12794,#12745,#12817,.T.);
#12817 = SURFACE_CURVE('',#12818,(#12822,#12829),.PCURVE_S1.);
#12818 = B_SPLINE_CURVE_WITH_KNOTS('',2,(#12819,#12820,#12821),
  .UNSPECIFIED.,.F.,.F.,(3,3),(0.,1.),.PIECEWISE_BEZIER_KNOTS.);
#12819 = CARTESIAN_POINT('',(64.09228515625,-8.966186523438,1.7));
#12820 = CARTESIAN_POINT('',(63.949462890625,-9.102416992188,1.7));
#12821 = CARTESIAN_POINT('',(63.717651367188,-9.238647460938,1.7));
#12822 = PCURVE('',#4691,#12823);
#12823 = DEFINITIONAL_REPRESENTATION('',(#12824),#12828);
#12824 = LINE('',#12825,#12826);
#12825 = CARTESIAN_POINT('',(0.,-0.8));
#12826 = VECTOR('',#12827,1.);
#12827 = DIRECTION('',(1.,0.));
#12828 = ( GEOMETRIC_REPRESENTATION_CONTEXT(2) 
PARAMETRIC_REPRESENTATION_CONTEXT() REPRESENTATION_CONTEXT('2D SPACE',''
  ) );
#12829 = PCURVE('',#12560,#12830);
#12830 = DEFINITIONAL_REPRESENTATION('',(#12831),#12835);
#12831 = B_SPLINE_CURVE_WITH_KNOTS('',2,(#12832,#12833,#12834),
  .UNSPECIFIED.,.F.,.F.,(3,3),(0.,1.),.PIECEWISE_BEZIER_KNOTS.);
#12832 = CARTESIAN_POINT('',(1.281005859375,2.520263671875));
#12833 = CARTESIAN_POINT('',(1.13818359375,2.384033203125));
#12834 = CARTESIAN_POINT('',(0.906372070312,2.247802734375));
#12835 = ( GEOMETRIC_REPRESENTATION_CONTEXT(2) 
PARAMETRIC_REPRESENTATION_CONTEXT() REPRESENTATION_CONTEXT('2D SPACE',''
  ) );
#12836 = ORIENTED_EDGE('',*,*,#12744,.F.);
#12837 = ORIENTED_EDGE('',*,*,#4675,.F.);
#12838 = ADVANCED_FACE('',(#12839),#4663,.T.);
#12839 = FACE_BOUND('',#12840,.T.);
#12840 = EDGE_LOOP('',(#12841,#12864,#12885,#12886));
#12841 = ORIENTED_EDGE('',*,*,#12842,.T.);
#12842 = EDGE_CURVE('',#4620,#12843,#12845,.T.);
#12843 = VERTEX_POINT('',#12844);
#12844 = CARTESIAN_POINT('',(64.09228515625,-11.48645019531,1.7));
#12845 = SURFACE_CURVE('',#12846,(#12850,#12857),.PCURVE_S1.);
#12846 = LINE('',#12847,#12848);
#12847 = CARTESIAN_POINT('',(64.09228515625,-11.48645019531,2.5));
#12848 = VECTOR('',#12849,1.);
#12849 = DIRECTION('',(-0.,-0.,-1.));
#12850 = PCURVE('',#4663,#12851);
#12851 = DEFINITIONAL_REPRESENTATION('',(#12852),#12856);
#12852 = LINE('',#12853,#12854);
#12853 = CARTESIAN_POINT('',(0.,0.));
#12854 = VECTOR('',#12855,1.);
#12855 = DIRECTION('',(0.,-1.));
#12856 = ( GEOMETRIC_REPRESENTATION_CONTEXT(2) 
PARAMETRIC_REPRESENTATION_CONTEXT() REPRESENTATION_CONTEXT('2D SPACE',''
  ) );
#12857 = PCURVE('',#4635,#12858);
#12858 = DEFINITIONAL_REPRESENTATION('',(#12859),#12863);
#12859 = LINE('',#12860,#12861);
#12860 = CARTESIAN_POINT('',(0.3955078125,0.));
#12861 = VECTOR('',#12862,1.);
#12862 = DIRECTION('',(0.,-1.));
#12863 = ( GEOMETRIC_REPRESENTATION_CONTEXT(2) 
PARAMETRIC_REPRESENTATION_CONTEXT() REPRESENTATION_CONTEXT('2D SPACE',''
  ) );
#12864 = ORIENTED_EDGE('',*,*,#12865,.T.);
#12865 = EDGE_CURVE('',#12843,#12794,#12866,.T.);
#12866 = SURFACE_CURVE('',#12867,(#12871,#12878),.PCURVE_S1.);
#12867 = LINE('',#12868,#12869);
#12868 = CARTESIAN_POINT('',(64.09228515625,-11.48645019531,1.7));
#12869 = VECTOR('',#12870,1.);
#12870 = DIRECTION('',(0.,1.,0.));
#12871 = PCURVE('',#4663,#12872);
#12872 = DEFINITIONAL_REPRESENTATION('',(#12873),#12877);
#12873 = LINE('',#12874,#12875);
#12874 = CARTESIAN_POINT('',(0.,-0.8));
#12875 = VECTOR('',#12876,1.);
#12876 = DIRECTION('',(1.,0.));
#12877 = ( GEOMETRIC_REPRESENTATION_CONTEXT(2) 
PARAMETRIC_REPRESENTATION_CONTEXT() REPRESENTATION_CONTEXT('2D SPACE',''
  ) );
#12878 = PCURVE('',#12560,#12879);
#12879 = DEFINITIONAL_REPRESENTATION('',(#12880),#12884);
#12880 = LINE('',#12881,#12882);
#12881 = CARTESIAN_POINT('',(1.281005859375,0.));
#12882 = VECTOR('',#12883,1.);
#12883 = DIRECTION('',(0.,1.));
#12884 = ( GEOMETRIC_REPRESENTATION_CONTEXT(2) 
PARAMETRIC_REPRESENTATION_CONTEXT() REPRESENTATION_CONTEXT('2D SPACE',''
  ) );
#12885 = ORIENTED_EDGE('',*,*,#12793,.F.);
#12886 = ORIENTED_EDGE('',*,*,#4647,.F.);
#12887 = ADVANCED_FACE('',(#12888),#4635,.T.);
#12888 = FACE_BOUND('',#12889,.T.);
#12889 = EDGE_LOOP('',(#12890,#12913,#12934,#12935));
#12890 = ORIENTED_EDGE('',*,*,#12891,.T.);
#12891 = EDGE_CURVE('',#4592,#12892,#12894,.T.);
#12892 = VERTEX_POINT('',#12893);
#12893 = CARTESIAN_POINT('',(64.48779296875,-11.48645019531,1.7));
#12894 = SURFACE_CURVE('',#12895,(#12899,#12906),.PCURVE_S1.);
#12895 = LINE('',#12896,#12897);
#12896 = CARTESIAN_POINT('',(64.48779296875,-11.48645019531,2.5));
#12897 = VECTOR('',#12898,1.);
#12898 = DIRECTION('',(-0.,-0.,-1.));
#12899 = PCURVE('',#4635,#12900);
#12900 = DEFINITIONAL_REPRESENTATION('',(#12901),#12905);
#12901 = LINE('',#12902,#12903);
#12902 = CARTESIAN_POINT('',(0.,0.));
#12903 = VECTOR('',#12904,1.);
#12904 = DIRECTION('',(0.,-1.));
#12905 = ( GEOMETRIC_REPRESENTATION_CONTEXT(2) 
PARAMETRIC_REPRESENTATION_CONTEXT() REPRESENTATION_CONTEXT('2D SPACE',''
  ) );
#12906 = PCURVE('',#4607,#12907);
#12907 = DEFINITIONAL_REPRESENTATION('',(#12908),#12912);
#12908 = LINE('',#12909,#12910);
#12909 = CARTESIAN_POINT('',(3.234375,0.));
#12910 = VECTOR('',#12911,1.);
#12911 = DIRECTION('',(0.,-1.));
#12912 = ( GEOMETRIC_REPRESENTATION_CONTEXT(2) 
PARAMETRIC_REPRESENTATION_CONTEXT() REPRESENTATION_CONTEXT('2D SPACE',''
  ) );
#12913 = ORIENTED_EDGE('',*,*,#12914,.T.);
#12914 = EDGE_CURVE('',#12892,#12843,#12915,.T.);
#12915 = SURFACE_CURVE('',#12916,(#12920,#12927),.PCURVE_S1.);
#12916 = LINE('',#12917,#12918);
#12917 = CARTESIAN_POINT('',(64.48779296875,-11.48645019531,1.7));
#12918 = VECTOR('',#12919,1.);
#12919 = DIRECTION('',(-1.,0.,0.));
#12920 = PCURVE('',#4635,#12921);
#12921 = DEFINITIONAL_REPRESENTATION('',(#12922),#12926);
#12922 = LINE('',#12923,#12924);
#12923 = CARTESIAN_POINT('',(0.,-0.8));
#12924 = VECTOR('',#12925,1.);
#12925 = DIRECTION('',(1.,0.));
#12926 = ( GEOMETRIC_REPRESENTATION_CONTEXT(2) 
PARAMETRIC_REPRESENTATION_CONTEXT() REPRESENTATION_CONTEXT('2D SPACE',''
  ) );
#12927 = PCURVE('',#12560,#12928);
#12928 = DEFINITIONAL_REPRESENTATION('',(#12929),#12933);
#12929 = LINE('',#12930,#12931);
#12930 = CARTESIAN_POINT('',(1.676513671875,0.));
#12931 = VECTOR('',#12932,1.);
#12932 = DIRECTION('',(-1.,0.));
#12933 = ( GEOMETRIC_REPRESENTATION_CONTEXT(2) 
PARAMETRIC_REPRESENTATION_CONTEXT() REPRESENTATION_CONTEXT('2D SPACE',''
  ) );
#12934 = ORIENTED_EDGE('',*,*,#12842,.F.);
#12935 = ORIENTED_EDGE('',*,*,#4619,.F.);
#12936 = ADVANCED_FACE('',(#12937),#4607,.T.);
#12937 = FACE_BOUND('',#12938,.T.);
#12938 = EDGE_LOOP('',(#12939,#12940,#12961,#12962));
#12939 = ORIENTED_EDGE('',*,*,#12572,.T.);
#12940 = ORIENTED_EDGE('',*,*,#12941,.T.);
#12941 = EDGE_CURVE('',#12545,#12892,#12942,.T.);
#12942 = SURFACE_CURVE('',#12943,(#12947,#12954),.PCURVE_S1.);
#12943 = LINE('',#12944,#12945);
#12944 = CARTESIAN_POINT('',(64.48779296875,-8.252075195312,1.7));
#12945 = VECTOR('',#12946,1.);
#12946 = DIRECTION('',(0.,-1.,0.));
#12947 = PCURVE('',#4607,#12948);
#12948 = DEFINITIONAL_REPRESENTATION('',(#12949),#12953);
#12949 = LINE('',#12950,#12951);
#12950 = CARTESIAN_POINT('',(0.,-0.8));
#12951 = VECTOR('',#12952,1.);
#12952 = DIRECTION('',(1.,0.));
#12953 = ( GEOMETRIC_REPRESENTATION_CONTEXT(2) 
PARAMETRIC_REPRESENTATION_CONTEXT() REPRESENTATION_CONTEXT('2D SPACE',''
  ) );
#12954 = PCURVE('',#12560,#12955);
#12955 = DEFINITIONAL_REPRESENTATION('',(#12956),#12960);
#12956 = LINE('',#12957,#12958);
#12957 = CARTESIAN_POINT('',(1.676513671875,3.234375));
#12958 = VECTOR('',#12959,1.);
#12959 = DIRECTION('',(0.,-1.));
#12960 = ( GEOMETRIC_REPRESENTATION_CONTEXT(2) 
PARAMETRIC_REPRESENTATION_CONTEXT() REPRESENTATION_CONTEXT('2D SPACE',''
  ) );
#12961 = ORIENTED_EDGE('',*,*,#12891,.F.);
#12962 = ORIENTED_EDGE('',*,*,#4591,.F.);
#12963 = ADVANCED_FACE('',(#12964),#4841,.T.);
#12964 = FACE_BOUND('',#12965,.T.);
#12965 = EDGE_LOOP('',(#12966,#12989,#13017,#13038));
#12966 = ORIENTED_EDGE('',*,*,#12967,.T.);
#12967 = EDGE_CURVE('',#4824,#12968,#12970,.T.);
#12968 = VERTEX_POINT('',#12969);
#12969 = CARTESIAN_POINT('',(65.8193359375,-11.20739746093,1.7));
#12970 = SURFACE_CURVE('',#12971,(#12975,#12982),.PCURVE_S1.);
#12971 = LINE('',#12972,#12973);
#12972 = CARTESIAN_POINT('',(65.8193359375,-11.20739746093,2.5));
#12973 = VECTOR('',#12974,1.);
#12974 = DIRECTION('',(-0.,-0.,-1.));
#12975 = PCURVE('',#4841,#12976);
#12976 = DEFINITIONAL_REPRESENTATION('',(#12977),#12981);
#12977 = LINE('',#12978,#12979);
#12978 = CARTESIAN_POINT('',(0.,0.));
#12979 = VECTOR('',#12980,1.);
#12980 = DIRECTION('',(0.,-1.));
#12981 = ( GEOMETRIC_REPRESENTATION_CONTEXT(2) 
PARAMETRIC_REPRESENTATION_CONTEXT() REPRESENTATION_CONTEXT('2D SPACE',''
  ) );
#12982 = PCURVE('',#5169,#12983);
#12983 = DEFINITIONAL_REPRESENTATION('',(#12984),#12988);
#12984 = LINE('',#12985,#12986);
#12985 = CARTESIAN_POINT('',(1.,0.));
#12986 = VECTOR('',#12987,1.);
#12987 = DIRECTION('',(0.,-1.));
#12988 = ( GEOMETRIC_REPRESENTATION_CONTEXT(2) 
PARAMETRIC_REPRESENTATION_CONTEXT() REPRESENTATION_CONTEXT('2D SPACE',''
  ) );
#12989 = ORIENTED_EDGE('',*,*,#12990,.T.);
#12990 = EDGE_CURVE('',#12968,#12991,#12993,.T.);
#12991 = VERTEX_POINT('',#12992);
#12992 = CARTESIAN_POINT('',(65.500732421875,-9.897827148438,1.7));
#12993 = SURFACE_CURVE('',#12994,(#12998,#13005),.PCURVE_S1.);
#12994 = B_SPLINE_CURVE_WITH_KNOTS('',2,(#12995,#12996,#12997),
  .UNSPECIFIED.,.F.,.F.,(3,3),(0.,1.),.PIECEWISE_BEZIER_KNOTS.);
#12995 = CARTESIAN_POINT('',(65.8193359375,-11.20739746093,1.7));
#12996 = CARTESIAN_POINT('',(65.500732421875,-10.80529785156,1.7));
#12997 = CARTESIAN_POINT('',(65.500732421875,-9.897827148438,1.7));
#12998 = PCURVE('',#4841,#12999);
#12999 = DEFINITIONAL_REPRESENTATION('',(#13000),#13004);
#13000 = LINE('',#13001,#13002);
#13001 = CARTESIAN_POINT('',(0.,-0.8));
#13002 = VECTOR('',#13003,1.);
#13003 = DIRECTION('',(1.,0.));
#13004 = ( GEOMETRIC_REPRESENTATION_CONTEXT(2) 
PARAMETRIC_REPRESENTATION_CONTEXT() REPRESENTATION_CONTEXT('2D SPACE',''
  ) );
#13005 = PCURVE('',#13006,#13011);
#13006 = PLANE('',#13007);
#13007 = AXIS2_PLACEMENT_3D('',#13008,#13009,#13010);
#13008 = CARTESIAN_POINT('',(65.31396484375,-11.48645019531,1.7));
#13009 = DIRECTION('',(0.,0.,1.));
#13010 = DIRECTION('',(1.,0.,0.));
#13011 = DEFINITIONAL_REPRESENTATION('',(#13012),#13016);
#13012 = B_SPLINE_CURVE_WITH_KNOTS('',2,(#13013,#13014,#13015),
  .UNSPECIFIED.,.F.,.F.,(3,3),(0.,1.),.PIECEWISE_BEZIER_KNOTS.);
#13013 = CARTESIAN_POINT('',(0.50537109375,0.279052734375));
#13014 = CARTESIAN_POINT('',(0.186767578125,0.68115234375));
#13015 = CARTESIAN_POINT('',(0.186767578125,1.588623046875));
#13016 = ( GEOMETRIC_REPRESENTATION_CONTEXT(2) 
PARAMETRIC_REPRESENTATION_CONTEXT() REPRESENTATION_CONTEXT('2D SPACE',''
  ) );
#13017 = ORIENTED_EDGE('',*,*,#13018,.F.);
#13018 = EDGE_CURVE('',#4826,#12991,#13019,.T.);
#13019 = SURFACE_CURVE('',#13020,(#13024,#13031),.PCURVE_S1.);
#13020 = LINE('',#13021,#13022);
#13021 = CARTESIAN_POINT('',(65.500732421875,-9.897827148438,2.5));
#13022 = VECTOR('',#13023,1.);
#13023 = DIRECTION('',(-0.,-0.,-1.));
#13024 = PCURVE('',#4841,#13025);
#13025 = DEFINITIONAL_REPRESENTATION('',(#13026),#13030);
#13026 = LINE('',#13027,#13028);
#13027 = CARTESIAN_POINT('',(1.,0.));
#13028 = VECTOR('',#13029,1.);
#13029 = DIRECTION('',(0.,-1.));
#13030 = ( GEOMETRIC_REPRESENTATION_CONTEXT(2) 
PARAMETRIC_REPRESENTATION_CONTEXT() REPRESENTATION_CONTEXT('2D SPACE',''
  ) );
#13031 = PCURVE('',#4871,#13032);
#13032 = DEFINITIONAL_REPRESENTATION('',(#13033),#13037);
#13033 = LINE('',#13034,#13035);
#13034 = CARTESIAN_POINT('',(0.,0.));
#13035 = VECTOR('',#13036,1.);
#13036 = DIRECTION('',(0.,-1.));
#13037 = ( GEOMETRIC_REPRESENTATION_CONTEXT(2) 
PARAMETRIC_REPRESENTATION_CONTEXT() REPRESENTATION_CONTEXT('2D SPACE',''
  ) );
#13038 = ORIENTED_EDGE('',*,*,#4823,.F.);
#13039 = ADVANCED_FACE('',(#13040),#5169,.T.);
#13040 = FACE_BOUND('',#13041,.T.);
#13041 = EDGE_LOOP('',(#13042,#13065,#13086,#13087));
#13042 = ORIENTED_EDGE('',*,*,#13043,.T.);
#13043 = EDGE_CURVE('',#5126,#13044,#13046,.T.);
#13044 = VERTEX_POINT('',#13045);
#13045 = CARTESIAN_POINT('',(66.551025390625,-11.54138183593,1.7));
#13046 = SURFACE_CURVE('',#13047,(#13051,#13058),.PCURVE_S1.);
#13047 = LINE('',#13048,#13049);
#13048 = CARTESIAN_POINT('',(66.551025390625,-11.54138183593,2.5));
#13049 = VECTOR('',#13050,1.);
#13050 = DIRECTION('',(-0.,-0.,-1.));
#13051 = PCURVE('',#5169,#13052);
#13052 = DEFINITIONAL_REPRESENTATION('',(#13053),#13057);
#13053 = LINE('',#13054,#13055);
#13054 = CARTESIAN_POINT('',(0.,0.));
#13055 = VECTOR('',#13056,1.);
#13056 = DIRECTION('',(0.,-1.));
#13057 = ( GEOMETRIC_REPRESENTATION_CONTEXT(2) 
PARAMETRIC_REPRESENTATION_CONTEXT() REPRESENTATION_CONTEXT('2D SPACE',''
  ) );
#13058 = PCURVE('',#5141,#13059);
#13059 = DEFINITIONAL_REPRESENTATION('',(#13060),#13064);
#13060 = LINE('',#13061,#13062);
#13061 = CARTESIAN_POINT('',(1.,0.));
#13062 = VECTOR('',#13063,1.);
#13063 = DIRECTION('',(0.,-1.));
#13064 = ( GEOMETRIC_REPRESENTATION_CONTEXT(2) 
PARAMETRIC_REPRESENTATION_CONTEXT() REPRESENTATION_CONTEXT('2D SPACE',''
  ) );
#13065 = ORIENTED_EDGE('',*,*,#13066,.T.);
#13066 = EDGE_CURVE('',#13044,#12968,#13067,.T.);
#13067 = SURFACE_CURVE('',#13068,(#13072,#13079),.PCURVE_S1.);
#13068 = B_SPLINE_CURVE_WITH_KNOTS('',2,(#13069,#13070,#13071),
  .UNSPECIFIED.,.F.,.F.,(3,3),(0.,1.),.PIECEWISE_BEZIER_KNOTS.);
#13069 = CARTESIAN_POINT('',(66.551025390625,-11.54138183593,1.7));
#13070 = CARTESIAN_POINT('',(66.085205078125,-11.54138183593,1.7));
#13071 = CARTESIAN_POINT('',(65.8193359375,-11.20739746093,1.7));
#13072 = PCURVE('',#5169,#13073);
#13073 = DEFINITIONAL_REPRESENTATION('',(#13074),#13078);
#13074 = LINE('',#13075,#13076);
#13075 = CARTESIAN_POINT('',(0.,-0.8));
#13076 = VECTOR('',#13077,1.);
#13077 = DIRECTION('',(1.,0.));
#13078 = ( GEOMETRIC_REPRESENTATION_CONTEXT(2) 
PARAMETRIC_REPRESENTATION_CONTEXT() REPRESENTATION_CONTEXT('2D SPACE',''
  ) );
#13079 = PCURVE('',#13006,#13080);
#13080 = DEFINITIONAL_REPRESENTATION('',(#13081),#13085);
#13081 = B_SPLINE_CURVE_WITH_KNOTS('',2,(#13082,#13083,#13084),
  .UNSPECIFIED.,.F.,.F.,(3,3),(0.,1.),.PIECEWISE_BEZIER_KNOTS.);
#13082 = CARTESIAN_POINT('',(1.237060546875,-5.4931640625E-02));
#13083 = CARTESIAN_POINT('',(0.771240234375,-5.4931640625E-02));
#13084 = CARTESIAN_POINT('',(0.50537109375,0.279052734375));
#13085 = ( GEOMETRIC_REPRESENTATION_CONTEXT(2) 
PARAMETRIC_REPRESENTATION_CONTEXT() REPRESENTATION_CONTEXT('2D SPACE',''
  ) );
#13086 = ORIENTED_EDGE('',*,*,#12967,.F.);
#13087 = ORIENTED_EDGE('',*,*,#5155,.F.);
#13088 = ADVANCED_FACE('',(#13089),#5141,.T.);
#13089 = FACE_BOUND('',#13090,.T.);
#13090 = EDGE_LOOP('',(#13091,#13114,#13135,#13136));
#13091 = ORIENTED_EDGE('',*,*,#13092,.T.);
#13092 = EDGE_CURVE('',#5096,#13093,#13095,.T.);
#13093 = VERTEX_POINT('',#13094);
#13094 = CARTESIAN_POINT('',(67.136596679688,-11.35131835937,1.7));
#13095 = SURFACE_CURVE('',#13096,(#13100,#13107),.PCURVE_S1.);
#13096 = LINE('',#13097,#13098);
#13097 = CARTESIAN_POINT('',(67.136596679688,-11.35131835937,2.5));
#13098 = VECTOR('',#13099,1.);
#13099 = DIRECTION('',(-0.,-0.,-1.));
#13100 = PCURVE('',#5141,#13101);
#13101 = DEFINITIONAL_REPRESENTATION('',(#13102),#13106);
#13102 = LINE('',#13103,#13104);
#13103 = CARTESIAN_POINT('',(0.,0.));
#13104 = VECTOR('',#13105,1.);
#13105 = DIRECTION('',(0.,-1.));
#13106 = ( GEOMETRIC_REPRESENTATION_CONTEXT(2) 
PARAMETRIC_REPRESENTATION_CONTEXT() REPRESENTATION_CONTEXT('2D SPACE',''
  ) );
#13107 = PCURVE('',#5111,#13108);
#13108 = DEFINITIONAL_REPRESENTATION('',(#13109),#13113);
#13109 = LINE('',#13110,#13111);
#13110 = CARTESIAN_POINT('',(1.,0.));
#13111 = VECTOR('',#13112,1.);
#13112 = DIRECTION('',(0.,-1.));
#13113 = ( GEOMETRIC_REPRESENTATION_CONTEXT(2) 
PARAMETRIC_REPRESENTATION_CONTEXT() REPRESENTATION_CONTEXT('2D SPACE',''
  ) );
#13114 = ORIENTED_EDGE('',*,*,#13115,.T.);
#13115 = EDGE_CURVE('',#13093,#13044,#13116,.T.);
#13116 = SURFACE_CURVE('',#13117,(#13121,#13128),.PCURVE_S1.);
#13117 = B_SPLINE_CURVE_WITH_KNOTS('',2,(#13118,#13119,#13120),
  .UNSPECIFIED.,.F.,.F.,(3,3),(0.,1.),.PIECEWISE_BEZIER_KNOTS.);
#13118 = CARTESIAN_POINT('',(67.136596679688,-11.35131835937,1.7));
#13119 = CARTESIAN_POINT('',(66.90478515625,-11.54138183593,1.7));
#13120 = CARTESIAN_POINT('',(66.551025390625,-11.54138183593,1.7));
#13121 = PCURVE('',#5141,#13122);
#13122 = DEFINITIONAL_REPRESENTATION('',(#13123),#13127);
#13123 = LINE('',#13124,#13125);
#13124 = CARTESIAN_POINT('',(0.,-0.8));
#13125 = VECTOR('',#13126,1.);
#13126 = DIRECTION('',(1.,0.));
#13127 = ( GEOMETRIC_REPRESENTATION_CONTEXT(2) 
PARAMETRIC_REPRESENTATION_CONTEXT() REPRESENTATION_CONTEXT('2D SPACE',''
  ) );
#13128 = PCURVE('',#13006,#13129);
#13129 = DEFINITIONAL_REPRESENTATION('',(#13130),#13134);
#13130 = B_SPLINE_CURVE_WITH_KNOTS('',2,(#13131,#13132,#13133),
  .UNSPECIFIED.,.F.,.F.,(3,3),(0.,1.),.PIECEWISE_BEZIER_KNOTS.);
#13131 = CARTESIAN_POINT('',(1.822631835938,0.135131835938));
#13132 = CARTESIAN_POINT('',(1.5908203125,-5.4931640625E-02));
#13133 = CARTESIAN_POINT('',(1.237060546875,-5.4931640625E-02));
#13134 = ( GEOMETRIC_REPRESENTATION_CONTEXT(2) 
PARAMETRIC_REPRESENTATION_CONTEXT() REPRESENTATION_CONTEXT('2D SPACE',''
  ) );
#13135 = ORIENTED_EDGE('',*,*,#13043,.F.);
#13136 = ORIENTED_EDGE('',*,*,#5125,.F.);
#13137 = ADVANCED_FACE('',(#13138),#5111,.T.);
#13138 = FACE_BOUND('',#13139,.T.);
#13139 = EDGE_LOOP('',(#13140,#13163,#13184,#13185));
#13140 = ORIENTED_EDGE('',*,*,#13141,.T.);
#13141 = EDGE_CURVE('',#5066,#13142,#13144,.T.);
#13142 = VERTEX_POINT('',#13143);
#13143 = CARTESIAN_POINT('',(67.48486328125,-10.81298828125,1.7));
#13144 = SURFACE_CURVE('',#13145,(#13149,#13156),.PCURVE_S1.);
#13145 = LINE('',#13146,#13147);
#13146 = CARTESIAN_POINT('',(67.48486328125,-10.81298828125,2.5));
#13147 = VECTOR('',#13148,1.);
#13148 = DIRECTION('',(-0.,-0.,-1.));
#13149 = PCURVE('',#5111,#13150);
#13150 = DEFINITIONAL_REPRESENTATION('',(#13151),#13155);
#13151 = LINE('',#13152,#13153);
#13152 = CARTESIAN_POINT('',(0.,0.));
#13153 = VECTOR('',#13154,1.);
#13154 = DIRECTION('',(0.,-1.));
#13155 = ( GEOMETRIC_REPRESENTATION_CONTEXT(2) 
PARAMETRIC_REPRESENTATION_CONTEXT() REPRESENTATION_CONTEXT('2D SPACE',''
  ) );
#13156 = PCURVE('',#5081,#13157);
#13157 = DEFINITIONAL_REPRESENTATION('',(#13158),#13162);
#13158 = LINE('',#13159,#13160);
#13159 = CARTESIAN_POINT('',(1.,0.));
#13160 = VECTOR('',#13161,1.);
#13161 = DIRECTION('',(0.,-1.));
#13162 = ( GEOMETRIC_REPRESENTATION_CONTEXT(2) 
PARAMETRIC_REPRESENTATION_CONTEXT() REPRESENTATION_CONTEXT('2D SPACE',''
  ) );
#13163 = ORIENTED_EDGE('',*,*,#13164,.T.);
#13164 = EDGE_CURVE('',#13142,#13093,#13165,.T.);
#13165 = SURFACE_CURVE('',#13166,(#13170,#13177),.PCURVE_S1.);
#13166 = B_SPLINE_CURVE_WITH_KNOTS('',2,(#13167,#13168,#13169),
  .UNSPECIFIED.,.F.,.F.,(3,3),(0.,1.),.PIECEWISE_BEZIER_KNOTS.);
#13167 = CARTESIAN_POINT('',(67.48486328125,-10.81298828125,1.7));
#13168 = CARTESIAN_POINT('',(67.368408203125,-11.16125488281,1.7));
#13169 = CARTESIAN_POINT('',(67.136596679688,-11.35131835937,1.7));
#13170 = PCURVE('',#5111,#13171);
#13171 = DEFINITIONAL_REPRESENTATION('',(#13172),#13176);
#13172 = LINE('',#13173,#13174);
#13173 = CARTESIAN_POINT('',(0.,-0.8));
#13174 = VECTOR('',#13175,1.);
#13175 = DIRECTION('',(1.,0.));
#13176 = ( GEOMETRIC_REPRESENTATION_CONTEXT(2) 
PARAMETRIC_REPRESENTATION_CONTEXT() REPRESENTATION_CONTEXT('2D SPACE',''
  ) );
#13177 = PCURVE('',#13006,#13178);
#13178 = DEFINITIONAL_REPRESENTATION('',(#13179),#13183);
#13179 = B_SPLINE_CURVE_WITH_KNOTS('',2,(#13180,#13181,#13182),
  .UNSPECIFIED.,.F.,.F.,(3,3),(0.,1.),.PIECEWISE_BEZIER_KNOTS.);
#13180 = CARTESIAN_POINT('',(2.1708984375,0.673461914062));
#13181 = CARTESIAN_POINT('',(2.054443359375,0.3251953125));
#13182 = CARTESIAN_POINT('',(1.822631835938,0.135131835938));
#13183 = ( GEOMETRIC_REPRESENTATION_CONTEXT(2) 
PARAMETRIC_REPRESENTATION_CONTEXT() REPRESENTATION_CONTEXT('2D SPACE',''
  ) );
#13184 = ORIENTED_EDGE('',*,*,#13092,.F.);
#13185 = ORIENTED_EDGE('',*,*,#5095,.F.);
#13186 = ADVANCED_FACE('',(#13187),#5081,.T.);
#13187 = FACE_BOUND('',#13188,.T.);
#13188 = EDGE_LOOP('',(#13189,#13212,#13233,#13234));
#13189 = ORIENTED_EDGE('',*,*,#13190,.T.);
#13190 = EDGE_CURVE('',#5036,#13191,#13193,.T.);
#13191 = VERTEX_POINT('',#13192);
#13192 = CARTESIAN_POINT('',(67.601318359375,-9.897827148438,1.7));
#13193 = SURFACE_CURVE('',#13194,(#13198,#13205),.PCURVE_S1.);
#13194 = LINE('',#13195,#13196);
#13195 = CARTESIAN_POINT('',(67.601318359375,-9.897827148438,2.5));
#13196 = VECTOR('',#13197,1.);
#13197 = DIRECTION('',(-0.,-0.,-1.));
#13198 = PCURVE('',#5081,#13199);
#13199 = DEFINITIONAL_REPRESENTATION('',(#13200),#13204);
#13200 = LINE('',#13201,#13202);
#13201 = CARTESIAN_POINT('',(0.,0.));
#13202 = VECTOR('',#13203,1.);
#13203 = DIRECTION('',(0.,-1.));
#13204 = ( GEOMETRIC_REPRESENTATION_CONTEXT(2) 
PARAMETRIC_REPRESENTATION_CONTEXT() REPRESENTATION_CONTEXT('2D SPACE',''
  ) );
#13205 = PCURVE('',#5051,#13206);
#13206 = DEFINITIONAL_REPRESENTATION('',(#13207),#13211);
#13207 = LINE('',#13208,#13209);
#13208 = CARTESIAN_POINT('',(1.,0.));
#13209 = VECTOR('',#13210,1.);
#13210 = DIRECTION('',(0.,-1.));
#13211 = ( GEOMETRIC_REPRESENTATION_CONTEXT(2) 
PARAMETRIC_REPRESENTATION_CONTEXT() REPRESENTATION_CONTEXT('2D SPACE',''
  ) );
#13212 = ORIENTED_EDGE('',*,*,#13213,.T.);
#13213 = EDGE_CURVE('',#13191,#13142,#13214,.T.);
#13214 = SURFACE_CURVE('',#13215,(#13219,#13226),.PCURVE_S1.);
#13215 = B_SPLINE_CURVE_WITH_KNOTS('',2,(#13216,#13217,#13218),
  .UNSPECIFIED.,.F.,.F.,(3,3),(0.,1.),.PIECEWISE_BEZIER_KNOTS.);
#13216 = CARTESIAN_POINT('',(67.601318359375,-9.897827148438,1.7));
#13217 = CARTESIAN_POINT('',(67.601318359375,-10.46472167968,1.7));
#13218 = CARTESIAN_POINT('',(67.48486328125,-10.81298828125,1.7));
#13219 = PCURVE('',#5081,#13220);
#13220 = DEFINITIONAL_REPRESENTATION('',(#13221),#13225);
#13221 = LINE('',#13222,#13223);
#13222 = CARTESIAN_POINT('',(0.,-0.8));
#13223 = VECTOR('',#13224,1.);
#13224 = DIRECTION('',(1.,0.));
#13225 = ( GEOMETRIC_REPRESENTATION_CONTEXT(2) 
PARAMETRIC_REPRESENTATION_CONTEXT() REPRESENTATION_CONTEXT('2D SPACE',''
  ) );
#13226 = PCURVE('',#13006,#13227);
#13227 = DEFINITIONAL_REPRESENTATION('',(#13228),#13232);
#13228 = B_SPLINE_CURVE_WITH_KNOTS('',2,(#13229,#13230,#13231),
  .UNSPECIFIED.,.F.,.F.,(3,3),(0.,1.),.PIECEWISE_BEZIER_KNOTS.);
#13229 = CARTESIAN_POINT('',(2.287353515625,1.588623046875));
#13230 = CARTESIAN_POINT('',(2.287353515625,1.021728515625));
#13231 = CARTESIAN_POINT('',(2.1708984375,0.673461914062));
#13232 = ( GEOMETRIC_REPRESENTATION_CONTEXT(2) 
PARAMETRIC_REPRESENTATION_CONTEXT() REPRESENTATION_CONTEXT('2D SPACE',''
  ) );
#13233 = ORIENTED_EDGE('',*,*,#13141,.F.);
#13234 = ORIENTED_EDGE('',*,*,#5065,.F.);
#13235 = ADVANCED_FACE('',(#13236),#5051,.T.);
#13236 = FACE_BOUND('',#13237,.T.);
#13237 = EDGE_LOOP('',(#13238,#13261,#13282,#13283));
#13238 = ORIENTED_EDGE('',*,*,#13239,.T.);
#13239 = EDGE_CURVE('',#5006,#13240,#13242,.T.);
#13240 = VERTEX_POINT('',#13241);
#13241 = CARTESIAN_POINT('',(67.52880859375,-9.136474609375,1.7));
#13242 = SURFACE_CURVE('',#13243,(#13247,#13254),.PCURVE_S1.);
#13243 = LINE('',#13244,#13245);
#13244 = CARTESIAN_POINT('',(67.52880859375,-9.136474609375,2.5));
#13245 = VECTOR('',#13246,1.);
#13246 = DIRECTION('',(-0.,-0.,-1.));
#13247 = PCURVE('',#5051,#13248);
#13248 = DEFINITIONAL_REPRESENTATION('',(#13249),#13253);
#13249 = LINE('',#13250,#13251);
#13250 = CARTESIAN_POINT('',(0.,0.));
#13251 = VECTOR('',#13252,1.);
#13252 = DIRECTION('',(0.,-1.));
#13253 = ( GEOMETRIC_REPRESENTATION_CONTEXT(2) 
PARAMETRIC_REPRESENTATION_CONTEXT() REPRESENTATION_CONTEXT('2D SPACE',''
  ) );
#13254 = PCURVE('',#5021,#13255);
#13255 = DEFINITIONAL_REPRESENTATION('',(#13256),#13260);
#13256 = LINE('',#13257,#13258);
#13257 = CARTESIAN_POINT('',(1.,0.));
#13258 = VECTOR('',#13259,1.);
#13259 = DIRECTION('',(0.,-1.));
#13260 = ( GEOMETRIC_REPRESENTATION_CONTEXT(2) 
PARAMETRIC_REPRESENTATION_CONTEXT() REPRESENTATION_CONTEXT('2D SPACE',''
  ) );
#13261 = ORIENTED_EDGE('',*,*,#13262,.T.);
#13262 = EDGE_CURVE('',#13240,#13191,#13263,.T.);
#13263 = SURFACE_CURVE('',#13264,(#13268,#13275),.PCURVE_S1.);
#13264 = B_SPLINE_CURVE_WITH_KNOTS('',2,(#13265,#13266,#13267),
  .UNSPECIFIED.,.F.,.F.,(3,3),(0.,1.),.PIECEWISE_BEZIER_KNOTS.);
#13265 = CARTESIAN_POINT('',(67.52880859375,-9.136474609375,1.7));
#13266 = CARTESIAN_POINT('',(67.601318359375,-9.418823242188,1.7));
#13267 = CARTESIAN_POINT('',(67.601318359375,-9.897827148438,1.7));
#13268 = PCURVE('',#5051,#13269);
#13269 = DEFINITIONAL_REPRESENTATION('',(#13270),#13274);
#13270 = LINE('',#13271,#13272);
#13271 = CARTESIAN_POINT('',(0.,-0.8));
#13272 = VECTOR('',#13273,1.);
#13273 = DIRECTION('',(1.,0.));
#13274 = ( GEOMETRIC_REPRESENTATION_CONTEXT(2) 
PARAMETRIC_REPRESENTATION_CONTEXT() REPRESENTATION_CONTEXT('2D SPACE',''
  ) );
#13275 = PCURVE('',#13006,#13276);
#13276 = DEFINITIONAL_REPRESENTATION('',(#13277),#13281);
#13277 = B_SPLINE_CURVE_WITH_KNOTS('',2,(#13278,#13279,#13280),
  .UNSPECIFIED.,.F.,.F.,(3,3),(0.,1.),.PIECEWISE_BEZIER_KNOTS.);
#13278 = CARTESIAN_POINT('',(2.21484375,2.349975585938));
#13279 = CARTESIAN_POINT('',(2.287353515625,2.067626953125));
#13280 = CARTESIAN_POINT('',(2.287353515625,1.588623046875));
#13281 = ( GEOMETRIC_REPRESENTATION_CONTEXT(2) 
PARAMETRIC_REPRESENTATION_CONTEXT() REPRESENTATION_CONTEXT('2D SPACE',''
  ) );
#13282 = ORIENTED_EDGE('',*,*,#13190,.F.);
#13283 = ORIENTED_EDGE('',*,*,#5035,.F.);
#13284 = ADVANCED_FACE('',(#13285),#5021,.T.);
#13285 = FACE_BOUND('',#13286,.T.);
#13286 = EDGE_LOOP('',(#13287,#13310,#13331,#13332));
#13287 = ORIENTED_EDGE('',*,*,#13288,.T.);
#13288 = EDGE_CURVE('',#4976,#13289,#13291,.T.);
#13289 = VERTEX_POINT('',#13290);
#13290 = CARTESIAN_POINT('',(67.328857421875,-8.657470703125,1.7));
#13291 = SURFACE_CURVE('',#13292,(#13296,#13303),.PCURVE_S1.);
#13292 = LINE('',#13293,#13294);
#13293 = CARTESIAN_POINT('',(67.328857421875,-8.657470703125,2.5));
#13294 = VECTOR('',#13295,1.);
#13295 = DIRECTION('',(-0.,-0.,-1.));
#13296 = PCURVE('',#5021,#13297);
#13297 = DEFINITIONAL_REPRESENTATION('',(#13298),#13302);
#13298 = LINE('',#13299,#13300);
#13299 = CARTESIAN_POINT('',(0.,0.));
#13300 = VECTOR('',#13301,1.);
#13301 = DIRECTION('',(0.,-1.));
#13302 = ( GEOMETRIC_REPRESENTATION_CONTEXT(2) 
PARAMETRIC_REPRESENTATION_CONTEXT() REPRESENTATION_CONTEXT('2D SPACE',''
  ) );
#13303 = PCURVE('',#4991,#13304);
#13304 = DEFINITIONAL_REPRESENTATION('',(#13305),#13309);
#13305 = LINE('',#13306,#13307);
#13306 = CARTESIAN_POINT('',(1.,0.));
#13307 = VECTOR('',#13308,1.);
#13308 = DIRECTION('',(0.,-1.));
#13309 = ( GEOMETRIC_REPRESENTATION_CONTEXT(2) 
PARAMETRIC_REPRESENTATION_CONTEXT() REPRESENTATION_CONTEXT('2D SPACE',''
  ) );
#13310 = ORIENTED_EDGE('',*,*,#13311,.T.);
#13311 = EDGE_CURVE('',#13289,#13240,#13312,.T.);
#13312 = SURFACE_CURVE('',#13313,(#13317,#13324),.PCURVE_S1.);
#13313 = B_SPLINE_CURVE_WITH_KNOTS('',2,(#13314,#13315,#13316),
  .UNSPECIFIED.,.F.,.F.,(3,3),(0.,1.),.PIECEWISE_BEZIER_KNOTS.);
#13314 = CARTESIAN_POINT('',(67.328857421875,-8.657470703125,1.7));
#13315 = CARTESIAN_POINT('',(67.456298828125,-8.854125976562,1.7));
#13316 = CARTESIAN_POINT('',(67.52880859375,-9.136474609375,1.7));
#13317 = PCURVE('',#5021,#13318);
#13318 = DEFINITIONAL_REPRESENTATION('',(#13319),#13323);
#13319 = LINE('',#13320,#13321);
#13320 = CARTESIAN_POINT('',(0.,-0.8));
#13321 = VECTOR('',#13322,1.);
#13322 = DIRECTION('',(1.,0.));
#13323 = ( GEOMETRIC_REPRESENTATION_CONTEXT(2) 
PARAMETRIC_REPRESENTATION_CONTEXT() REPRESENTATION_CONTEXT('2D SPACE',''
  ) );
#13324 = PCURVE('',#13006,#13325);
#13325 = DEFINITIONAL_REPRESENTATION('',(#13326),#13330);
#13326 = B_SPLINE_CURVE_WITH_KNOTS('',2,(#13327,#13328,#13329),
  .UNSPECIFIED.,.F.,.F.,(3,3),(0.,1.),.PIECEWISE_BEZIER_KNOTS.);
#13327 = CARTESIAN_POINT('',(2.014892578125,2.828979492188));
#13328 = CARTESIAN_POINT('',(2.142333984375,2.63232421875));
#13329 = CARTESIAN_POINT('',(2.21484375,2.349975585938));
#13330 = ( GEOMETRIC_REPRESENTATION_CONTEXT(2) 
PARAMETRIC_REPRESENTATION_CONTEXT() REPRESENTATION_CONTEXT('2D SPACE',''
  ) );
#13331 = ORIENTED_EDGE('',*,*,#13239,.F.);
#13332 = ORIENTED_EDGE('',*,*,#5005,.F.);
#13333 = ADVANCED_FACE('',(#13334),#4991,.T.);
#13334 = FACE_BOUND('',#13335,.T.);
#13335 = EDGE_LOOP('',(#13336,#13359,#13380,#13381));
#13336 = ORIENTED_EDGE('',*,*,#13337,.T.);
#13337 = EDGE_CURVE('',#4946,#13338,#13340,.T.);
#13338 = VERTEX_POINT('',#13339);
#13339 = CARTESIAN_POINT('',(67.005859375,-8.3564453125,1.7));
#13340 = SURFACE_CURVE('',#13341,(#13345,#13352),.PCURVE_S1.);
#13341 = LINE('',#13342,#13343);
#13342 = CARTESIAN_POINT('',(67.005859375,-8.3564453125,2.5));
#13343 = VECTOR('',#13344,1.);
#13344 = DIRECTION('',(-0.,-0.,-1.));
#13345 = PCURVE('',#4991,#13346);
#13346 = DEFINITIONAL_REPRESENTATION('',(#13347),#13351);
#13347 = LINE('',#13348,#13349);
#13348 = CARTESIAN_POINT('',(0.,0.));
#13349 = VECTOR('',#13350,1.);
#13350 = DIRECTION('',(0.,-1.));
#13351 = ( GEOMETRIC_REPRESENTATION_CONTEXT(2) 
PARAMETRIC_REPRESENTATION_CONTEXT() REPRESENTATION_CONTEXT('2D SPACE',''
  ) );
#13352 = PCURVE('',#4961,#13353);
#13353 = DEFINITIONAL_REPRESENTATION('',(#13354),#13358);
#13354 = LINE('',#13355,#13356);
#13355 = CARTESIAN_POINT('',(1.,0.));
#13356 = VECTOR('',#13357,1.);
#13357 = DIRECTION('',(0.,-1.));
#13358 = ( GEOMETRIC_REPRESENTATION_CONTEXT(2) 
PARAMETRIC_REPRESENTATION_CONTEXT() REPRESENTATION_CONTEXT('2D SPACE',''
  ) );
#13359 = ORIENTED_EDGE('',*,*,#13360,.T.);
#13360 = EDGE_CURVE('',#13338,#13289,#13361,.T.);
#13361 = SURFACE_CURVE('',#13362,(#13366,#13373),.PCURVE_S1.);
#13362 = B_SPLINE_CURVE_WITH_KNOTS('',2,(#13363,#13364,#13365),
  .UNSPECIFIED.,.F.,.F.,(3,3),(0.,1.),.PIECEWISE_BEZIER_KNOTS.);
#13363 = CARTESIAN_POINT('',(67.005859375,-8.3564453125,1.7));
#13364 = CARTESIAN_POINT('',(67.201416015625,-8.460815429688,1.7));
#13365 = CARTESIAN_POINT('',(67.328857421875,-8.657470703125,1.7));
#13366 = PCURVE('',#4991,#13367);
#13367 = DEFINITIONAL_REPRESENTATION('',(#13368),#13372);
#13368 = LINE('',#13369,#13370);
#13369 = CARTESIAN_POINT('',(0.,-0.8));
#13370 = VECTOR('',#13371,1.);
#13371 = DIRECTION('',(1.,0.));
#13372 = ( GEOMETRIC_REPRESENTATION_CONTEXT(2) 
PARAMETRIC_REPRESENTATION_CONTEXT() REPRESENTATION_CONTEXT('2D SPACE',''
  ) );
#13373 = PCURVE('',#13006,#13374);
#13374 = DEFINITIONAL_REPRESENTATION('',(#13375),#13379);
#13375 = B_SPLINE_CURVE_WITH_KNOTS('',2,(#13376,#13377,#13378),
  .UNSPECIFIED.,.F.,.F.,(3,3),(0.,1.),.PIECEWISE_BEZIER_KNOTS.);
#13376 = CARTESIAN_POINT('',(1.69189453125,3.130004882812));
#13377 = CARTESIAN_POINT('',(1.887451171875,3.025634765625));
#13378 = CARTESIAN_POINT('',(2.014892578125,2.828979492188));
#13379 = ( GEOMETRIC_REPRESENTATION_CONTEXT(2) 
PARAMETRIC_REPRESENTATION_CONTEXT() REPRESENTATION_CONTEXT('2D SPACE',''
  ) );
#13380 = ORIENTED_EDGE('',*,*,#13288,.F.);
#13381 = ORIENTED_EDGE('',*,*,#4975,.F.);
#13382 = ADVANCED_FACE('',(#13383),#4961,.T.);
#13383 = FACE_BOUND('',#13384,.T.);
#13384 = EDGE_LOOP('',(#13385,#13408,#13429,#13430));
#13385 = ORIENTED_EDGE('',*,*,#13386,.T.);
#13386 = EDGE_CURVE('',#4916,#13387,#13389,.T.);
#13387 = VERTEX_POINT('',#13388);
#13388 = CARTESIAN_POINT('',(66.551025390625,-8.252075195312,1.7));
#13389 = SURFACE_CURVE('',#13390,(#13394,#13401),.PCURVE_S1.);
#13390 = LINE('',#13391,#13392);
#13391 = CARTESIAN_POINT('',(66.551025390625,-8.252075195312,2.5));
#13392 = VECTOR('',#13393,1.);
#13393 = DIRECTION('',(-0.,-0.,-1.));
#13394 = PCURVE('',#4961,#13395);
#13395 = DEFINITIONAL_REPRESENTATION('',(#13396),#13400);
#13396 = LINE('',#13397,#13398);
#13397 = CARTESIAN_POINT('',(0.,0.));
#13398 = VECTOR('',#13399,1.);
#13399 = DIRECTION('',(0.,-1.));
#13400 = ( GEOMETRIC_REPRESENTATION_CONTEXT(2) 
PARAMETRIC_REPRESENTATION_CONTEXT() REPRESENTATION_CONTEXT('2D SPACE',''
  ) );
#13401 = PCURVE('',#4931,#13402);
#13402 = DEFINITIONAL_REPRESENTATION('',(#13403),#13407);
#13403 = LINE('',#13404,#13405);
#13404 = CARTESIAN_POINT('',(1.,0.));
#13405 = VECTOR('',#13406,1.);
#13406 = DIRECTION('',(0.,-1.));
#13407 = ( GEOMETRIC_REPRESENTATION_CONTEXT(2) 
PARAMETRIC_REPRESENTATION_CONTEXT() REPRESENTATION_CONTEXT('2D SPACE',''
  ) );
#13408 = ORIENTED_EDGE('',*,*,#13409,.T.);
#13409 = EDGE_CURVE('',#13387,#13338,#13410,.T.);
#13410 = SURFACE_CURVE('',#13411,(#13415,#13422),.PCURVE_S1.);
#13411 = B_SPLINE_CURVE_WITH_KNOTS('',2,(#13412,#13413,#13414),
  .UNSPECIFIED.,.F.,.F.,(3,3),(0.,1.),.PIECEWISE_BEZIER_KNOTS.);
#13412 = CARTESIAN_POINT('',(66.551025390625,-8.252075195312,1.7));
#13413 = CARTESIAN_POINT('',(66.810302734375,-8.252075195312,1.7));
#13414 = CARTESIAN_POINT('',(67.005859375,-8.3564453125,1.7));
#13415 = PCURVE('',#4961,#13416);
#13416 = DEFINITIONAL_REPRESENTATION('',(#13417),#13421);
#13417 = LINE('',#13418,#13419);
#13418 = CARTESIAN_POINT('',(0.,-0.8));
#13419 = VECTOR('',#13420,1.);
#13420 = DIRECTION('',(1.,0.));
#13421 = ( GEOMETRIC_REPRESENTATION_CONTEXT(2) 
PARAMETRIC_REPRESENTATION_CONTEXT() REPRESENTATION_CONTEXT('2D SPACE',''
  ) );
#13422 = PCURVE('',#13006,#13423);
#13423 = DEFINITIONAL_REPRESENTATION('',(#13424),#13428);
#13424 = B_SPLINE_CURVE_WITH_KNOTS('',2,(#13425,#13426,#13427),
  .UNSPECIFIED.,.F.,.F.,(3,3),(0.,1.),.PIECEWISE_BEZIER_KNOTS.);
#13425 = CARTESIAN_POINT('',(1.237060546875,3.234375));
#13426 = CARTESIAN_POINT('',(1.496337890625,3.234375));
#13427 = CARTESIAN_POINT('',(1.69189453125,3.130004882812));
#13428 = ( GEOMETRIC_REPRESENTATION_CONTEXT(2) 
PARAMETRIC_REPRESENTATION_CONTEXT() REPRESENTATION_CONTEXT('2D SPACE',''
  ) );
#13429 = ORIENTED_EDGE('',*,*,#13337,.F.);
#13430 = ORIENTED_EDGE('',*,*,#4945,.F.);
#13431 = ADVANCED_FACE('',(#13432),#4931,.T.);
#13432 = FACE_BOUND('',#13433,.T.);
#13433 = EDGE_LOOP('',(#13434,#13457,#13478,#13479));
#13434 = ORIENTED_EDGE('',*,*,#13435,.T.);
#13435 = EDGE_CURVE('',#4886,#13436,#13438,.T.);
#13436 = VERTEX_POINT('',#13437);
#13437 = CARTESIAN_POINT('',(65.967651367188,-8.441040039062,1.7));
#13438 = SURFACE_CURVE('',#13439,(#13443,#13450),.PCURVE_S1.);
#13439 = LINE('',#13440,#13441);
#13440 = CARTESIAN_POINT('',(65.967651367188,-8.441040039062,2.5));
#13441 = VECTOR('',#13442,1.);
#13442 = DIRECTION('',(-0.,-0.,-1.));
#13443 = PCURVE('',#4931,#13444);
#13444 = DEFINITIONAL_REPRESENTATION('',(#13445),#13449);
#13445 = LINE('',#13446,#13447);
#13446 = CARTESIAN_POINT('',(0.,0.));
#13447 = VECTOR('',#13448,1.);
#13448 = DIRECTION('',(0.,-1.));
#13449 = ( GEOMETRIC_REPRESENTATION_CONTEXT(2) 
PARAMETRIC_REPRESENTATION_CONTEXT() REPRESENTATION_CONTEXT('2D SPACE',''
  ) );
#13450 = PCURVE('',#4901,#13451);
#13451 = DEFINITIONAL_REPRESENTATION('',(#13452),#13456);
#13452 = LINE('',#13453,#13454);
#13453 = CARTESIAN_POINT('',(1.,0.));
#13454 = VECTOR('',#13455,1.);
#13455 = DIRECTION('',(0.,-1.));
#13456 = ( GEOMETRIC_REPRESENTATION_CONTEXT(2) 
PARAMETRIC_REPRESENTATION_CONTEXT() REPRESENTATION_CONTEXT('2D SPACE',''
  ) );
#13457 = ORIENTED_EDGE('',*,*,#13458,.T.);
#13458 = EDGE_CURVE('',#13436,#13387,#13459,.T.);
#13459 = SURFACE_CURVE('',#13460,(#13464,#13471),.PCURVE_S1.);
#13460 = B_SPLINE_CURVE_WITH_KNOTS('',2,(#13461,#13462,#13463),
  .UNSPECIFIED.,.F.,.F.,(3,3),(0.,1.),.PIECEWISE_BEZIER_KNOTS.);
#13461 = CARTESIAN_POINT('',(65.967651367188,-8.441040039062,1.7));
#13462 = CARTESIAN_POINT('',(66.199462890625,-8.252075195312,1.7));
#13463 = CARTESIAN_POINT('',(66.551025390625,-8.252075195312,1.7));
#13464 = PCURVE('',#4931,#13465);
#13465 = DEFINITIONAL_REPRESENTATION('',(#13466),#13470);
#13466 = LINE('',#13467,#13468);
#13467 = CARTESIAN_POINT('',(0.,-0.8));
#13468 = VECTOR('',#13469,1.);
#13469 = DIRECTION('',(1.,0.));
#13470 = ( GEOMETRIC_REPRESENTATION_CONTEXT(2) 
PARAMETRIC_REPRESENTATION_CONTEXT() REPRESENTATION_CONTEXT('2D SPACE',''
  ) );
#13471 = PCURVE('',#13006,#13472);
#13472 = DEFINITIONAL_REPRESENTATION('',(#13473),#13477);
#13473 = B_SPLINE_CURVE_WITH_KNOTS('',2,(#13474,#13475,#13476),
  .UNSPECIFIED.,.F.,.F.,(3,3),(0.,1.),.PIECEWISE_BEZIER_KNOTS.);
#13474 = CARTESIAN_POINT('',(0.653686523438,3.04541015625));
#13475 = CARTESIAN_POINT('',(0.885498046875,3.234375));
#13476 = CARTESIAN_POINT('',(1.237060546875,3.234375));
#13477 = ( GEOMETRIC_REPRESENTATION_CONTEXT(2) 
PARAMETRIC_REPRESENTATION_CONTEXT() REPRESENTATION_CONTEXT('2D SPACE',''
  ) );
#13478 = ORIENTED_EDGE('',*,*,#13386,.F.);
#13479 = ORIENTED_EDGE('',*,*,#4915,.F.);
#13480 = ADVANCED_FACE('',(#13481),#4901,.T.);
#13481 = FACE_BOUND('',#13482,.T.);
#13482 = EDGE_LOOP('',(#13483,#13506,#13527,#13528));
#13483 = ORIENTED_EDGE('',*,*,#13484,.T.);
#13484 = EDGE_CURVE('',#4856,#13485,#13487,.T.);
#13485 = VERTEX_POINT('',#13486);
#13486 = CARTESIAN_POINT('',(65.618286132812,-8.978271484375,1.7));
#13487 = SURFACE_CURVE('',#13488,(#13492,#13499),.PCURVE_S1.);
#13488 = LINE('',#13489,#13490);
#13489 = CARTESIAN_POINT('',(65.618286132812,-8.978271484375,2.5));
#13490 = VECTOR('',#13491,1.);
#13491 = DIRECTION('',(-0.,-0.,-1.));
#13492 = PCURVE('',#4901,#13493);
#13493 = DEFINITIONAL_REPRESENTATION('',(#13494),#13498);
#13494 = LINE('',#13495,#13496);
#13495 = CARTESIAN_POINT('',(0.,0.));
#13496 = VECTOR('',#13497,1.);
#13497 = DIRECTION('',(0.,-1.));
#13498 = ( GEOMETRIC_REPRESENTATION_CONTEXT(2) 
PARAMETRIC_REPRESENTATION_CONTEXT() REPRESENTATION_CONTEXT('2D SPACE',''
  ) );
#13499 = PCURVE('',#4871,#13500);
#13500 = DEFINITIONAL_REPRESENTATION('',(#13501),#13505);
#13501 = LINE('',#13502,#13503);
#13502 = CARTESIAN_POINT('',(1.,0.));
#13503 = VECTOR('',#13504,1.);
#13504 = DIRECTION('',(0.,-1.));
#13505 = ( GEOMETRIC_REPRESENTATION_CONTEXT(2) 
PARAMETRIC_REPRESENTATION_CONTEXT() REPRESENTATION_CONTEXT('2D SPACE',''
  ) );
#13506 = ORIENTED_EDGE('',*,*,#13507,.T.);
#13507 = EDGE_CURVE('',#13485,#13436,#13508,.T.);
#13508 = SURFACE_CURVE('',#13509,(#13513,#13520),.PCURVE_S1.);
#13509 = B_SPLINE_CURVE_WITH_KNOTS('',2,(#13510,#13511,#13512),
  .UNSPECIFIED.,.F.,.F.,(3,3),(0.,1.),.PIECEWISE_BEZIER_KNOTS.);
#13510 = CARTESIAN_POINT('',(65.618286132812,-8.978271484375,1.7));
#13511 = CARTESIAN_POINT('',(65.73583984375,-8.630004882812,1.7));
#13512 = CARTESIAN_POINT('',(65.967651367188,-8.441040039062,1.7));
#13513 = PCURVE('',#4901,#13514);
#13514 = DEFINITIONAL_REPRESENTATION('',(#13515),#13519);
#13515 = LINE('',#13516,#13517);
#13516 = CARTESIAN_POINT('',(0.,-0.8));
#13517 = VECTOR('',#13518,1.);
#13518 = DIRECTION('',(1.,0.));
#13519 = ( GEOMETRIC_REPRESENTATION_CONTEXT(2) 
PARAMETRIC_REPRESENTATION_CONTEXT() REPRESENTATION_CONTEXT('2D SPACE',''
  ) );
#13520 = PCURVE('',#13006,#13521);
#13521 = DEFINITIONAL_REPRESENTATION('',(#13522),#13526);
#13522 = B_SPLINE_CURVE_WITH_KNOTS('',2,(#13523,#13524,#13525),
  .UNSPECIFIED.,.F.,.F.,(3,3),(0.,1.),.PIECEWISE_BEZIER_KNOTS.);
#13523 = CARTESIAN_POINT('',(0.304321289062,2.508178710938));
#13524 = CARTESIAN_POINT('',(0.421875,2.8564453125));
#13525 = CARTESIAN_POINT('',(0.653686523438,3.04541015625));
#13526 = ( GEOMETRIC_REPRESENTATION_CONTEXT(2) 
PARAMETRIC_REPRESENTATION_CONTEXT() REPRESENTATION_CONTEXT('2D SPACE',''
  ) );
#13527 = ORIENTED_EDGE('',*,*,#13435,.F.);
#13528 = ORIENTED_EDGE('',*,*,#4885,.F.);
#13529 = ADVANCED_FACE('',(#13530),#4871,.T.);
#13530 = FACE_BOUND('',#13531,.T.);
#13531 = EDGE_LOOP('',(#13532,#13533,#13554,#13555));
#13532 = ORIENTED_EDGE('',*,*,#13018,.T.);
#13533 = ORIENTED_EDGE('',*,*,#13534,.T.);
#13534 = EDGE_CURVE('',#12991,#13485,#13535,.T.);
#13535 = SURFACE_CURVE('',#13536,(#13540,#13547),.PCURVE_S1.);
#13536 = B_SPLINE_CURVE_WITH_KNOTS('',2,(#13537,#13538,#13539),
  .UNSPECIFIED.,.F.,.F.,(3,3),(0.,1.),.PIECEWISE_BEZIER_KNOTS.);
#13537 = CARTESIAN_POINT('',(65.500732421875,-9.897827148438,1.7));
#13538 = CARTESIAN_POINT('',(65.500732421875,-9.326538085938,1.7));
#13539 = CARTESIAN_POINT('',(65.618286132812,-8.978271484375,1.7));
#13540 = PCURVE('',#4871,#13541);
#13541 = DEFINITIONAL_REPRESENTATION('',(#13542),#13546);
#13542 = LINE('',#13543,#13544);
#13543 = CARTESIAN_POINT('',(0.,-0.8));
#13544 = VECTOR('',#13545,1.);
#13545 = DIRECTION('',(1.,0.));
#13546 = ( GEOMETRIC_REPRESENTATION_CONTEXT(2) 
PARAMETRIC_REPRESENTATION_CONTEXT() REPRESENTATION_CONTEXT('2D SPACE',''
  ) );
#13547 = PCURVE('',#13006,#13548);
#13548 = DEFINITIONAL_REPRESENTATION('',(#13549),#13553);
#13549 = B_SPLINE_CURVE_WITH_KNOTS('',2,(#13550,#13551,#13552),
  .UNSPECIFIED.,.F.,.F.,(3,3),(0.,1.),.PIECEWISE_BEZIER_KNOTS.);
#13550 = CARTESIAN_POINT('',(0.186767578125,1.588623046875));
#13551 = CARTESIAN_POINT('',(0.186767578125,2.159912109375));
#13552 = CARTESIAN_POINT('',(0.304321289062,2.508178710938));
#13553 = ( GEOMETRIC_REPRESENTATION_CONTEXT(2) 
PARAMETRIC_REPRESENTATION_CONTEXT() REPRESENTATION_CONTEXT('2D SPACE',''
  ) );
#13554 = ORIENTED_EDGE('',*,*,#13484,.F.);
#13555 = ORIENTED_EDGE('',*,*,#4855,.F.);
#13556 = ADVANCED_FACE('',(#13557),#5225,.F.);
#13557 = FACE_BOUND('',#13558,.F.);
#13558 = EDGE_LOOP('',(#13559,#13560));
#13559 = ORIENTED_EDGE('',*,*,#5211,.T.);
#13560 = ORIENTED_EDGE('',*,*,#5612,.T.);
#13561 = ADVANCED_FACE('',(#13562),#5252,.F.);
#13562 = FACE_BOUND('',#13563,.F.);
#13563 = EDGE_LOOP('',(#13564,#13565));
#13564 = ORIENTED_EDGE('',*,*,#5238,.T.);
#13565 = ORIENTED_EDGE('',*,*,#5690,.T.);
#13566 = ADVANCED_FACE('',(#13567),#5279,.F.);
#13567 = FACE_BOUND('',#13568,.F.);
#13568 = EDGE_LOOP('',(#13569,#13570));
#13569 = ORIENTED_EDGE('',*,*,#5265,.T.);
#13570 = ORIENTED_EDGE('',*,*,#5846,.T.);
#13571 = ADVANCED_FACE('',(#13572),#5306,.F.);
#13572 = FACE_BOUND('',#13573,.F.);
#13573 = EDGE_LOOP('',(#13574,#13575));
#13574 = ORIENTED_EDGE('',*,*,#5292,.T.);
#13575 = ORIENTED_EDGE('',*,*,#5924,.T.);
#13576 = ADVANCED_FACE('',(#13577),#5333,.F.);
#13577 = FACE_BOUND('',#13578,.F.);
#13578 = EDGE_LOOP('',(#13579,#13580));
#13579 = ORIENTED_EDGE('',*,*,#5319,.T.);
#13580 = ORIENTED_EDGE('',*,*,#5768,.T.);
#13581 = ADVANCED_FACE('',(#13582),#5413,.F.);
#13582 = FACE_BOUND('',#13583,.T.);
#13583 = EDGE_LOOP('',(#13584,#13585,#13608,#13639));
#13584 = ORIENTED_EDGE('',*,*,#5396,.F.);
#13585 = ORIENTED_EDGE('',*,*,#13586,.T.);
#13586 = EDGE_CURVE('',#5397,#13587,#13589,.T.);
#13587 = VERTEX_POINT('',#13588);
#13588 = CARTESIAN_POINT('',(-59.75,6.,4.5));
#13589 = SEAM_CURVE('',#13590,(#13594,#13601),.PCURVE_S1.);
#13590 = LINE('',#13591,#13592);
#13591 = CARTESIAN_POINT('',(-59.75,6.,0.));
#13592 = VECTOR('',#13593,1.);
#13593 = DIRECTION('',(0.,0.,1.));
#13594 = PCURVE('',#5413,#13595);
#13595 = DEFINITIONAL_REPRESENTATION('',(#13596),#13600);
#13596 = LINE('',#13597,#13598);
#13597 = CARTESIAN_POINT('',(-6.28318530718,0.));
#13598 = VECTOR('',#13599,1.);
#13599 = DIRECTION('',(-0.,-1.));
#13600 = ( GEOMETRIC_REPRESENTATION_CONTEXT(2) 
PARAMETRIC_REPRESENTATION_CONTEXT() REPRESENTATION_CONTEXT('2D SPACE',''
  ) );
#13601 = PCURVE('',#5413,#13602);
#13602 = DEFINITIONAL_REPRESENTATION('',(#13603),#13607);
#13603 = LINE('',#13604,#13605);
#13604 = CARTESIAN_POINT('',(-0.,0.));
#13605 = VECTOR('',#13606,1.);
#13606 = DIRECTION('',(-0.,-1.));
#13607 = ( GEOMETRIC_REPRESENTATION_CONTEXT(2) 
PARAMETRIC_REPRESENTATION_CONTEXT() REPRESENTATION_CONTEXT('2D SPACE',''
  ) );
#13608 = ORIENTED_EDGE('',*,*,#13609,.F.);
#13609 = EDGE_CURVE('',#13587,#13587,#13610,.T.);
#13610 = SURFACE_CURVE('',#13611,(#13616,#13623),.PCURVE_S1.);
#13611 = CIRCLE('',#13612,4.25);
#13612 = AXIS2_PLACEMENT_3D('',#13613,#13614,#13615);
#13613 = CARTESIAN_POINT('',(-64.,6.,4.5));
#13614 = DIRECTION('',(0.,0.,-1.));
#13615 = DIRECTION('',(1.,0.,0.));
#13616 = PCURVE('',#5413,#13617);
#13617 = DEFINITIONAL_REPRESENTATION('',(#13618),#13622);
#13618 = LINE('',#13619,#13620);
#13619 = CARTESIAN_POINT('',(-6.28318530718,-4.5));
#13620 = VECTOR('',#13621,1.);
#13621 = DIRECTION('',(1.,-0.));
#13622 = ( GEOMETRIC_REPRESENTATION_CONTEXT(2) 
PARAMETRIC_REPRESENTATION_CONTEXT() REPRESENTATION_CONTEXT('2D SPACE',''
  ) );
#13623 = PCURVE('',#13624,#13629);
#13624 = PLANE('',#13625);
#13625 = AXIS2_PLACEMENT_3D('',#13626,#13627,#13628);
#13626 = CARTESIAN_POINT('',(-64.,6.,4.5));
#13627 = DIRECTION('',(0.,0.,1.));
#13628 = DIRECTION('',(1.,0.,-0.));
#13629 = DEFINITIONAL_REPRESENTATION('',(#13630),#13638);
#13630 = ( BOUNDED_CURVE() B_SPLINE_CURVE(2,(#13631,#13632,#13633,#13634
    ,#13635,#13636,#13637),.UNSPECIFIED.,.T.,.F.) 
B_SPLINE_CURVE_WITH_KNOTS((1,2,2,2,2,1),(-2.094395102393,0.,
    2.094395102393,4.188790204786,6.28318530718,8.377580409573),
.UNSPECIFIED.) CURVE() GEOMETRIC_REPRESENTATION_ITEM() 
RATIONAL_B_SPLINE_CURVE((1.,0.5,1.,0.5,1.,0.5,1.)) REPRESENTATION_ITEM(
  '') );
#13631 = CARTESIAN_POINT('',(4.25,-8.881784197001E-16));
#13632 = CARTESIAN_POINT('',(4.25,-7.361215932168));
#13633 = CARTESIAN_POINT('',(-2.125,-3.680607966084));
#13634 = CARTESIAN_POINT('',(-8.5,-1.929128198975E-15));
#13635 = CARTESIAN_POINT('',(-2.125,3.680607966084));
#13636 = CARTESIAN_POINT('',(4.25,7.361215932168));
#13637 = CARTESIAN_POINT('',(4.25,-8.881784197001E-16));
#13638 = ( GEOMETRIC_REPRESENTATION_CONTEXT(2) 
PARAMETRIC_REPRESENTATION_CONTEXT() REPRESENTATION_CONTEXT('2D SPACE',''
  ) );
#13639 = ORIENTED_EDGE('',*,*,#13586,.F.);
#13640 = ADVANCED_FACE('',(#13641),#5444,.F.);
#13641 = FACE_BOUND('',#13642,.T.);
#13642 = EDGE_LOOP('',(#13643,#13644,#13667,#13698));
#13643 = ORIENTED_EDGE('',*,*,#5427,.F.);
#13644 = ORIENTED_EDGE('',*,*,#13645,.T.);
#13645 = EDGE_CURVE('',#5428,#13646,#13648,.T.);
#13646 = VERTEX_POINT('',#13647);
#13647 = CARTESIAN_POINT('',(-27.75,6.,4.5));
#13648 = SEAM_CURVE('',#13649,(#13653,#13660),.PCURVE_S1.);
#13649 = LINE('',#13650,#13651);
#13650 = CARTESIAN_POINT('',(-27.75,6.,0.));
#13651 = VECTOR('',#13652,1.);
#13652 = DIRECTION('',(0.,0.,1.));
#13653 = PCURVE('',#5444,#13654);
#13654 = DEFINITIONAL_REPRESENTATION('',(#13655),#13659);
#13655 = LINE('',#13656,#13657);
#13656 = CARTESIAN_POINT('',(-6.28318530718,0.));
#13657 = VECTOR('',#13658,1.);
#13658 = DIRECTION('',(-0.,-1.));
#13659 = ( GEOMETRIC_REPRESENTATION_CONTEXT(2) 
PARAMETRIC_REPRESENTATION_CONTEXT() REPRESENTATION_CONTEXT('2D SPACE',''
  ) );
#13660 = PCURVE('',#5444,#13661);
#13661 = DEFINITIONAL_REPRESENTATION('',(#13662),#13666);
#13662 = LINE('',#13663,#13664);
#13663 = CARTESIAN_POINT('',(-0.,0.));
#13664 = VECTOR('',#13665,1.);
#13665 = DIRECTION('',(-0.,-1.));
#13666 = ( GEOMETRIC_REPRESENTATION_CONTEXT(2) 
PARAMETRIC_REPRESENTATION_CONTEXT() REPRESENTATION_CONTEXT('2D SPACE',''
  ) );
#13667 = ORIENTED_EDGE('',*,*,#13668,.F.);
#13668 = EDGE_CURVE('',#13646,#13646,#13669,.T.);
#13669 = SURFACE_CURVE('',#13670,(#13675,#13682),.PCURVE_S1.);
#13670 = CIRCLE('',#13671,4.25);
#13671 = AXIS2_PLACEMENT_3D('',#13672,#13673,#13674);
#13672 = CARTESIAN_POINT('',(-32.,6.,4.5));
#13673 = DIRECTION('',(0.,0.,-1.));
#13674 = DIRECTION('',(1.,0.,0.));
#13675 = PCURVE('',#5444,#13676);
#13676 = DEFINITIONAL_REPRESENTATION('',(#13677),#13681);
#13677 = LINE('',#13678,#13679);
#13678 = CARTESIAN_POINT('',(-6.28318530718,-4.5));
#13679 = VECTOR('',#13680,1.);
#13680 = DIRECTION('',(1.,-0.));
#13681 = ( GEOMETRIC_REPRESENTATION_CONTEXT(2) 
PARAMETRIC_REPRESENTATION_CONTEXT() REPRESENTATION_CONTEXT('2D SPACE',''
  ) );
#13682 = PCURVE('',#13683,#13688);
#13683 = PLANE('',#13684);
#13684 = AXIS2_PLACEMENT_3D('',#13685,#13686,#13687);
#13685 = CARTESIAN_POINT('',(-32.,6.,4.5));
#13686 = DIRECTION('',(0.,0.,1.));
#13687 = DIRECTION('',(1.,0.,-0.));
#13688 = DEFINITIONAL_REPRESENTATION('',(#13689),#13697);
#13689 = ( BOUNDED_CURVE() B_SPLINE_CURVE(2,(#13690,#13691,#13692,#13693
    ,#13694,#13695,#13696),.UNSPECIFIED.,.T.,.F.) 
B_SPLINE_CURVE_WITH_KNOTS((1,2,2,2,2,1),(-2.094395102393,0.,
    2.094395102393,4.188790204786,6.28318530718,8.377580409573),
.UNSPECIFIED.) CURVE() GEOMETRIC_REPRESENTATION_ITEM() 
RATIONAL_B_SPLINE_CURVE((1.,0.5,1.,0.5,1.,0.5,1.)) REPRESENTATION_ITEM(
  '') );
#13690 = CARTESIAN_POINT('',(4.25,-8.881784197001E-16));
#13691 = CARTESIAN_POINT('',(4.25,-7.361215932168));
#13692 = CARTESIAN_POINT('',(-2.125,-3.680607966084));
#13693 = CARTESIAN_POINT('',(-8.5,-1.929128198975E-15));
#13694 = CARTESIAN_POINT('',(-2.125,3.680607966084));
#13695 = CARTESIAN_POINT('',(4.25,7.361215932168));
#13696 = CARTESIAN_POINT('',(4.25,-8.881784197001E-16));
#13697 = ( GEOMETRIC_REPRESENTATION_CONTEXT(2) 
PARAMETRIC_REPRESENTATION_CONTEXT() REPRESENTATION_CONTEXT('2D SPACE',''
  ) );
#13698 = ORIENTED_EDGE('',*,*,#13645,.F.);
#13699 = ADVANCED_FACE('',(#13700),#5475,.F.);
#13700 = FACE_BOUND('',#13701,.T.);
#13701 = EDGE_LOOP('',(#13702,#13703,#13726,#13757));
#13702 = ORIENTED_EDGE('',*,*,#5458,.F.);
#13703 = ORIENTED_EDGE('',*,*,#13704,.T.);
#13704 = EDGE_CURVE('',#5459,#13705,#13707,.T.);
#13705 = VERTEX_POINT('',#13706);
#13706 = CARTESIAN_POINT('',(4.25,6.,4.5));
#13707 = SEAM_CURVE('',#13708,(#13712,#13719),.PCURVE_S1.);
#13708 = LINE('',#13709,#13710);
#13709 = CARTESIAN_POINT('',(4.25,6.,0.));
#13710 = VECTOR('',#13711,1.);
#13711 = DIRECTION('',(0.,0.,1.));
#13712 = PCURVE('',#5475,#13713);
#13713 = DEFINITIONAL_REPRESENTATION('',(#13714),#13718);
#13714 = LINE('',#13715,#13716);
#13715 = CARTESIAN_POINT('',(-6.28318530718,0.));
#13716 = VECTOR('',#13717,1.);
#13717 = DIRECTION('',(-0.,-1.));
#13718 = ( GEOMETRIC_REPRESENTATION_CONTEXT(2) 
PARAMETRIC_REPRESENTATION_CONTEXT() REPRESENTATION_CONTEXT('2D SPACE',''
  ) );
#13719 = PCURVE('',#5475,#13720);
#13720 = DEFINITIONAL_REPRESENTATION('',(#13721),#13725);
#13721 = LINE('',#13722,#13723);
#13722 = CARTESIAN_POINT('',(-0.,0.));
#13723 = VECTOR('',#13724,1.);
#13724 = DIRECTION('',(-0.,-1.));
#13725 = ( GEOMETRIC_REPRESENTATION_CONTEXT(2) 
PARAMETRIC_REPRESENTATION_CONTEXT() REPRESENTATION_CONTEXT('2D SPACE',''
  ) );
#13726 = ORIENTED_EDGE('',*,*,#13727,.F.);
#13727 = EDGE_CURVE('',#13705,#13705,#13728,.T.);
#13728 = SURFACE_CURVE('',#13729,(#13734,#13741),.PCURVE_S1.);
#13729 = CIRCLE('',#13730,4.25);
#13730 = AXIS2_PLACEMENT_3D('',#13731,#13732,#13733);
#13731 = CARTESIAN_POINT('',(0.,6.,4.5));
#13732 = DIRECTION('',(0.,0.,-1.));
#13733 = DIRECTION('',(1.,0.,0.));
#13734 = PCURVE('',#5475,#13735);
#13735 = DEFINITIONAL_REPRESENTATION('',(#13736),#13740);
#13736 = LINE('',#13737,#13738);
#13737 = CARTESIAN_POINT('',(-6.28318530718,-4.5));
#13738 = VECTOR('',#13739,1.);
#13739 = DIRECTION('',(1.,-0.));
#13740 = ( GEOMETRIC_REPRESENTATION_CONTEXT(2) 
PARAMETRIC_REPRESENTATION_CONTEXT() REPRESENTATION_CONTEXT('2D SPACE',''
  ) );
#13741 = PCURVE('',#13742,#13747);
#13742 = PLANE('',#13743);
#13743 = AXIS2_PLACEMENT_3D('',#13744,#13745,#13746);
#13744 = CARTESIAN_POINT('',(-9.945019145741E-16,6.,4.5));
#13745 = DIRECTION('',(0.,0.,1.));
#13746 = DIRECTION('',(1.,0.,-0.));
#13747 = DEFINITIONAL_REPRESENTATION('',(#13748),#13756);
#13748 = ( BOUNDED_CURVE() B_SPLINE_CURVE(2,(#13749,#13750,#13751,#13752
    ,#13753,#13754,#13755),.UNSPECIFIED.,.T.,.F.) 
B_SPLINE_CURVE_WITH_KNOTS((1,2,2,2,2,1),(-2.094395102393,0.,
    2.094395102393,4.188790204786,6.28318530718,8.377580409573),
.UNSPECIFIED.) CURVE() GEOMETRIC_REPRESENTATION_ITEM() 
RATIONAL_B_SPLINE_CURVE((1.,0.5,1.,0.5,1.,0.5,1.)) REPRESENTATION_ITEM(
  '') );
#13749 = CARTESIAN_POINT('',(4.25,0.));
#13750 = CARTESIAN_POINT('',(4.25,-7.361215932168));
#13751 = CARTESIAN_POINT('',(-2.125,-3.680607966084));
#13752 = CARTESIAN_POINT('',(-8.5,-1.040949779275E-15));
#13753 = CARTESIAN_POINT('',(-2.125,3.680607966084));
#13754 = CARTESIAN_POINT('',(4.25,7.361215932168));
#13755 = CARTESIAN_POINT('',(4.25,0.));
#13756 = ( GEOMETRIC_REPRESENTATION_CONTEXT(2) 
PARAMETRIC_REPRESENTATION_CONTEXT() REPRESENTATION_CONTEXT('2D SPACE',''
  ) );
#13757 = ORIENTED_EDGE('',*,*,#13704,.F.);
#13758 = ADVANCED_FACE('',(#13759),#5506,.F.);
#13759 = FACE_BOUND('',#13760,.T.);
#13760 = EDGE_LOOP('',(#13761,#13762,#13785,#13816));
#13761 = ORIENTED_EDGE('',*,*,#5489,.F.);
#13762 = ORIENTED_EDGE('',*,*,#13763,.T.);
#13763 = EDGE_CURVE('',#5490,#13764,#13766,.T.);
#13764 = VERTEX_POINT('',#13765);
#13765 = CARTESIAN_POINT('',(36.25,6.,4.5));
#13766 = SEAM_CURVE('',#13767,(#13771,#13778),.PCURVE_S1.);
#13767 = LINE('',#13768,#13769);
#13768 = CARTESIAN_POINT('',(36.25,6.,0.));
#13769 = VECTOR('',#13770,1.);
#13770 = DIRECTION('',(0.,0.,1.));
#13771 = PCURVE('',#5506,#13772);
#13772 = DEFINITIONAL_REPRESENTATION('',(#13773),#13777);
#13773 = LINE('',#13774,#13775);
#13774 = CARTESIAN_POINT('',(-6.28318530718,0.));
#13775 = VECTOR('',#13776,1.);
#13776 = DIRECTION('',(-0.,-1.));
#13777 = ( GEOMETRIC_REPRESENTATION_CONTEXT(2) 
PARAMETRIC_REPRESENTATION_CONTEXT() REPRESENTATION_CONTEXT('2D SPACE',''
  ) );
#13778 = PCURVE('',#5506,#13779);
#13779 = DEFINITIONAL_REPRESENTATION('',(#13780),#13784);
#13780 = LINE('',#13781,#13782);
#13781 = CARTESIAN_POINT('',(-0.,0.));
#13782 = VECTOR('',#13783,1.);
#13783 = DIRECTION('',(-0.,-1.));
#13784 = ( GEOMETRIC_REPRESENTATION_CONTEXT(2) 
PARAMETRIC_REPRESENTATION_CONTEXT() REPRESENTATION_CONTEXT('2D SPACE',''
  ) );
#13785 = ORIENTED_EDGE('',*,*,#13786,.F.);
#13786 = EDGE_CURVE('',#13764,#13764,#13787,.T.);
#13787 = SURFACE_CURVE('',#13788,(#13793,#13800),.PCURVE_S1.);
#13788 = CIRCLE('',#13789,4.25);
#13789 = AXIS2_PLACEMENT_3D('',#13790,#13791,#13792);
#13790 = CARTESIAN_POINT('',(32.,6.,4.5));
#13791 = DIRECTION('',(0.,0.,-1.));
#13792 = DIRECTION('',(1.,0.,0.));
#13793 = PCURVE('',#5506,#13794);
#13794 = DEFINITIONAL_REPRESENTATION('',(#13795),#13799);
#13795 = LINE('',#13796,#13797);
#13796 = CARTESIAN_POINT('',(-6.28318530718,-4.5));
#13797 = VECTOR('',#13798,1.);
#13798 = DIRECTION('',(1.,-0.));
#13799 = ( GEOMETRIC_REPRESENTATION_CONTEXT(2) 
PARAMETRIC_REPRESENTATION_CONTEXT() REPRESENTATION_CONTEXT('2D SPACE',''
  ) );
#13800 = PCURVE('',#13801,#13806);
#13801 = PLANE('',#13802);
#13802 = AXIS2_PLACEMENT_3D('',#13803,#13804,#13805);
#13803 = CARTESIAN_POINT('',(32.,6.,4.5));
#13804 = DIRECTION('',(0.,0.,1.));
#13805 = DIRECTION('',(1.,0.,-0.));
#13806 = DEFINITIONAL_REPRESENTATION('',(#13807),#13815);
#13807 = ( BOUNDED_CURVE() B_SPLINE_CURVE(2,(#13808,#13809,#13810,#13811
    ,#13812,#13813,#13814),.UNSPECIFIED.,.T.,.F.) 
B_SPLINE_CURVE_WITH_KNOTS((1,2,2,2,2,1),(-2.094395102393,0.,
    2.094395102393,4.188790204786,6.28318530718,8.377580409573),
.UNSPECIFIED.) CURVE() GEOMETRIC_REPRESENTATION_ITEM() 
RATIONAL_B_SPLINE_CURVE((1.,0.5,1.,0.5,1.,0.5,1.)) REPRESENTATION_ITEM(
  '') );
#13808 = CARTESIAN_POINT('',(4.25,-1.7763568394E-15));
#13809 = CARTESIAN_POINT('',(4.25,-7.361215932168));
#13810 = CARTESIAN_POINT('',(-2.125,-3.680607966084));
#13811 = CARTESIAN_POINT('',(-8.5,-2.817306618676E-15));
#13812 = CARTESIAN_POINT('',(-2.125,3.680607966084));
#13813 = CARTESIAN_POINT('',(4.25,7.361215932168));
#13814 = CARTESIAN_POINT('',(4.25,-1.7763568394E-15));
#13815 = ( GEOMETRIC_REPRESENTATION_CONTEXT(2) 
PARAMETRIC_REPRESENTATION_CONTEXT() REPRESENTATION_CONTEXT('2D SPACE',''
  ) );
#13816 = ORIENTED_EDGE('',*,*,#13763,.F.);
#13817 = ADVANCED_FACE('',(#13818),#5537,.F.);
#13818 = FACE_BOUND('',#13819,.T.);
#13819 = EDGE_LOOP('',(#13820,#13821,#13844,#13875));
#13820 = ORIENTED_EDGE('',*,*,#5520,.F.);
#13821 = ORIENTED_EDGE('',*,*,#13822,.T.);
#13822 = EDGE_CURVE('',#5521,#13823,#13825,.T.);
#13823 = VERTEX_POINT('',#13824);
#13824 = CARTESIAN_POINT('',(68.25,6.,4.5));
#13825 = SEAM_CURVE('',#13826,(#13830,#13837),.PCURVE_S1.);
#13826 = LINE('',#13827,#13828);
#13827 = CARTESIAN_POINT('',(68.25,6.,0.));
#13828 = VECTOR('',#13829,1.);
#13829 = DIRECTION('',(0.,0.,1.));
#13830 = PCURVE('',#5537,#13831);
#13831 = DEFINITIONAL_REPRESENTATION('',(#13832),#13836);
#13832 = LINE('',#13833,#13834);
#13833 = CARTESIAN_POINT('',(-6.28318530718,0.));
#13834 = VECTOR('',#13835,1.);
#13835 = DIRECTION('',(-0.,-1.));
#13836 = ( GEOMETRIC_REPRESENTATION_CONTEXT(2) 
PARAMETRIC_REPRESENTATION_CONTEXT() REPRESENTATION_CONTEXT('2D SPACE',''
  ) );
#13837 = PCURVE('',#5537,#13838);
#13838 = DEFINITIONAL_REPRESENTATION('',(#13839),#13843);
#13839 = LINE('',#13840,#13841);
#13840 = CARTESIAN_POINT('',(-0.,0.));
#13841 = VECTOR('',#13842,1.);
#13842 = DIRECTION('',(-0.,-1.));
#13843 = ( GEOMETRIC_REPRESENTATION_CONTEXT(2) 
PARAMETRIC_REPRESENTATION_CONTEXT() REPRESENTATION_CONTEXT('2D SPACE',''
  ) );
#13844 = ORIENTED_EDGE('',*,*,#13845,.F.);
#13845 = EDGE_CURVE('',#13823,#13823,#13846,.T.);
#13846 = SURFACE_CURVE('',#13847,(#13852,#13859),.PCURVE_S1.);
#13847 = CIRCLE('',#13848,4.25);
#13848 = AXIS2_PLACEMENT_3D('',#13849,#13850,#13851);
#13849 = CARTESIAN_POINT('',(64.,6.,4.5));
#13850 = DIRECTION('',(0.,0.,-1.));
#13851 = DIRECTION('',(1.,0.,0.));
#13852 = PCURVE('',#5537,#13853);
#13853 = DEFINITIONAL_REPRESENTATION('',(#13854),#13858);
#13854 = LINE('',#13855,#13856);
#13855 = CARTESIAN_POINT('',(-6.28318530718,-4.5));
#13856 = VECTOR('',#13857,1.);
#13857 = DIRECTION('',(1.,-0.));
#13858 = ( GEOMETRIC_REPRESENTATION_CONTEXT(2) 
PARAMETRIC_REPRESENTATION_CONTEXT() REPRESENTATION_CONTEXT('2D SPACE',''
  ) );
#13859 = PCURVE('',#13860,#13865);
#13860 = PLANE('',#13861);
#13861 = AXIS2_PLACEMENT_3D('',#13862,#13863,#13864);
#13862 = CARTESIAN_POINT('',(64.,6.,4.5));
#13863 = DIRECTION('',(0.,0.,1.));
#13864 = DIRECTION('',(1.,0.,-0.));
#13865 = DEFINITIONAL_REPRESENTATION('',(#13866),#13874);
#13866 = ( BOUNDED_CURVE() B_SPLINE_CURVE(2,(#13867,#13868,#13869,#13870
    ,#13871,#13872,#13873),.UNSPECIFIED.,.T.,.F.) 
B_SPLINE_CURVE_WITH_KNOTS((1,2,2,2,2,1),(-2.094395102393,0.,
    2.094395102393,4.188790204786,6.28318530718,8.377580409573),
.UNSPECIFIED.) CURVE() GEOMETRIC_REPRESENTATION_ITEM() 
RATIONAL_B_SPLINE_CURVE((1.,0.5,1.,0.5,1.,0.5,1.)) REPRESENTATION_ITEM(
  '') );
#13867 = CARTESIAN_POINT('',(4.25,-1.7763568394E-15));
#13868 = CARTESIAN_POINT('',(4.25,-7.361215932168));
#13869 = CARTESIAN_POINT('',(-2.125,-3.680607966084));
#13870 = CARTESIAN_POINT('',(-8.5,-2.817306618676E-15));
#13871 = CARTESIAN_POINT('',(-2.125,3.680607966084));
#13872 = CARTESIAN_POINT('',(4.25,7.361215932168));
#13873 = CARTESIAN_POINT('',(4.25,-1.7763568394E-15));
#13874 = ( GEOMETRIC_REPRESENTATION_CONTEXT(2) 
PARAMETRIC_REPRESENTATION_CONTEXT() REPRESENTATION_CONTEXT('2D SPACE',''
  ) );
#13875 = ORIENTED_EDGE('',*,*,#13822,.F.);
#13876 = ADVANCED_FACE('',(#13877,#13880),#5598,.T.);
#13877 = FACE_BOUND('',#13878,.T.);
#13878 = EDGE_LOOP('',(#13879));
#13879 = ORIENTED_EDGE('',*,*,#5583,.T.);
#13880 = FACE_BOUND('',#13881,.T.);
#13881 = EDGE_LOOP('',(#13882));
#13882 = ORIENTED_EDGE('',*,*,#13883,.T.);
#13883 = EDGE_CURVE('',#13884,#13884,#13886,.T.);
#13884 = VERTEX_POINT('',#13885);
#13885 = CARTESIAN_POINT('',(-53.1,6.,11.5));
#13886 = SURFACE_CURVE('',#13887,(#13892,#13903),.PCURVE_S1.);
#13887 = CIRCLE('',#13888,10.9);
#13888 = AXIS2_PLACEMENT_3D('',#13889,#13890,#13891);
#13889 = CARTESIAN_POINT('',(-64.,6.,11.5));
#13890 = DIRECTION('',(0.,0.,-1.));
#13891 = DIRECTION('',(1.,0.,0.));
#13892 = PCURVE('',#5598,#13893);
#13893 = DEFINITIONAL_REPRESENTATION('',(#13894),#13902);
#13894 = ( BOUNDED_CURVE() B_SPLINE_CURVE(2,(#13895,#13896,#13897,#13898
    ,#13899,#13900,#13901),.UNSPECIFIED.,.T.,.F.) 
B_SPLINE_CURVE_WITH_KNOTS((1,2,2,2,2,1),(-2.094395102393,0.,
    2.094395102393,4.188790204786,6.28318530718,8.377580409573),
.UNSPECIFIED.) CURVE() GEOMETRIC_REPRESENTATION_ITEM() 
RATIONAL_B_SPLINE_CURVE((1.,0.5,1.,0.5,1.,0.5,1.)) REPRESENTATION_ITEM(
  '') );
#13895 = CARTESIAN_POINT('',(10.9,-8.881784197001E-16));
#13896 = CARTESIAN_POINT('',(10.9,-18.8793538025));
#13897 = CARTESIAN_POINT('',(-5.45,-9.43967690125));
#13898 = CARTESIAN_POINT('',(-21.8,-3.557908441841E-15));
#13899 = CARTESIAN_POINT('',(-5.45,9.43967690125));
#13900 = CARTESIAN_POINT('',(10.9,18.879353802501));
#13901 = CARTESIAN_POINT('',(10.9,-8.881784197001E-16));
#13902 = ( GEOMETRIC_REPRESENTATION_CONTEXT(2) 
PARAMETRIC_REPRESENTATION_CONTEXT() REPRESENTATION_CONTEXT('2D SPACE',''
  ) );
#13903 = PCURVE('',#13904,#13909);
#13904 = CYLINDRICAL_SURFACE('',#13905,10.9);
#13905 = AXIS2_PLACEMENT_3D('',#13906,#13907,#13908);
#13906 = CARTESIAN_POINT('',(-64.,6.,4.5));
#13907 = DIRECTION('',(-0.,-0.,-1.));
#13908 = DIRECTION('',(1.,0.,0.));
#13909 = DEFINITIONAL_REPRESENTATION('',(#13910),#13914);
#13910 = LINE('',#13911,#13912);
#13911 = CARTESIAN_POINT('',(-6.28318530718,-7.));
#13912 = VECTOR('',#13913,1.);
#13913 = DIRECTION('',(1.,-0.));
#13914 = ( GEOMETRIC_REPRESENTATION_CONTEXT(2) 
PARAMETRIC_REPRESENTATION_CONTEXT() REPRESENTATION_CONTEXT('2D SPACE',''
  ) );
#13915 = ADVANCED_FACE('',(#13916,#13919),#5676,.T.);
#13916 = FACE_BOUND('',#13917,.T.);
#13917 = EDGE_LOOP('',(#13918));
#13918 = ORIENTED_EDGE('',*,*,#5661,.T.);
#13919 = FACE_BOUND('',#13920,.T.);
#13920 = EDGE_LOOP('',(#13921));
#13921 = ORIENTED_EDGE('',*,*,#13922,.T.);
#13922 = EDGE_CURVE('',#13923,#13923,#13925,.T.);
#13923 = VERTEX_POINT('',#13924);
#13924 = CARTESIAN_POINT('',(-21.05,6.,11.5));
#13925 = SURFACE_CURVE('',#13926,(#13931,#13942),.PCURVE_S1.);
#13926 = CIRCLE('',#13927,10.95);
#13927 = AXIS2_PLACEMENT_3D('',#13928,#13929,#13930);
#13928 = CARTESIAN_POINT('',(-32.,6.,11.5));
#13929 = DIRECTION('',(0.,0.,-1.));
#13930 = DIRECTION('',(1.,0.,0.));
#13931 = PCURVE('',#5676,#13932);
#13932 = DEFINITIONAL_REPRESENTATION('',(#13933),#13941);
#13933 = ( BOUNDED_CURVE() B_SPLINE_CURVE(2,(#13934,#13935,#13936,#13937
    ,#13938,#13939,#13940),.UNSPECIFIED.,.T.,.F.) 
B_SPLINE_CURVE_WITH_KNOTS((1,2,2,2,2,1),(-2.094395102393,0.,
    2.094395102393,4.188790204786,6.28318530718,8.377580409573),
.UNSPECIFIED.) CURVE() GEOMETRIC_REPRESENTATION_ITEM() 
RATIONAL_B_SPLINE_CURVE((1.,0.5,1.,0.5,1.,0.5,1.)) REPRESENTATION_ITEM(
  '') );
#13934 = CARTESIAN_POINT('',(10.95,-8.881784197001E-16));
#13935 = CARTESIAN_POINT('',(10.95,-18.96595634287));
#13936 = CARTESIAN_POINT('',(-5.475,-9.48297817144));
#13937 = CARTESIAN_POINT('',(-21.9,-3.570154909833E-15));
#13938 = CARTESIAN_POINT('',(-5.475,9.48297817144));
#13939 = CARTESIAN_POINT('',(10.95,18.965956342879));
#13940 = CARTESIAN_POINT('',(10.95,-8.881784197001E-16));
#13941 = ( GEOMETRIC_REPRESENTATION_CONTEXT(2) 
PARAMETRIC_REPRESENTATION_CONTEXT() REPRESENTATION_CONTEXT('2D SPACE',''
  ) );
#13942 = PCURVE('',#13943,#13948);
#13943 = CYLINDRICAL_SURFACE('',#13944,10.95);
#13944 = AXIS2_PLACEMENT_3D('',#13945,#13946,#13947);
#13945 = CARTESIAN_POINT('',(-32.,6.,4.5));
#13946 = DIRECTION('',(-0.,-0.,-1.));
#13947 = DIRECTION('',(1.,0.,0.));
#13948 = DEFINITIONAL_REPRESENTATION('',(#13949),#13953);
#13949 = LINE('',#13950,#13951);
#13950 = CARTESIAN_POINT('',(-6.28318530718,-7.));
#13951 = VECTOR('',#13952,1.);
#13952 = DIRECTION('',(1.,-0.));
#13953 = ( GEOMETRIC_REPRESENTATION_CONTEXT(2) 
PARAMETRIC_REPRESENTATION_CONTEXT() REPRESENTATION_CONTEXT('2D SPACE',''
  ) );
#13954 = ADVANCED_FACE('',(#13955,#13958),#5754,.T.);
#13955 = FACE_BOUND('',#13956,.T.);
#13956 = EDGE_LOOP('',(#13957));
#13957 = ORIENTED_EDGE('',*,*,#5739,.T.);
#13958 = FACE_BOUND('',#13959,.T.);
#13959 = EDGE_LOOP('',(#13960));
#13960 = ORIENTED_EDGE('',*,*,#13961,.T.);
#13961 = EDGE_CURVE('',#13962,#13962,#13964,.T.);
#13962 = VERTEX_POINT('',#13963);
#13963 = CARTESIAN_POINT('',(75.05,6.,11.5));
#13964 = SURFACE_CURVE('',#13965,(#13970,#13981),.PCURVE_S1.);
#13965 = CIRCLE('',#13966,11.05);
#13966 = AXIS2_PLACEMENT_3D('',#13967,#13968,#13969);
#13967 = CARTESIAN_POINT('',(64.,6.,11.5));
#13968 = DIRECTION('',(0.,0.,-1.));
#13969 = DIRECTION('',(1.,0.,0.));
#13970 = PCURVE('',#5754,#13971);
#13971 = DEFINITIONAL_REPRESENTATION('',(#13972),#13980);
#13972 = ( BOUNDED_CURVE() B_SPLINE_CURVE(2,(#13973,#13974,#13975,#13976
    ,#13977,#13978,#13979),.UNSPECIFIED.,.T.,.F.) 
B_SPLINE_CURVE_WITH_KNOTS((1,2,2,2,2,1),(-2.094395102393,0.,
    2.094395102393,4.188790204786,6.28318530718,8.377580409573),
.UNSPECIFIED.) CURVE() GEOMETRIC_REPRESENTATION_ITEM() 
RATIONAL_B_SPLINE_CURVE((1.,0.5,1.,0.5,1.,0.5,1.)) REPRESENTATION_ITEM(
  '') );
#13973 = CARTESIAN_POINT('',(11.05,-8.881784197001E-16));
#13974 = CARTESIAN_POINT('',(11.05,-19.13916142363));
#13975 = CARTESIAN_POINT('',(-5.525,-9.569580711818));
#13976 = CARTESIAN_POINT('',(-22.1,-3.594647845816E-15));
#13977 = CARTESIAN_POINT('',(-5.525,9.569580711818));
#13978 = CARTESIAN_POINT('',(11.05,19.139161423636));
#13979 = CARTESIAN_POINT('',(11.05,-8.881784197001E-16));
#13980 = ( GEOMETRIC_REPRESENTATION_CONTEXT(2) 
PARAMETRIC_REPRESENTATION_CONTEXT() REPRESENTATION_CONTEXT('2D SPACE',''
  ) );
#13981 = PCURVE('',#13982,#13987);
#13982 = CYLINDRICAL_SURFACE('',#13983,11.05);
#13983 = AXIS2_PLACEMENT_3D('',#13984,#13985,#13986);
#13984 = CARTESIAN_POINT('',(64.,6.,4.5));
#13985 = DIRECTION('',(-0.,-0.,-1.));
#13986 = DIRECTION('',(1.,0.,0.));
#13987 = DEFINITIONAL_REPRESENTATION('',(#13988),#13992);
#13988 = LINE('',#13989,#13990);
#13989 = CARTESIAN_POINT('',(-6.28318530718,-7.));
#13990 = VECTOR('',#13991,1.);
#13991 = DIRECTION('',(1.,-0.));
#13992 = ( GEOMETRIC_REPRESENTATION_CONTEXT(2) 
PARAMETRIC_REPRESENTATION_CONTEXT() REPRESENTATION_CONTEXT('2D SPACE',''
  ) );
#13993 = ADVANCED_FACE('',(#13994,#13997),#5832,.T.);
#13994 = FACE_BOUND('',#13995,.T.);
#13995 = EDGE_LOOP('',(#13996));
#13996 = ORIENTED_EDGE('',*,*,#5817,.T.);
#13997 = FACE_BOUND('',#13998,.T.);
#13998 = EDGE_LOOP('',(#13999));
#13999 = ORIENTED_EDGE('',*,*,#14000,.T.);
#14000 = EDGE_CURVE('',#14001,#14001,#14003,.T.);
#14001 = VERTEX_POINT('',#14002);
#14002 = CARTESIAN_POINT('',(11.,6.,11.5));
#14003 = SURFACE_CURVE('',#14004,(#14009,#14020),.PCURVE_S1.);
#14004 = CIRCLE('',#14005,11.);
#14005 = AXIS2_PLACEMENT_3D('',#14006,#14007,#14008);
#14006 = CARTESIAN_POINT('',(0.,6.,11.5));
#14007 = DIRECTION('',(0.,0.,-1.));
#14008 = DIRECTION('',(1.,0.,0.));
#14009 = PCURVE('',#5832,#14010);
#14010 = DEFINITIONAL_REPRESENTATION('',(#14011),#14019);
#14011 = ( BOUNDED_CURVE() B_SPLINE_CURVE(2,(#14012,#14013,#14014,#14015
    ,#14016,#14017,#14018),.UNSPECIFIED.,.T.,.F.) 
B_SPLINE_CURVE_WITH_KNOTS((1,2,2,2,2,1),(-2.094395102393,0.,
    2.094395102393,4.188790204786,6.28318530718,8.377580409573),
.UNSPECIFIED.) CURVE() GEOMETRIC_REPRESENTATION_ITEM() 
RATIONAL_B_SPLINE_CURVE((1.,0.5,1.,0.5,1.,0.5,1.)) REPRESENTATION_ITEM(
  '') );
#14012 = CARTESIAN_POINT('',(11.,-8.881784197001E-16));
#14013 = CARTESIAN_POINT('',(11.,-19.05255888325));
#14014 = CARTESIAN_POINT('',(-5.5,-9.526279441629));
#14015 = CARTESIAN_POINT('',(-22.,-3.582401377824E-15));
#14016 = CARTESIAN_POINT('',(-5.5,9.526279441629));
#14017 = CARTESIAN_POINT('',(11.,19.052558883258));
#14018 = CARTESIAN_POINT('',(11.,-8.881784197001E-16));
#14019 = ( GEOMETRIC_REPRESENTATION_CONTEXT(2) 
PARAMETRIC_REPRESENTATION_CONTEXT() REPRESENTATION_CONTEXT('2D SPACE',''
  ) );
#14020 = PCURVE('',#14021,#14026);
#14021 = CYLINDRICAL_SURFACE('',#14022,11.);
#14022 = AXIS2_PLACEMENT_3D('',#14023,#14024,#14025);
#14023 = CARTESIAN_POINT('',(0.,6.,4.5));
#14024 = DIRECTION('',(-0.,-0.,-1.));
#14025 = DIRECTION('',(1.,0.,0.));
#14026 = DEFINITIONAL_REPRESENTATION('',(#14027),#14031);
#14027 = LINE('',#14028,#14029);
#14028 = CARTESIAN_POINT('',(-6.28318530718,-7.));
#14029 = VECTOR('',#14030,1.);
#14030 = DIRECTION('',(1.,-0.));
#14031 = ( GEOMETRIC_REPRESENTATION_CONTEXT(2) 
PARAMETRIC_REPRESENTATION_CONTEXT() REPRESENTATION_CONTEXT('2D SPACE',''
  ) );
#14032 = ADVANCED_FACE('',(#14033,#14036),#5910,.T.);
#14033 = FACE_BOUND('',#14034,.T.);
#14034 = EDGE_LOOP('',(#14035));
#14035 = ORIENTED_EDGE('',*,*,#5895,.T.);
#14036 = FACE_BOUND('',#14037,.T.);
#14037 = EDGE_LOOP('',(#14038));
#14038 = ORIENTED_EDGE('',*,*,#14039,.T.);
#14039 = EDGE_CURVE('',#14040,#14040,#14042,.T.);
#14040 = VERTEX_POINT('',#14041);
#14041 = CARTESIAN_POINT('',(43.025,6.,11.5));
#14042 = SURFACE_CURVE('',#14043,(#14048,#14059),.PCURVE_S1.);
#14043 = CIRCLE('',#14044,11.025);
#14044 = AXIS2_PLACEMENT_3D('',#14045,#14046,#14047);
#14045 = CARTESIAN_POINT('',(32.,6.,11.5));
#14046 = DIRECTION('',(0.,0.,-1.));
#14047 = DIRECTION('',(1.,0.,0.));
#14048 = PCURVE('',#5910,#14049);
#14049 = DEFINITIONAL_REPRESENTATION('',(#14050),#14058);
#14050 = ( BOUNDED_CURVE() B_SPLINE_CURVE(2,(#14051,#14052,#14053,#14054
    ,#14055,#14056,#14057),.UNSPECIFIED.,.T.,.F.) 
B_SPLINE_CURVE_WITH_KNOTS((1,2,2,2,2,1),(-2.094395102393,0.,
    2.094395102393,4.188790204786,6.28318530718,8.377580409573),
.UNSPECIFIED.) CURVE() GEOMETRIC_REPRESENTATION_ITEM() 
RATIONAL_B_SPLINE_CURVE((1.,0.5,1.,0.5,1.,0.5,1.)) REPRESENTATION_ITEM(
  '') );
#14051 = CARTESIAN_POINT('',(11.025,-8.881784197001E-16));
#14052 = CARTESIAN_POINT('',(11.025,-19.09586015344));
#14053 = CARTESIAN_POINT('',(-5.5125,-9.547930076723));
#14054 = CARTESIAN_POINT('',(-22.05,-3.58852461182E-15));
#14055 = CARTESIAN_POINT('',(-5.5125,9.547930076723));
#14056 = CARTESIAN_POINT('',(11.025,19.095860153447));
#14057 = CARTESIAN_POINT('',(11.025,-8.881784197001E-16));
#14058 = ( GEOMETRIC_REPRESENTATION_CONTEXT(2) 
PARAMETRIC_REPRESENTATION_CONTEXT() REPRESENTATION_CONTEXT('2D SPACE',''
  ) );
#14059 = PCURVE('',#14060,#14065);
#14060 = CYLINDRICAL_SURFACE('',#14061,11.025);
#14061 = AXIS2_PLACEMENT_3D('',#14062,#14063,#14064);
#14062 = CARTESIAN_POINT('',(32.,6.,4.5));
#14063 = DIRECTION('',(-0.,-0.,-1.));
#14064 = DIRECTION('',(1.,0.,0.));
#14065 = DEFINITIONAL_REPRESENTATION('',(#14066),#14070);
#14066 = LINE('',#14067,#14068);
#14067 = CARTESIAN_POINT('',(-6.28318530718,-7.));
#14068 = VECTOR('',#14069,1.);
#14069 = DIRECTION('',(1.,-0.));
#14070 = ( GEOMETRIC_REPRESENTATION_CONTEXT(2) 
PARAMETRIC_REPRESENTATION_CONTEXT() REPRESENTATION_CONTEXT('2D SPACE',''
  ) );
#14071 = ADVANCED_FACE('',(#14072),#5988,.T.);
#14072 = FACE_BOUND('',#14073,.F.);
#14073 = EDGE_LOOP('',(#14074,#14075,#14076,#14077));
#14074 = ORIENTED_EDGE('',*,*,#6075,.T.);
#14075 = ORIENTED_EDGE('',*,*,#6124,.T.);
#14076 = ORIENTED_EDGE('',*,*,#6048,.T.);
#14077 = ORIENTED_EDGE('',*,*,#5972,.T.);
#14078 = ADVANCED_FACE('',(#14079),#6189,.T.);
#14079 = FACE_BOUND('',#14080,.F.);
#14080 = EDGE_LOOP('',(#14081,#14082,#14083,#14084));
#14081 = ORIENTED_EDGE('',*,*,#6276,.T.);
#14082 = ORIENTED_EDGE('',*,*,#6325,.T.);
#14083 = ORIENTED_EDGE('',*,*,#6249,.T.);
#14084 = ORIENTED_EDGE('',*,*,#6173,.T.);
#14085 = ADVANCED_FACE('',(#14086),#6390,.T.);
#14086 = FACE_BOUND('',#14087,.F.);
#14087 = EDGE_LOOP('',(#14088,#14089,#14090,#14091,#14092,#14093,#14094,
    #14095,#14096,#14097,#14098,#14099));
#14088 = ORIENTED_EDGE('',*,*,#6477,.T.);
#14089 = ORIENTED_EDGE('',*,*,#6575,.T.);
#14090 = ORIENTED_EDGE('',*,*,#6673,.T.);
#14091 = ORIENTED_EDGE('',*,*,#6771,.T.);
#14092 = ORIENTED_EDGE('',*,*,#6869,.T.);
#14093 = ORIENTED_EDGE('',*,*,#6918,.T.);
#14094 = ORIENTED_EDGE('',*,*,#6842,.T.);
#14095 = ORIENTED_EDGE('',*,*,#6744,.T.);
#14096 = ORIENTED_EDGE('',*,*,#6646,.T.);
#14097 = ORIENTED_EDGE('',*,*,#6548,.T.);
#14098 = ORIENTED_EDGE('',*,*,#6450,.T.);
#14099 = ORIENTED_EDGE('',*,*,#6374,.T.);
#14100 = ADVANCED_FACE('',(#14101),#6983,.T.);
#14101 = FACE_BOUND('',#14102,.F.);
#14102 = EDGE_LOOP('',(#14103,#14104,#14105,#14106,#14107,#14108,#14109,
    #14110,#14111,#14112,#14113,#14114,#14115,#14116,#14117,#14118,
    #14119,#14120,#14121,#14122,#14123,#14124));
#14103 = ORIENTED_EDGE('',*,*,#7070,.T.);
#14104 = ORIENTED_EDGE('',*,*,#7168,.T.);
#14105 = ORIENTED_EDGE('',*,*,#7266,.T.);
#14106 = ORIENTED_EDGE('',*,*,#7364,.T.);
#14107 = ORIENTED_EDGE('',*,*,#7462,.T.);
#14108 = ORIENTED_EDGE('',*,*,#7560,.T.);
#14109 = ORIENTED_EDGE('',*,*,#7658,.T.);
#14110 = ORIENTED_EDGE('',*,*,#7756,.T.);
#14111 = ORIENTED_EDGE('',*,*,#7854,.T.);
#14112 = ORIENTED_EDGE('',*,*,#7952,.T.);
#14113 = ORIENTED_EDGE('',*,*,#8001,.T.);
#14114 = ORIENTED_EDGE('',*,*,#7925,.T.);
#14115 = ORIENTED_EDGE('',*,*,#7827,.T.);
#14116 = ORIENTED_EDGE('',*,*,#7729,.T.);
#14117 = ORIENTED_EDGE('',*,*,#7631,.T.);
#14118 = ORIENTED_EDGE('',*,*,#7533,.T.);
#14119 = ORIENTED_EDGE('',*,*,#7435,.T.);
#14120 = ORIENTED_EDGE('',*,*,#7337,.T.);
#14121 = ORIENTED_EDGE('',*,*,#7239,.T.);
#14122 = ORIENTED_EDGE('',*,*,#7141,.T.);
#14123 = ORIENTED_EDGE('',*,*,#7043,.T.);
#14124 = ORIENTED_EDGE('',*,*,#6967,.T.);
#14125 = ADVANCED_FACE('',(#14126),#8066,.T.);
#14126 = FACE_BOUND('',#14127,.F.);
#14127 = EDGE_LOOP('',(#14128,#14129,#14130,#14131,#14132,#14133,#14134,
    #14135,#14136,#14137,#14138,#14139));
#14128 = ORIENTED_EDGE('',*,*,#8594,.T.);
#14129 = ORIENTED_EDGE('',*,*,#8567,.T.);
#14130 = ORIENTED_EDGE('',*,*,#8518,.T.);
#14131 = ORIENTED_EDGE('',*,*,#8469,.T.);
#14132 = ORIENTED_EDGE('',*,*,#8420,.T.);
#14133 = ORIENTED_EDGE('',*,*,#8371,.T.);
#14134 = ORIENTED_EDGE('',*,*,#8322,.T.);
#14135 = ORIENTED_EDGE('',*,*,#8273,.T.);
#14136 = ORIENTED_EDGE('',*,*,#8224,.T.);
#14137 = ORIENTED_EDGE('',*,*,#8175,.T.);
#14138 = ORIENTED_EDGE('',*,*,#8126,.T.);
#14139 = ORIENTED_EDGE('',*,*,#8050,.T.);
#14140 = ADVANCED_FACE('',(#14141),#8659,.T.);
#14141 = FACE_BOUND('',#14142,.F.);
#14142 = EDGE_LOOP('',(#14143,#14144,#14145,#14146,#14147,#14148,#14149,
    #14150,#14151,#14152,#14153,#14154,#14155,#14156,#14157,#14158,
    #14159,#14160,#14161,#14162,#14163,#14164));
#14143 = ORIENTED_EDGE('',*,*,#8746,.T.);
#14144 = ORIENTED_EDGE('',*,*,#8844,.T.);
#14145 = ORIENTED_EDGE('',*,*,#8942,.T.);
#14146 = ORIENTED_EDGE('',*,*,#9040,.T.);
#14147 = ORIENTED_EDGE('',*,*,#9138,.T.);
#14148 = ORIENTED_EDGE('',*,*,#9236,.T.);
#14149 = ORIENTED_EDGE('',*,*,#9334,.T.);
#14150 = ORIENTED_EDGE('',*,*,#9432,.T.);
#14151 = ORIENTED_EDGE('',*,*,#9530,.T.);
#14152 = ORIENTED_EDGE('',*,*,#9628,.T.);
#14153 = ORIENTED_EDGE('',*,*,#9677,.T.);
#14154 = ORIENTED_EDGE('',*,*,#9601,.T.);
#14155 = ORIENTED_EDGE('',*,*,#9503,.T.);
#14156 = ORIENTED_EDGE('',*,*,#9405,.T.);
#14157 = ORIENTED_EDGE('',*,*,#9307,.T.);
#14158 = ORIENTED_EDGE('',*,*,#9209,.T.);
#14159 = ORIENTED_EDGE('',*,*,#9111,.T.);
#14160 = ORIENTED_EDGE('',*,*,#9013,.T.);
#14161 = ORIENTED_EDGE('',*,*,#8915,.T.);
#14162 = ORIENTED_EDGE('',*,*,#8817,.T.);
#14163 = ORIENTED_EDGE('',*,*,#8719,.T.);
#14164 = ORIENTED_EDGE('',*,*,#8643,.T.);
#14165 = ADVANCED_FACE('',(#14166,#14180),#9742,.T.);
#14166 = FACE_BOUND('',#14167,.F.);
#14167 = EDGE_LOOP('',(#14168,#14169,#14170,#14171,#14172,#14173,#14174,
    #14175,#14176,#14177,#14178,#14179));
#14168 = ORIENTED_EDGE('',*,*,#9829,.T.);
#14169 = ORIENTED_EDGE('',*,*,#9927,.T.);
#14170 = ORIENTED_EDGE('',*,*,#10025,.T.);
#14171 = ORIENTED_EDGE('',*,*,#10123,.T.);
#14172 = ORIENTED_EDGE('',*,*,#10221,.T.);
#14173 = ORIENTED_EDGE('',*,*,#10270,.T.);
#14174 = ORIENTED_EDGE('',*,*,#10194,.T.);
#14175 = ORIENTED_EDGE('',*,*,#10096,.T.);
#14176 = ORIENTED_EDGE('',*,*,#9998,.T.);
#14177 = ORIENTED_EDGE('',*,*,#9900,.T.);
#14178 = ORIENTED_EDGE('',*,*,#9802,.T.);
#14179 = ORIENTED_EDGE('',*,*,#9726,.T.);
#14180 = FACE_BOUND('',#14181,.F.);
#14181 = EDGE_LOOP('',(#14182,#14214,#14244,#14274,#14304,#14334,#14364,
    #14394));
#14182 = ORIENTED_EDGE('',*,*,#14183,.T.);
#14183 = EDGE_CURVE('',#14184,#14186,#14188,.T.);
#14184 = VERTEX_POINT('',#14185);
#14185 = CARTESIAN_POINT('',(-62.65747070312,-9.897827148438,1.7));
#14186 = VERTEX_POINT('',#14187);
#14187 = CARTESIAN_POINT('',(-62.47180175781,-10.95361328125,1.7));
#14188 = SURFACE_CURVE('',#14189,(#14193,#14200),.PCURVE_S1.);
#14189 = B_SPLINE_CURVE_WITH_KNOTS('',2,(#14190,#14191,#14192),
  .UNSPECIFIED.,.F.,.F.,(3,3),(0.,1.),.PIECEWISE_BEZIER_KNOTS.);
#14190 = CARTESIAN_POINT('',(-62.65747070312,-9.897827148438,1.7));
#14191 = CARTESIAN_POINT('',(-62.65747070312,-10.69104003906,1.7));
#14192 = CARTESIAN_POINT('',(-62.47180175781,-10.95361328125,1.7));
#14193 = PCURVE('',#9742,#14194);
#14194 = DEFINITIONAL_REPRESENTATION('',(#14195),#14199);
#14195 = B_SPLINE_CURVE_WITH_KNOTS('',2,(#14196,#14197,#14198),
  .UNSPECIFIED.,.F.,.F.,(3,3),(0.,1.),.PIECEWISE_BEZIER_KNOTS.);
#14196 = CARTESIAN_POINT('',(0.59326171875,1.588623046875));
#14197 = CARTESIAN_POINT('',(0.59326171875,0.79541015625));
#14198 = CARTESIAN_POINT('',(0.778930664062,0.532836914062));
#14199 = ( GEOMETRIC_REPRESENTATION_CONTEXT(2) 
PARAMETRIC_REPRESENTATION_CONTEXT() REPRESENTATION_CONTEXT('2D SPACE',''
  ) );
#14200 = PCURVE('',#14201,#14208);
#14201 = SURFACE_OF_LINEAR_EXTRUSION('',#14202,#14206);
#14202 = B_SPLINE_CURVE_WITH_KNOTS('',2,(#14203,#14204,#14205),
  .UNSPECIFIED.,.F.,.F.,(3,3),(0.,1.),.PIECEWISE_BEZIER_KNOTS.);
#14203 = CARTESIAN_POINT('',(-62.65747070312,-9.897827148438,2.5));
#14204 = CARTESIAN_POINT('',(-62.65747070312,-10.69104003906,2.5));
#14205 = CARTESIAN_POINT('',(-62.47180175781,-10.95361328125,2.5));
#14206 = VECTOR('',#14207,1.);
#14207 = DIRECTION('',(0.,0.,1.));
#14208 = DEFINITIONAL_REPRESENTATION('',(#14209),#14213);
#14209 = LINE('',#14210,#14211);
#14210 = CARTESIAN_POINT('',(0.,-0.8));
#14211 = VECTOR('',#14212,1.);
#14212 = DIRECTION('',(1.,0.));
#14213 = ( GEOMETRIC_REPRESENTATION_CONTEXT(2) 
PARAMETRIC_REPRESENTATION_CONTEXT() REPRESENTATION_CONTEXT('2D SPACE',''
  ) );
#14214 = ORIENTED_EDGE('',*,*,#14215,.T.);
#14215 = EDGE_CURVE('',#14186,#14216,#14218,.T.);
#14216 = VERTEX_POINT('',#14217);
#14217 = CARTESIAN_POINT('',(-62.013671875,-11.21618652343,1.7));
#14218 = SURFACE_CURVE('',#14219,(#14223,#14230),.PCURVE_S1.);
#14219 = B_SPLINE_CURVE_WITH_KNOTS('',2,(#14220,#14221,#14222),
  .UNSPECIFIED.,.F.,.F.,(3,3),(0.,1.),.PIECEWISE_BEZIER_KNOTS.);
#14220 = CARTESIAN_POINT('',(-62.47180175781,-10.95361328125,1.7));
#14221 = CARTESIAN_POINT('',(-62.2861328125,-11.21618652343,1.7));
#14222 = CARTESIAN_POINT('',(-62.013671875,-11.21618652343,1.7));
#14223 = PCURVE('',#9742,#14224);
#14224 = DEFINITIONAL_REPRESENTATION('',(#14225),#14229);
#14225 = B_SPLINE_CURVE_WITH_KNOTS('',2,(#14226,#14227,#14228),
  .UNSPECIFIED.,.F.,.F.,(3,3),(0.,1.),.PIECEWISE_BEZIER_KNOTS.);
#14226 = CARTESIAN_POINT('',(0.778930664062,0.532836914062));
#14227 = CARTESIAN_POINT('',(0.964599609375,0.270263671875));
#14228 = CARTESIAN_POINT('',(1.237060546875,0.270263671875));
#14229 = ( GEOMETRIC_REPRESENTATION_CONTEXT(2) 
PARAMETRIC_REPRESENTATION_CONTEXT() REPRESENTATION_CONTEXT('2D SPACE',''
  ) );
#14230 = PCURVE('',#14231,#14238);
#14231 = SURFACE_OF_LINEAR_EXTRUSION('',#14232,#14236);
#14232 = B_SPLINE_CURVE_WITH_KNOTS('',2,(#14233,#14234,#14235),
  .UNSPECIFIED.,.F.,.F.,(3,3),(0.,1.),.PIECEWISE_BEZIER_KNOTS.);
#14233 = CARTESIAN_POINT('',(-62.47180175781,-10.95361328125,2.5));
#14234 = CARTESIAN_POINT('',(-62.2861328125,-11.21618652343,2.5));
#14235 = CARTESIAN_POINT('',(-62.013671875,-11.21618652343,2.5));
#14236 = VECTOR('',#14237,1.);
#14237 = DIRECTION('',(0.,0.,1.));
#14238 = DEFINITIONAL_REPRESENTATION('',(#14239),#14243);
#14239 = LINE('',#14240,#14241);
#14240 = CARTESIAN_POINT('',(0.,-0.8));
#14241 = VECTOR('',#14242,1.);
#14242 = DIRECTION('',(1.,0.));
#14243 = ( GEOMETRIC_REPRESENTATION_CONTEXT(2) 
PARAMETRIC_REPRESENTATION_CONTEXT() REPRESENTATION_CONTEXT('2D SPACE',''
  ) );
#14244 = ORIENTED_EDGE('',*,*,#14245,.T.);
#14245 = EDGE_CURVE('',#14216,#14246,#14248,.T.);
#14246 = VERTEX_POINT('',#14247);
#14247 = CARTESIAN_POINT('',(-61.55554199218,-10.95251464843,1.7));
#14248 = SURFACE_CURVE('',#14249,(#14253,#14260),.PCURVE_S1.);
#14249 = B_SPLINE_CURVE_WITH_KNOTS('',2,(#14250,#14251,#14252),
  .UNSPECIFIED.,.F.,.F.,(3,3),(0.,1.),.PIECEWISE_BEZIER_KNOTS.);
#14250 = CARTESIAN_POINT('',(-62.013671875,-11.21618652343,1.7));
#14251 = CARTESIAN_POINT('',(-61.7412109375,-11.21618652343,1.7));
#14252 = CARTESIAN_POINT('',(-61.55554199218,-10.95251464843,1.7));
#14253 = PCURVE('',#9742,#14254);
#14254 = DEFINITIONAL_REPRESENTATION('',(#14255),#14259);
#14255 = B_SPLINE_CURVE_WITH_KNOTS('',2,(#14256,#14257,#14258),
  .UNSPECIFIED.,.F.,.F.,(3,3),(0.,1.),.PIECEWISE_BEZIER_KNOTS.);
#14256 = CARTESIAN_POINT('',(1.237060546875,0.270263671875));
#14257 = CARTESIAN_POINT('',(1.509521484375,0.270263671875));
#14258 = CARTESIAN_POINT('',(1.695190429688,0.533935546875));
#14259 = ( GEOMETRIC_REPRESENTATION_CONTEXT(2) 
PARAMETRIC_REPRESENTATION_CONTEXT() REPRESENTATION_CONTEXT('2D SPACE',''
  ) );
#14260 = PCURVE('',#14261,#14268);
#14261 = SURFACE_OF_LINEAR_EXTRUSION('',#14262,#14266);
#14262 = B_SPLINE_CURVE_WITH_KNOTS('',2,(#14263,#14264,#14265),
  .UNSPECIFIED.,.F.,.F.,(3,3),(0.,1.),.PIECEWISE_BEZIER_KNOTS.);
#14263 = CARTESIAN_POINT('',(-62.013671875,-11.21618652343,2.5));
#14264 = CARTESIAN_POINT('',(-61.7412109375,-11.21618652343,2.5));
#14265 = CARTESIAN_POINT('',(-61.55554199218,-10.95251464843,2.5));
#14266 = VECTOR('',#14267,1.);
#14267 = DIRECTION('',(0.,0.,1.));
#14268 = DEFINITIONAL_REPRESENTATION('',(#14269),#14273);
#14269 = LINE('',#14270,#14271);
#14270 = CARTESIAN_POINT('',(0.,-0.8));
#14271 = VECTOR('',#14272,1.);
#14272 = DIRECTION('',(1.,0.));
#14273 = ( GEOMETRIC_REPRESENTATION_CONTEXT(2) 
PARAMETRIC_REPRESENTATION_CONTEXT() REPRESENTATION_CONTEXT('2D SPACE',''
  ) );
#14274 = ORIENTED_EDGE('',*,*,#14275,.T.);
#14275 = EDGE_CURVE('',#14246,#14276,#14278,.T.);
#14276 = VERTEX_POINT('',#14277);
#14277 = CARTESIAN_POINT('',(-61.36987304687,-9.897827148438,1.7));
#14278 = SURFACE_CURVE('',#14279,(#14283,#14290),.PCURVE_S1.);
#14279 = B_SPLINE_CURVE_WITH_KNOTS('',2,(#14280,#14281,#14282),
  .UNSPECIFIED.,.F.,.F.,(3,3),(0.,1.),.PIECEWISE_BEZIER_KNOTS.);
#14280 = CARTESIAN_POINT('',(-61.55554199218,-10.95251464843,1.7));
#14281 = CARTESIAN_POINT('',(-61.36987304687,-10.68884277343,1.7));
#14282 = CARTESIAN_POINT('',(-61.36987304687,-9.897827148438,1.7));
#14283 = PCURVE('',#9742,#14284);
#14284 = DEFINITIONAL_REPRESENTATION('',(#14285),#14289);
#14285 = B_SPLINE_CURVE_WITH_KNOTS('',2,(#14286,#14287,#14288),
  .UNSPECIFIED.,.F.,.F.,(3,3),(0.,1.),.PIECEWISE_BEZIER_KNOTS.);
#14286 = CARTESIAN_POINT('',(1.695190429688,0.533935546875));
#14287 = CARTESIAN_POINT('',(1.880859375,0.797607421875));
#14288 = CARTESIAN_POINT('',(1.880859375,1.588623046875));
#14289 = ( GEOMETRIC_REPRESENTATION_CONTEXT(2) 
PARAMETRIC_REPRESENTATION_CONTEXT() REPRESENTATION_CONTEXT('2D SPACE',''
  ) );
#14290 = PCURVE('',#14291,#14298);
#14291 = SURFACE_OF_LINEAR_EXTRUSION('',#14292,#14296);
#14292 = B_SPLINE_CURVE_WITH_KNOTS('',2,(#14293,#14294,#14295),
  .UNSPECIFIED.,.F.,.F.,(3,3),(0.,1.),.PIECEWISE_BEZIER_KNOTS.);
#14293 = CARTESIAN_POINT('',(-61.55554199218,-10.95251464843,2.5));
#14294 = CARTESIAN_POINT('',(-61.36987304687,-10.68884277343,2.5));
#14295 = CARTESIAN_POINT('',(-61.36987304687,-9.897827148438,2.5));
#14296 = VECTOR('',#14297,1.);
#14297 = DIRECTION('',(0.,0.,1.));
#14298 = DEFINITIONAL_REPRESENTATION('',(#14299),#14303);
#14299 = LINE('',#14300,#14301);
#14300 = CARTESIAN_POINT('',(0.,-0.8));
#14301 = VECTOR('',#14302,1.);
#14302 = DIRECTION('',(1.,0.));
#14303 = ( GEOMETRIC_REPRESENTATION_CONTEXT(2) 
PARAMETRIC_REPRESENTATION_CONTEXT() REPRESENTATION_CONTEXT('2D SPACE',''
  ) );
#14304 = ORIENTED_EDGE('',*,*,#14305,.T.);
#14305 = EDGE_CURVE('',#14276,#14306,#14308,.T.);
#14306 = VERTEX_POINT('',#14307);
#14307 = CARTESIAN_POINT('',(-61.55554199218,-8.840942382812,1.7));
#14308 = SURFACE_CURVE('',#14309,(#14313,#14320),.PCURVE_S1.);
#14309 = B_SPLINE_CURVE_WITH_KNOTS('',2,(#14310,#14311,#14312),
  .UNSPECIFIED.,.F.,.F.,(3,3),(0.,1.),.PIECEWISE_BEZIER_KNOTS.);
#14310 = CARTESIAN_POINT('',(-61.36987304687,-9.897827148438,1.7));
#14311 = CARTESIAN_POINT('',(-61.36987304687,-9.102416992188,1.7));
#14312 = CARTESIAN_POINT('',(-61.55554199218,-8.840942382812,1.7));
#14313 = PCURVE('',#9742,#14314);
#14314 = DEFINITIONAL_REPRESENTATION('',(#14315),#14319);
#14315 = B_SPLINE_CURVE_WITH_KNOTS('',2,(#14316,#14317,#14318),
  .UNSPECIFIED.,.F.,.F.,(3,3),(0.,1.),.PIECEWISE_BEZIER_KNOTS.);
#14316 = CARTESIAN_POINT('',(1.880859375,1.588623046875));
#14317 = CARTESIAN_POINT('',(1.880859375,2.384033203125));
#14318 = CARTESIAN_POINT('',(1.695190429688,2.6455078125));
#14319 = ( GEOMETRIC_REPRESENTATION_CONTEXT(2) 
PARAMETRIC_REPRESENTATION_CONTEXT() REPRESENTATION_CONTEXT('2D SPACE',''
  ) );
#14320 = PCURVE('',#14321,#14328);
#14321 = SURFACE_OF_LINEAR_EXTRUSION('',#14322,#14326);
#14322 = B_SPLINE_CURVE_WITH_KNOTS('',2,(#14323,#14324,#14325),
  .UNSPECIFIED.,.F.,.F.,(3,3),(0.,1.),.PIECEWISE_BEZIER_KNOTS.);
#14323 = CARTESIAN_POINT('',(-61.36987304687,-9.897827148438,2.5));
#14324 = CARTESIAN_POINT('',(-61.36987304687,-9.102416992188,2.5));
#14325 = CARTESIAN_POINT('',(-61.55554199218,-8.840942382812,2.5));
#14326 = VECTOR('',#14327,1.);
#14327 = DIRECTION('',(0.,0.,1.));
#14328 = DEFINITIONAL_REPRESENTATION('',(#14329),#14333);
#14329 = LINE('',#14330,#14331);
#14330 = CARTESIAN_POINT('',(0.,-0.8));
#14331 = VECTOR('',#14332,1.);
#14332 = DIRECTION('',(1.,0.));
#14333 = ( GEOMETRIC_REPRESENTATION_CONTEXT(2) 
PARAMETRIC_REPRESENTATION_CONTEXT() REPRESENTATION_CONTEXT('2D SPACE',''
  ) );
#14334 = ORIENTED_EDGE('',*,*,#14335,.T.);
#14335 = EDGE_CURVE('',#14306,#14336,#14338,.T.);
#14336 = VERTEX_POINT('',#14337);
#14337 = CARTESIAN_POINT('',(-62.01806640625,-8.579467773438,1.7));
#14338 = SURFACE_CURVE('',#14339,(#14343,#14350),.PCURVE_S1.);
#14339 = B_SPLINE_CURVE_WITH_KNOTS('',2,(#14340,#14341,#14342),
  .UNSPECIFIED.,.F.,.F.,(3,3),(0.,1.),.PIECEWISE_BEZIER_KNOTS.);
#14340 = CARTESIAN_POINT('',(-61.55554199218,-8.840942382812,1.7));
#14341 = CARTESIAN_POINT('',(-61.7412109375,-8.579467773438,1.7));
#14342 = CARTESIAN_POINT('',(-62.01806640625,-8.579467773438,1.7));
#14343 = PCURVE('',#9742,#14344);
#14344 = DEFINITIONAL_REPRESENTATION('',(#14345),#14349);
#14345 = B_SPLINE_CURVE_WITH_KNOTS('',2,(#14346,#14347,#14348),
  .UNSPECIFIED.,.F.,.F.,(3,3),(0.,1.),.PIECEWISE_BEZIER_KNOTS.);
#14346 = CARTESIAN_POINT('',(1.695190429688,2.6455078125));
#14347 = CARTESIAN_POINT('',(1.509521484375,2.906982421875));
#14348 = CARTESIAN_POINT('',(1.232666015625,2.906982421875));
#14349 = ( GEOMETRIC_REPRESENTATION_CONTEXT(2) 
PARAMETRIC_REPRESENTATION_CONTEXT() REPRESENTATION_CONTEXT('2D SPACE',''
  ) );
#14350 = PCURVE('',#14351,#14358);
#14351 = SURFACE_OF_LINEAR_EXTRUSION('',#14352,#14356);
#14352 = B_SPLINE_CURVE_WITH_KNOTS('',2,(#14353,#14354,#14355),
  .UNSPECIFIED.,.F.,.F.,(3,3),(0.,1.),.PIECEWISE_BEZIER_KNOTS.);
#14353 = CARTESIAN_POINT('',(-61.55554199218,-8.840942382812,2.5));
#14354 = CARTESIAN_POINT('',(-61.7412109375,-8.579467773438,2.5));
#14355 = CARTESIAN_POINT('',(-62.01806640625,-8.579467773438,2.5));
#14356 = VECTOR('',#14357,1.);
#14357 = DIRECTION('',(0.,0.,1.));
#14358 = DEFINITIONAL_REPRESENTATION('',(#14359),#14363);
#14359 = LINE('',#14360,#14361);
#14360 = CARTESIAN_POINT('',(0.,-0.8));
#14361 = VECTOR('',#14362,1.);
#14362 = DIRECTION('',(1.,0.));
#14363 = ( GEOMETRIC_REPRESENTATION_CONTEXT(2) 
PARAMETRIC_REPRESENTATION_CONTEXT() REPRESENTATION_CONTEXT('2D SPACE',''
  ) );
#14364 = ORIENTED_EDGE('',*,*,#14365,.T.);
#14365 = EDGE_CURVE('',#14336,#14366,#14368,.T.);
#14366 = VERTEX_POINT('',#14367);
#14367 = CARTESIAN_POINT('',(-62.453125,-8.810180664062,1.7));
#14368 = SURFACE_CURVE('',#14369,(#14373,#14380),.PCURVE_S1.);
#14369 = B_SPLINE_CURVE_WITH_KNOTS('',2,(#14370,#14371,#14372),
  .UNSPECIFIED.,.F.,.F.,(3,3),(0.,1.),.PIECEWISE_BEZIER_KNOTS.);
#14370 = CARTESIAN_POINT('',(-62.01806640625,-8.579467773438,1.7));
#14371 = CARTESIAN_POINT('',(-62.29052734375,-8.579467773438,1.7));
#14372 = CARTESIAN_POINT('',(-62.453125,-8.810180664062,1.7));
#14373 = PCURVE('',#9742,#14374);
#14374 = DEFINITIONAL_REPRESENTATION('',(#14375),#14379);
#14375 = B_SPLINE_CURVE_WITH_KNOTS('',2,(#14376,#14377,#14378),
  .UNSPECIFIED.,.F.,.F.,(3,3),(0.,1.),.PIECEWISE_BEZIER_KNOTS.);
#14376 = CARTESIAN_POINT('',(1.232666015625,2.906982421875));
#14377 = CARTESIAN_POINT('',(0.960205078125,2.906982421875));
#14378 = CARTESIAN_POINT('',(0.797607421875,2.67626953125));
#14379 = ( GEOMETRIC_REPRESENTATION_CONTEXT(2) 
PARAMETRIC_REPRESENTATION_CONTEXT() REPRESENTATION_CONTEXT('2D SPACE',''
  ) );
#14380 = PCURVE('',#14381,#14388);
#14381 = SURFACE_OF_LINEAR_EXTRUSION('',#14382,#14386);
#14382 = B_SPLINE_CURVE_WITH_KNOTS('',2,(#14383,#14384,#14385),
  .UNSPECIFIED.,.F.,.F.,(3,3),(0.,1.),.PIECEWISE_BEZIER_KNOTS.);
#14383 = CARTESIAN_POINT('',(-62.01806640625,-8.579467773438,2.5));
#14384 = CARTESIAN_POINT('',(-62.29052734375,-8.579467773438,2.5));
#14385 = CARTESIAN_POINT('',(-62.453125,-8.810180664062,2.5));
#14386 = VECTOR('',#14387,1.);
#14387 = DIRECTION('',(0.,0.,1.));
#14388 = DEFINITIONAL_REPRESENTATION('',(#14389),#14393);
#14389 = LINE('',#14390,#14391);
#14390 = CARTESIAN_POINT('',(0.,-0.8));
#14391 = VECTOR('',#14392,1.);
#14392 = DIRECTION('',(1.,0.));
#14393 = ( GEOMETRIC_REPRESENTATION_CONTEXT(2) 
PARAMETRIC_REPRESENTATION_CONTEXT() REPRESENTATION_CONTEXT('2D SPACE',''
  ) );
#14394 = ORIENTED_EDGE('',*,*,#14395,.T.);
#14395 = EDGE_CURVE('',#14366,#14184,#14396,.T.);
#14396 = SURFACE_CURVE('',#14397,(#14401,#14408),.PCURVE_S1.);
#14397 = B_SPLINE_CURVE_WITH_KNOTS('',2,(#14398,#14399,#14400),
  .UNSPECIFIED.,.F.,.F.,(3,3),(0.,1.),.PIECEWISE_BEZIER_KNOTS.);
#14398 = CARTESIAN_POINT('',(-62.453125,-8.810180664062,1.7));
#14399 = CARTESIAN_POINT('',(-62.65747070312,-9.104614257812,1.7));
#14400 = CARTESIAN_POINT('',(-62.65747070312,-9.897827148438,1.7));
#14401 = PCURVE('',#9742,#14402);
#14402 = DEFINITIONAL_REPRESENTATION('',(#14403),#14407);
#14403 = B_SPLINE_CURVE_WITH_KNOTS('',2,(#14404,#14405,#14406),
  .UNSPECIFIED.,.F.,.F.,(3,3),(0.,1.),.PIECEWISE_BEZIER_KNOTS.);
#14404 = CARTESIAN_POINT('',(0.797607421875,2.67626953125));
#14405 = CARTESIAN_POINT('',(0.59326171875,2.3818359375));
#14406 = CARTESIAN_POINT('',(0.59326171875,1.588623046875));
#14407 = ( GEOMETRIC_REPRESENTATION_CONTEXT(2) 
PARAMETRIC_REPRESENTATION_CONTEXT() REPRESENTATION_CONTEXT('2D SPACE',''
  ) );
#14408 = PCURVE('',#14409,#14416);
#14409 = SURFACE_OF_LINEAR_EXTRUSION('',#14410,#14414);
#14410 = B_SPLINE_CURVE_WITH_KNOTS('',2,(#14411,#14412,#14413),
  .UNSPECIFIED.,.F.,.F.,(3,3),(0.,1.),.PIECEWISE_BEZIER_KNOTS.);
#14411 = CARTESIAN_POINT('',(-62.453125,-8.810180664062,2.5));
#14412 = CARTESIAN_POINT('',(-62.65747070312,-9.104614257812,2.5));
#14413 = CARTESIAN_POINT('',(-62.65747070312,-9.897827148438,2.5));
#14414 = VECTOR('',#14415,1.);
#14415 = DIRECTION('',(0.,0.,1.));
#14416 = DEFINITIONAL_REPRESENTATION('',(#14417),#14421);
#14417 = LINE('',#14418,#14419);
#14418 = CARTESIAN_POINT('',(0.,-0.8));
#14419 = VECTOR('',#14420,1.);
#14420 = DIRECTION('',(1.,0.));
#14421 = ( GEOMETRIC_REPRESENTATION_CONTEXT(2) 
PARAMETRIC_REPRESENTATION_CONTEXT() REPRESENTATION_CONTEXT('2D SPACE',''
  ) );
#14422 = ADVANCED_FACE('',(#14423),#10335,.T.);
#14423 = FACE_BOUND('',#14424,.F.);
#14424 = EDGE_LOOP('',(#14425,#14426,#14427,#14428,#14429,#14430,#14431,
    #14432,#14433));
#14425 = ORIENTED_EDGE('',*,*,#10422,.T.);
#14426 = ORIENTED_EDGE('',*,*,#10520,.T.);
#14427 = ORIENTED_EDGE('',*,*,#10618,.T.);
#14428 = ORIENTED_EDGE('',*,*,#10716,.T.);
#14429 = ORIENTED_EDGE('',*,*,#10689,.T.);
#14430 = ORIENTED_EDGE('',*,*,#10591,.T.);
#14431 = ORIENTED_EDGE('',*,*,#10493,.T.);
#14432 = ORIENTED_EDGE('',*,*,#10395,.T.);
#14433 = ORIENTED_EDGE('',*,*,#10319,.T.);
#14434 = ADVANCED_FACE('',(#14435,#14449),#10781,.T.);
#14435 = FACE_BOUND('',#14436,.F.);
#14436 = EDGE_LOOP('',(#14437,#14438,#14439,#14440,#14441,#14442,#14443,
    #14444,#14445,#14446,#14447,#14448));
#14437 = ORIENTED_EDGE('',*,*,#10868,.T.);
#14438 = ORIENTED_EDGE('',*,*,#10966,.T.);
#14439 = ORIENTED_EDGE('',*,*,#11064,.T.);
#14440 = ORIENTED_EDGE('',*,*,#11162,.T.);
#14441 = ORIENTED_EDGE('',*,*,#11260,.T.);
#14442 = ORIENTED_EDGE('',*,*,#11309,.T.);
#14443 = ORIENTED_EDGE('',*,*,#11233,.T.);
#14444 = ORIENTED_EDGE('',*,*,#11135,.T.);
#14445 = ORIENTED_EDGE('',*,*,#11037,.T.);
#14446 = ORIENTED_EDGE('',*,*,#10939,.T.);
#14447 = ORIENTED_EDGE('',*,*,#10841,.T.);
#14448 = ORIENTED_EDGE('',*,*,#10765,.T.);
#14449 = FACE_BOUND('',#14450,.F.);
#14450 = EDGE_LOOP('',(#14451,#14483,#14513,#14543,#14573,#14603,#14633,
    #14663));
#14451 = ORIENTED_EDGE('',*,*,#14452,.T.);
#14452 = EDGE_CURVE('',#14453,#14455,#14457,.T.);
#14453 = VERTEX_POINT('',#14454);
#14454 = CARTESIAN_POINT('',(-30.65747070312,-9.897827148438,1.7));
#14455 = VERTEX_POINT('',#14456);
#14456 = CARTESIAN_POINT('',(-30.47180175781,-10.95361328125,1.7));
#14457 = SURFACE_CURVE('',#14458,(#14462,#14469),.PCURVE_S1.);
#14458 = B_SPLINE_CURVE_WITH_KNOTS('',2,(#14459,#14460,#14461),
  .UNSPECIFIED.,.F.,.F.,(3,3),(0.,1.),.PIECEWISE_BEZIER_KNOTS.);
#14459 = CARTESIAN_POINT('',(-30.65747070312,-9.897827148438,1.7));
#14460 = CARTESIAN_POINT('',(-30.65747070312,-10.69104003906,1.7));
#14461 = CARTESIAN_POINT('',(-30.47180175781,-10.95361328125,1.7));
#14462 = PCURVE('',#10781,#14463);
#14463 = DEFINITIONAL_REPRESENTATION('',(#14464),#14468);
#14464 = B_SPLINE_CURVE_WITH_KNOTS('',2,(#14465,#14466,#14467),
  .UNSPECIFIED.,.F.,.F.,(3,3),(0.,1.),.PIECEWISE_BEZIER_KNOTS.);
#14465 = CARTESIAN_POINT('',(0.59326171875,1.588623046875));
#14466 = CARTESIAN_POINT('',(0.59326171875,0.79541015625));
#14467 = CARTESIAN_POINT('',(0.778930664062,0.532836914062));
#14468 = ( GEOMETRIC_REPRESENTATION_CONTEXT(2) 
PARAMETRIC_REPRESENTATION_CONTEXT() REPRESENTATION_CONTEXT('2D SPACE',''
  ) );
#14469 = PCURVE('',#14470,#14477);
#14470 = SURFACE_OF_LINEAR_EXTRUSION('',#14471,#14475);
#14471 = B_SPLINE_CURVE_WITH_KNOTS('',2,(#14472,#14473,#14474),
  .UNSPECIFIED.,.F.,.F.,(3,3),(0.,1.),.PIECEWISE_BEZIER_KNOTS.);
#14472 = CARTESIAN_POINT('',(-30.65747070312,-9.897827148438,2.5));
#14473 = CARTESIAN_POINT('',(-30.65747070312,-10.69104003906,2.5));
#14474 = CARTESIAN_POINT('',(-30.47180175781,-10.95361328125,2.5));
#14475 = VECTOR('',#14476,1.);
#14476 = DIRECTION('',(0.,0.,1.));
#14477 = DEFINITIONAL_REPRESENTATION('',(#14478),#14482);
#14478 = LINE('',#14479,#14480);
#14479 = CARTESIAN_POINT('',(0.,-0.8));
#14480 = VECTOR('',#14481,1.);
#14481 = DIRECTION('',(1.,0.));
#14482 = ( GEOMETRIC_REPRESENTATION_CONTEXT(2) 
PARAMETRIC_REPRESENTATION_CONTEXT() REPRESENTATION_CONTEXT('2D SPACE',''
  ) );
#14483 = ORIENTED_EDGE('',*,*,#14484,.T.);
#14484 = EDGE_CURVE('',#14455,#14485,#14487,.T.);
#14485 = VERTEX_POINT('',#14486);
#14486 = CARTESIAN_POINT('',(-30.013671875,-11.21618652343,1.7));
#14487 = SURFACE_CURVE('',#14488,(#14492,#14499),.PCURVE_S1.);
#14488 = B_SPLINE_CURVE_WITH_KNOTS('',2,(#14489,#14490,#14491),
  .UNSPECIFIED.,.F.,.F.,(3,3),(0.,1.),.PIECEWISE_BEZIER_KNOTS.);
#14489 = CARTESIAN_POINT('',(-30.47180175781,-10.95361328125,1.7));
#14490 = CARTESIAN_POINT('',(-30.2861328125,-11.21618652343,1.7));
#14491 = CARTESIAN_POINT('',(-30.013671875,-11.21618652343,1.7));
#14492 = PCURVE('',#10781,#14493);
#14493 = DEFINITIONAL_REPRESENTATION('',(#14494),#14498);
#14494 = B_SPLINE_CURVE_WITH_KNOTS('',2,(#14495,#14496,#14497),
  .UNSPECIFIED.,.F.,.F.,(3,3),(0.,1.),.PIECEWISE_BEZIER_KNOTS.);
#14495 = CARTESIAN_POINT('',(0.778930664062,0.532836914062));
#14496 = CARTESIAN_POINT('',(0.964599609375,0.270263671875));
#14497 = CARTESIAN_POINT('',(1.237060546875,0.270263671875));
#14498 = ( GEOMETRIC_REPRESENTATION_CONTEXT(2) 
PARAMETRIC_REPRESENTATION_CONTEXT() REPRESENTATION_CONTEXT('2D SPACE',''
  ) );
#14499 = PCURVE('',#14500,#14507);
#14500 = SURFACE_OF_LINEAR_EXTRUSION('',#14501,#14505);
#14501 = B_SPLINE_CURVE_WITH_KNOTS('',2,(#14502,#14503,#14504),
  .UNSPECIFIED.,.F.,.F.,(3,3),(0.,1.),.PIECEWISE_BEZIER_KNOTS.);
#14502 = CARTESIAN_POINT('',(-30.47180175781,-10.95361328125,2.5));
#14503 = CARTESIAN_POINT('',(-30.2861328125,-11.21618652343,2.5));
#14504 = CARTESIAN_POINT('',(-30.013671875,-11.21618652343,2.5));
#14505 = VECTOR('',#14506,1.);
#14506 = DIRECTION('',(0.,0.,1.));
#14507 = DEFINITIONAL_REPRESENTATION('',(#14508),#14512);
#14508 = LINE('',#14509,#14510);
#14509 = CARTESIAN_POINT('',(0.,-0.8));
#14510 = VECTOR('',#14511,1.);
#14511 = DIRECTION('',(1.,0.));
#14512 = ( GEOMETRIC_REPRESENTATION_CONTEXT(2) 
PARAMETRIC_REPRESENTATION_CONTEXT() REPRESENTATION_CONTEXT('2D SPACE',''
  ) );
#14513 = ORIENTED_EDGE('',*,*,#14514,.T.);
#14514 = EDGE_CURVE('',#14485,#14515,#14517,.T.);
#14515 = VERTEX_POINT('',#14516);
#14516 = CARTESIAN_POINT('',(-29.55554199218,-10.95251464843,1.7));
#14517 = SURFACE_CURVE('',#14518,(#14522,#14529),.PCURVE_S1.);
#14518 = B_SPLINE_CURVE_WITH_KNOTS('',2,(#14519,#14520,#14521),
  .UNSPECIFIED.,.F.,.F.,(3,3),(0.,1.),.PIECEWISE_BEZIER_KNOTS.);
#14519 = CARTESIAN_POINT('',(-30.013671875,-11.21618652343,1.7));
#14520 = CARTESIAN_POINT('',(-29.7412109375,-11.21618652343,1.7));
#14521 = CARTESIAN_POINT('',(-29.55554199218,-10.95251464843,1.7));
#14522 = PCURVE('',#10781,#14523);
#14523 = DEFINITIONAL_REPRESENTATION('',(#14524),#14528);
#14524 = B_SPLINE_CURVE_WITH_KNOTS('',2,(#14525,#14526,#14527),
  .UNSPECIFIED.,.F.,.F.,(3,3),(0.,1.),.PIECEWISE_BEZIER_KNOTS.);
#14525 = CARTESIAN_POINT('',(1.237060546875,0.270263671875));
#14526 = CARTESIAN_POINT('',(1.509521484375,0.270263671875));
#14527 = CARTESIAN_POINT('',(1.695190429688,0.533935546875));
#14528 = ( GEOMETRIC_REPRESENTATION_CONTEXT(2) 
PARAMETRIC_REPRESENTATION_CONTEXT() REPRESENTATION_CONTEXT('2D SPACE',''
  ) );
#14529 = PCURVE('',#14530,#14537);
#14530 = SURFACE_OF_LINEAR_EXTRUSION('',#14531,#14535);
#14531 = B_SPLINE_CURVE_WITH_KNOTS('',2,(#14532,#14533,#14534),
  .UNSPECIFIED.,.F.,.F.,(3,3),(0.,1.),.PIECEWISE_BEZIER_KNOTS.);
#14532 = CARTESIAN_POINT('',(-30.013671875,-11.21618652343,2.5));
#14533 = CARTESIAN_POINT('',(-29.7412109375,-11.21618652343,2.5));
#14534 = CARTESIAN_POINT('',(-29.55554199218,-10.95251464843,2.5));
#14535 = VECTOR('',#14536,1.);
#14536 = DIRECTION('',(0.,0.,1.));
#14537 = DEFINITIONAL_REPRESENTATION('',(#14538),#14542);
#14538 = LINE('',#14539,#14540);
#14539 = CARTESIAN_POINT('',(0.,-0.8));
#14540 = VECTOR('',#14541,1.);
#14541 = DIRECTION('',(1.,0.));
#14542 = ( GEOMETRIC_REPRESENTATION_CONTEXT(2) 
PARAMETRIC_REPRESENTATION_CONTEXT() REPRESENTATION_CONTEXT('2D SPACE',''
  ) );
#14543 = ORIENTED_EDGE('',*,*,#14544,.T.);
#14544 = EDGE_CURVE('',#14515,#14545,#14547,.T.);
#14545 = VERTEX_POINT('',#14546);
#14546 = CARTESIAN_POINT('',(-29.36987304687,-9.897827148438,1.7));
#14547 = SURFACE_CURVE('',#14548,(#14552,#14559),.PCURVE_S1.);
#14548 = B_SPLINE_CURVE_WITH_KNOTS('',2,(#14549,#14550,#14551),
  .UNSPECIFIED.,.F.,.F.,(3,3),(0.,1.),.PIECEWISE_BEZIER_KNOTS.);
#14549 = CARTESIAN_POINT('',(-29.55554199218,-10.95251464843,1.7));
#14550 = CARTESIAN_POINT('',(-29.36987304687,-10.68884277343,1.7));
#14551 = CARTESIAN_POINT('',(-29.36987304687,-9.897827148438,1.7));
#14552 = PCURVE('',#10781,#14553);
#14553 = DEFINITIONAL_REPRESENTATION('',(#14554),#14558);
#14554 = B_SPLINE_CURVE_WITH_KNOTS('',2,(#14555,#14556,#14557),
  .UNSPECIFIED.,.F.,.F.,(3,3),(0.,1.),.PIECEWISE_BEZIER_KNOTS.);
#14555 = CARTESIAN_POINT('',(1.695190429688,0.533935546875));
#14556 = CARTESIAN_POINT('',(1.880859375,0.797607421875));
#14557 = CARTESIAN_POINT('',(1.880859375,1.588623046875));
#14558 = ( GEOMETRIC_REPRESENTATION_CONTEXT(2) 
PARAMETRIC_REPRESENTATION_CONTEXT() REPRESENTATION_CONTEXT('2D SPACE',''
  ) );
#14559 = PCURVE('',#14560,#14567);
#14560 = SURFACE_OF_LINEAR_EXTRUSION('',#14561,#14565);
#14561 = B_SPLINE_CURVE_WITH_KNOTS('',2,(#14562,#14563,#14564),
  .UNSPECIFIED.,.F.,.F.,(3,3),(0.,1.),.PIECEWISE_BEZIER_KNOTS.);
#14562 = CARTESIAN_POINT('',(-29.55554199218,-10.95251464843,2.5));
#14563 = CARTESIAN_POINT('',(-29.36987304687,-10.68884277343,2.5));
#14564 = CARTESIAN_POINT('',(-29.36987304687,-9.897827148438,2.5));
#14565 = VECTOR('',#14566,1.);
#14566 = DIRECTION('',(0.,0.,1.));
#14567 = DEFINITIONAL_REPRESENTATION('',(#14568),#14572);
#14568 = LINE('',#14569,#14570);
#14569 = CARTESIAN_POINT('',(0.,-0.8));
#14570 = VECTOR('',#14571,1.);
#14571 = DIRECTION('',(1.,0.));
#14572 = ( GEOMETRIC_REPRESENTATION_CONTEXT(2) 
PARAMETRIC_REPRESENTATION_CONTEXT() REPRESENTATION_CONTEXT('2D SPACE',''
  ) );
#14573 = ORIENTED_EDGE('',*,*,#14574,.T.);
#14574 = EDGE_CURVE('',#14545,#14575,#14577,.T.);
#14575 = VERTEX_POINT('',#14576);
#14576 = CARTESIAN_POINT('',(-29.55554199218,-8.840942382812,1.7));
#14577 = SURFACE_CURVE('',#14578,(#14582,#14589),.PCURVE_S1.);
#14578 = B_SPLINE_CURVE_WITH_KNOTS('',2,(#14579,#14580,#14581),
  .UNSPECIFIED.,.F.,.F.,(3,3),(0.,1.),.PIECEWISE_BEZIER_KNOTS.);
#14579 = CARTESIAN_POINT('',(-29.36987304687,-9.897827148438,1.7));
#14580 = CARTESIAN_POINT('',(-29.36987304687,-9.102416992188,1.7));
#14581 = CARTESIAN_POINT('',(-29.55554199218,-8.840942382812,1.7));
#14582 = PCURVE('',#10781,#14583);
#14583 = DEFINITIONAL_REPRESENTATION('',(#14584),#14588);
#14584 = B_SPLINE_CURVE_WITH_KNOTS('',2,(#14585,#14586,#14587),
  .UNSPECIFIED.,.F.,.F.,(3,3),(0.,1.),.PIECEWISE_BEZIER_KNOTS.);
#14585 = CARTESIAN_POINT('',(1.880859375,1.588623046875));
#14586 = CARTESIAN_POINT('',(1.880859375,2.384033203125));
#14587 = CARTESIAN_POINT('',(1.695190429688,2.6455078125));
#14588 = ( GEOMETRIC_REPRESENTATION_CONTEXT(2) 
PARAMETRIC_REPRESENTATION_CONTEXT() REPRESENTATION_CONTEXT('2D SPACE',''
  ) );
#14589 = PCURVE('',#14590,#14597);
#14590 = SURFACE_OF_LINEAR_EXTRUSION('',#14591,#14595);
#14591 = B_SPLINE_CURVE_WITH_KNOTS('',2,(#14592,#14593,#14594),
  .UNSPECIFIED.,.F.,.F.,(3,3),(0.,1.),.PIECEWISE_BEZIER_KNOTS.);
#14592 = CARTESIAN_POINT('',(-29.36987304687,-9.897827148438,2.5));
#14593 = CARTESIAN_POINT('',(-29.36987304687,-9.102416992188,2.5));
#14594 = CARTESIAN_POINT('',(-29.55554199218,-8.840942382812,2.5));
#14595 = VECTOR('',#14596,1.);
#14596 = DIRECTION('',(0.,0.,1.));
#14597 = DEFINITIONAL_REPRESENTATION('',(#14598),#14602);
#14598 = LINE('',#14599,#14600);
#14599 = CARTESIAN_POINT('',(0.,-0.8));
#14600 = VECTOR('',#14601,1.);
#14601 = DIRECTION('',(1.,0.));
#14602 = ( GEOMETRIC_REPRESENTATION_CONTEXT(2) 
PARAMETRIC_REPRESENTATION_CONTEXT() REPRESENTATION_CONTEXT('2D SPACE',''
  ) );
#14603 = ORIENTED_EDGE('',*,*,#14604,.T.);
#14604 = EDGE_CURVE('',#14575,#14605,#14607,.T.);
#14605 = VERTEX_POINT('',#14606);
#14606 = CARTESIAN_POINT('',(-30.01806640625,-8.579467773438,1.7));
#14607 = SURFACE_CURVE('',#14608,(#14612,#14619),.PCURVE_S1.);
#14608 = B_SPLINE_CURVE_WITH_KNOTS('',2,(#14609,#14610,#14611),
  .UNSPECIFIED.,.F.,.F.,(3,3),(0.,1.),.PIECEWISE_BEZIER_KNOTS.);
#14609 = CARTESIAN_POINT('',(-29.55554199218,-8.840942382812,1.7));
#14610 = CARTESIAN_POINT('',(-29.7412109375,-8.579467773438,1.7));
#14611 = CARTESIAN_POINT('',(-30.01806640625,-8.579467773438,1.7));
#14612 = PCURVE('',#10781,#14613);
#14613 = DEFINITIONAL_REPRESENTATION('',(#14614),#14618);
#14614 = B_SPLINE_CURVE_WITH_KNOTS('',2,(#14615,#14616,#14617),
  .UNSPECIFIED.,.F.,.F.,(3,3),(0.,1.),.PIECEWISE_BEZIER_KNOTS.);
#14615 = CARTESIAN_POINT('',(1.695190429688,2.6455078125));
#14616 = CARTESIAN_POINT('',(1.509521484375,2.906982421875));
#14617 = CARTESIAN_POINT('',(1.232666015625,2.906982421875));
#14618 = ( GEOMETRIC_REPRESENTATION_CONTEXT(2) 
PARAMETRIC_REPRESENTATION_CONTEXT() REPRESENTATION_CONTEXT('2D SPACE',''
  ) );
#14619 = PCURVE('',#14620,#14627);
#14620 = SURFACE_OF_LINEAR_EXTRUSION('',#14621,#14625);
#14621 = B_SPLINE_CURVE_WITH_KNOTS('',2,(#14622,#14623,#14624),
  .UNSPECIFIED.,.F.,.F.,(3,3),(0.,1.),.PIECEWISE_BEZIER_KNOTS.);
#14622 = CARTESIAN_POINT('',(-29.55554199218,-8.840942382812,2.5));
#14623 = CARTESIAN_POINT('',(-29.7412109375,-8.579467773438,2.5));
#14624 = CARTESIAN_POINT('',(-30.01806640625,-8.579467773438,2.5));
#14625 = VECTOR('',#14626,1.);
#14626 = DIRECTION('',(0.,0.,1.));
#14627 = DEFINITIONAL_REPRESENTATION('',(#14628),#14632);
#14628 = LINE('',#14629,#14630);
#14629 = CARTESIAN_POINT('',(0.,-0.8));
#14630 = VECTOR('',#14631,1.);
#14631 = DIRECTION('',(1.,0.));
#14632 = ( GEOMETRIC_REPRESENTATION_CONTEXT(2) 
PARAMETRIC_REPRESENTATION_CONTEXT() REPRESENTATION_CONTEXT('2D SPACE',''
  ) );
#14633 = ORIENTED_EDGE('',*,*,#14634,.T.);
#14634 = EDGE_CURVE('',#14605,#14635,#14637,.T.);
#14635 = VERTEX_POINT('',#14636);
#14636 = CARTESIAN_POINT('',(-30.453125,-8.810180664062,1.7));
#14637 = SURFACE_CURVE('',#14638,(#14642,#14649),.PCURVE_S1.);
#14638 = B_SPLINE_CURVE_WITH_KNOTS('',2,(#14639,#14640,#14641),
  .UNSPECIFIED.,.F.,.F.,(3,3),(0.,1.),.PIECEWISE_BEZIER_KNOTS.);
#14639 = CARTESIAN_POINT('',(-30.01806640625,-8.579467773438,1.7));
#14640 = CARTESIAN_POINT('',(-30.29052734375,-8.579467773438,1.7));
#14641 = CARTESIAN_POINT('',(-30.453125,-8.810180664062,1.7));
#14642 = PCURVE('',#10781,#14643);
#14643 = DEFINITIONAL_REPRESENTATION('',(#14644),#14648);
#14644 = B_SPLINE_CURVE_WITH_KNOTS('',2,(#14645,#14646,#14647),
  .UNSPECIFIED.,.F.,.F.,(3,3),(0.,1.),.PIECEWISE_BEZIER_KNOTS.);
#14645 = CARTESIAN_POINT('',(1.232666015625,2.906982421875));
#14646 = CARTESIAN_POINT('',(0.960205078125,2.906982421875));
#14647 = CARTESIAN_POINT('',(0.797607421875,2.67626953125));
#14648 = ( GEOMETRIC_REPRESENTATION_CONTEXT(2) 
PARAMETRIC_REPRESENTATION_CONTEXT() REPRESENTATION_CONTEXT('2D SPACE',''
  ) );
#14649 = PCURVE('',#14650,#14657);
#14650 = SURFACE_OF_LINEAR_EXTRUSION('',#14651,#14655);
#14651 = B_SPLINE_CURVE_WITH_KNOTS('',2,(#14652,#14653,#14654),
  .UNSPECIFIED.,.F.,.F.,(3,3),(0.,1.),.PIECEWISE_BEZIER_KNOTS.);
#14652 = CARTESIAN_POINT('',(-30.01806640625,-8.579467773438,2.5));
#14653 = CARTESIAN_POINT('',(-30.29052734375,-8.579467773438,2.5));
#14654 = CARTESIAN_POINT('',(-30.453125,-8.810180664062,2.5));
#14655 = VECTOR('',#14656,1.);
#14656 = DIRECTION('',(0.,0.,1.));
#14657 = DEFINITIONAL_REPRESENTATION('',(#14658),#14662);
#14658 = LINE('',#14659,#14660);
#14659 = CARTESIAN_POINT('',(0.,-0.8));
#14660 = VECTOR('',#14661,1.);
#14661 = DIRECTION('',(1.,0.));
#14662 = ( GEOMETRIC_REPRESENTATION_CONTEXT(2) 
PARAMETRIC_REPRESENTATION_CONTEXT() REPRESENTATION_CONTEXT('2D SPACE',''
  ) );
#14663 = ORIENTED_EDGE('',*,*,#14664,.T.);
#14664 = EDGE_CURVE('',#14635,#14453,#14665,.T.);
#14665 = SURFACE_CURVE('',#14666,(#14670,#14677),.PCURVE_S1.);
#14666 = B_SPLINE_CURVE_WITH_KNOTS('',2,(#14667,#14668,#14669),
  .UNSPECIFIED.,.F.,.F.,(3,3),(0.,1.),.PIECEWISE_BEZIER_KNOTS.);
#14667 = CARTESIAN_POINT('',(-30.453125,-8.810180664062,1.7));
#14668 = CARTESIAN_POINT('',(-30.65747070312,-9.104614257812,1.7));
#14669 = CARTESIAN_POINT('',(-30.65747070312,-9.897827148438,1.7));
#14670 = PCURVE('',#10781,#14671);
#14671 = DEFINITIONAL_REPRESENTATION('',(#14672),#14676);
#14672 = B_SPLINE_CURVE_WITH_KNOTS('',2,(#14673,#14674,#14675),
  .UNSPECIFIED.,.F.,.F.,(3,3),(0.,1.),.PIECEWISE_BEZIER_KNOTS.);
#14673 = CARTESIAN_POINT('',(0.797607421875,2.67626953125));
#14674 = CARTESIAN_POINT('',(0.59326171875,2.3818359375));
#14675 = CARTESIAN_POINT('',(0.59326171875,1.588623046875));
#14676 = ( GEOMETRIC_REPRESENTATION_CONTEXT(2) 
PARAMETRIC_REPRESENTATION_CONTEXT() REPRESENTATION_CONTEXT('2D SPACE',''
  ) );
#14677 = PCURVE('',#14678,#14685);
#14678 = SURFACE_OF_LINEAR_EXTRUSION('',#14679,#14683);
#14679 = B_SPLINE_CURVE_WITH_KNOTS('',2,(#14680,#14681,#14682),
  .UNSPECIFIED.,.F.,.F.,(3,3),(0.,1.),.PIECEWISE_BEZIER_KNOTS.);
#14680 = CARTESIAN_POINT('',(-30.453125,-8.810180664062,2.5));
#14681 = CARTESIAN_POINT('',(-30.65747070312,-9.104614257812,2.5));
#14682 = CARTESIAN_POINT('',(-30.65747070312,-9.897827148438,2.5));
#14683 = VECTOR('',#14684,1.);
#14684 = DIRECTION('',(0.,0.,1.));
#14685 = DEFINITIONAL_REPRESENTATION('',(#14686),#14690);
#14686 = LINE('',#14687,#14688);
#14687 = CARTESIAN_POINT('',(0.,-0.8));
#14688 = VECTOR('',#14689,1.);
#14689 = DIRECTION('',(1.,0.));
#14690 = ( GEOMETRIC_REPRESENTATION_CONTEXT(2) 
PARAMETRIC_REPRESENTATION_CONTEXT() REPRESENTATION_CONTEXT('2D SPACE',''
  ) );
#14691 = ADVANCED_FACE('',(#14692,#14706),#11374,.T.);
#14692 = FACE_BOUND('',#14693,.F.);
#14693 = EDGE_LOOP('',(#14694,#14695,#14696,#14697,#14698,#14699,#14700,
    #14701,#14702,#14703,#14704,#14705));
#14694 = ORIENTED_EDGE('',*,*,#11461,.T.);
#14695 = ORIENTED_EDGE('',*,*,#11559,.T.);
#14696 = ORIENTED_EDGE('',*,*,#11657,.T.);
#14697 = ORIENTED_EDGE('',*,*,#11755,.T.);
#14698 = ORIENTED_EDGE('',*,*,#11853,.T.);
#14699 = ORIENTED_EDGE('',*,*,#11902,.T.);
#14700 = ORIENTED_EDGE('',*,*,#11826,.T.);
#14701 = ORIENTED_EDGE('',*,*,#11728,.T.);
#14702 = ORIENTED_EDGE('',*,*,#11630,.T.);
#14703 = ORIENTED_EDGE('',*,*,#11532,.T.);
#14704 = ORIENTED_EDGE('',*,*,#11434,.T.);
#14705 = ORIENTED_EDGE('',*,*,#11358,.T.);
#14706 = FACE_BOUND('',#14707,.F.);
#14707 = EDGE_LOOP('',(#14708,#14740,#14770,#14800,#14830,#14860,#14890,
    #14920));
#14708 = ORIENTED_EDGE('',*,*,#14709,.T.);
#14709 = EDGE_CURVE('',#14710,#14712,#14714,.T.);
#14710 = VERTEX_POINT('',#14711);
#14711 = CARTESIAN_POINT('',(-0.658081054688,-9.897827148438,1.7));
#14712 = VERTEX_POINT('',#14713);
#14713 = CARTESIAN_POINT('',(-0.472412109375,-10.95361328125,1.7));
#14714 = SURFACE_CURVE('',#14715,(#14719,#14726),.PCURVE_S1.);
#14715 = B_SPLINE_CURVE_WITH_KNOTS('',2,(#14716,#14717,#14718),
  .UNSPECIFIED.,.F.,.F.,(3,3),(0.,1.),.PIECEWISE_BEZIER_KNOTS.);
#14716 = CARTESIAN_POINT('',(-0.658081054688,-9.897827148438,1.7));
#14717 = CARTESIAN_POINT('',(-0.658081054688,-10.69104003906,1.7));
#14718 = CARTESIAN_POINT('',(-0.472412109375,-10.95361328125,1.7));
#14719 = PCURVE('',#11374,#14720);
#14720 = DEFINITIONAL_REPRESENTATION('',(#14721),#14725);
#14721 = B_SPLINE_CURVE_WITH_KNOTS('',2,(#14722,#14723,#14724),
  .UNSPECIFIED.,.F.,.F.,(3,3),(0.,1.),.PIECEWISE_BEZIER_KNOTS.);
#14722 = CARTESIAN_POINT('',(0.59326171875,1.588623046875));
#14723 = CARTESIAN_POINT('',(0.59326171875,0.79541015625));
#14724 = CARTESIAN_POINT('',(0.778930664062,0.532836914062));
#14725 = ( GEOMETRIC_REPRESENTATION_CONTEXT(2) 
PARAMETRIC_REPRESENTATION_CONTEXT() REPRESENTATION_CONTEXT('2D SPACE',''
  ) );
#14726 = PCURVE('',#14727,#14734);
#14727 = SURFACE_OF_LINEAR_EXTRUSION('',#14728,#14732);
#14728 = B_SPLINE_CURVE_WITH_KNOTS('',2,(#14729,#14730,#14731),
  .UNSPECIFIED.,.F.,.F.,(3,3),(0.,1.),.PIECEWISE_BEZIER_KNOTS.);
#14729 = CARTESIAN_POINT('',(-0.658081054688,-9.897827148438,2.5));
#14730 = CARTESIAN_POINT('',(-0.658081054688,-10.69104003906,2.5));
#14731 = CARTESIAN_POINT('',(-0.472412109375,-10.95361328125,2.5));
#14732 = VECTOR('',#14733,1.);
#14733 = DIRECTION('',(0.,0.,1.));
#14734 = DEFINITIONAL_REPRESENTATION('',(#14735),#14739);
#14735 = LINE('',#14736,#14737);
#14736 = CARTESIAN_POINT('',(0.,-0.8));
#14737 = VECTOR('',#14738,1.);
#14738 = DIRECTION('',(1.,0.));
#14739 = ( GEOMETRIC_REPRESENTATION_CONTEXT(2) 
PARAMETRIC_REPRESENTATION_CONTEXT() REPRESENTATION_CONTEXT('2D SPACE',''
  ) );
#14740 = ORIENTED_EDGE('',*,*,#14741,.T.);
#14741 = EDGE_CURVE('',#14712,#14742,#14744,.T.);
#14742 = VERTEX_POINT('',#14743);
#14743 = CARTESIAN_POINT('',(-1.42822265625E-02,-11.21618652343,1.7));
#14744 = SURFACE_CURVE('',#14745,(#14749,#14756),.PCURVE_S1.);
#14745 = B_SPLINE_CURVE_WITH_KNOTS('',2,(#14746,#14747,#14748),
  .UNSPECIFIED.,.F.,.F.,(3,3),(0.,1.),.PIECEWISE_BEZIER_KNOTS.);
#14746 = CARTESIAN_POINT('',(-0.472412109375,-10.95361328125,1.7));
#14747 = CARTESIAN_POINT('',(-0.286743164062,-11.21618652343,1.7));
#14748 = CARTESIAN_POINT('',(-1.42822265625E-02,-11.21618652343,1.7));
#14749 = PCURVE('',#11374,#14750);
#14750 = DEFINITIONAL_REPRESENTATION('',(#14751),#14755);
#14751 = B_SPLINE_CURVE_WITH_KNOTS('',2,(#14752,#14753,#14754),
  .UNSPECIFIED.,.F.,.F.,(3,3),(0.,1.),.PIECEWISE_BEZIER_KNOTS.);
#14752 = CARTESIAN_POINT('',(0.778930664062,0.532836914062));
#14753 = CARTESIAN_POINT('',(0.964599609375,0.270263671875));
#14754 = CARTESIAN_POINT('',(1.237060546875,0.270263671875));
#14755 = ( GEOMETRIC_REPRESENTATION_CONTEXT(2) 
PARAMETRIC_REPRESENTATION_CONTEXT() REPRESENTATION_CONTEXT('2D SPACE',''
  ) );
#14756 = PCURVE('',#14757,#14764);
#14757 = SURFACE_OF_LINEAR_EXTRUSION('',#14758,#14762);
#14758 = B_SPLINE_CURVE_WITH_KNOTS('',2,(#14759,#14760,#14761),
  .UNSPECIFIED.,.F.,.F.,(3,3),(0.,1.),.PIECEWISE_BEZIER_KNOTS.);
#14759 = CARTESIAN_POINT('',(-0.472412109375,-10.95361328125,2.5));
#14760 = CARTESIAN_POINT('',(-0.286743164062,-11.21618652343,2.5));
#14761 = CARTESIAN_POINT('',(-1.42822265625E-02,-11.21618652343,2.5));
#14762 = VECTOR('',#14763,1.);
#14763 = DIRECTION('',(0.,0.,1.));
#14764 = DEFINITIONAL_REPRESENTATION('',(#14765),#14769);
#14765 = LINE('',#14766,#14767);
#14766 = CARTESIAN_POINT('',(0.,-0.8));
#14767 = VECTOR('',#14768,1.);
#14768 = DIRECTION('',(1.,0.));
#14769 = ( GEOMETRIC_REPRESENTATION_CONTEXT(2) 
PARAMETRIC_REPRESENTATION_CONTEXT() REPRESENTATION_CONTEXT('2D SPACE',''
  ) );
#14770 = ORIENTED_EDGE('',*,*,#14771,.T.);
#14771 = EDGE_CURVE('',#14742,#14772,#14774,.T.);
#14772 = VERTEX_POINT('',#14773);
#14773 = CARTESIAN_POINT('',(0.44384765625,-10.95251464843,1.7));
#14774 = SURFACE_CURVE('',#14775,(#14779,#14786),.PCURVE_S1.);
#14775 = B_SPLINE_CURVE_WITH_KNOTS('',2,(#14776,#14777,#14778),
  .UNSPECIFIED.,.F.,.F.,(3,3),(0.,1.),.PIECEWISE_BEZIER_KNOTS.);
#14776 = CARTESIAN_POINT('',(-1.42822265625E-02,-11.21618652343,1.7));
#14777 = CARTESIAN_POINT('',(0.258178710938,-11.21618652343,1.7));
#14778 = CARTESIAN_POINT('',(0.44384765625,-10.95251464843,1.7));
#14779 = PCURVE('',#11374,#14780);
#14780 = DEFINITIONAL_REPRESENTATION('',(#14781),#14785);
#14781 = B_SPLINE_CURVE_WITH_KNOTS('',2,(#14782,#14783,#14784),
  .UNSPECIFIED.,.F.,.F.,(3,3),(0.,1.),.PIECEWISE_BEZIER_KNOTS.);
#14782 = CARTESIAN_POINT('',(1.237060546875,0.270263671875));
#14783 = CARTESIAN_POINT('',(1.509521484375,0.270263671875));
#14784 = CARTESIAN_POINT('',(1.695190429688,0.533935546875));
#14785 = ( GEOMETRIC_REPRESENTATION_CONTEXT(2) 
PARAMETRIC_REPRESENTATION_CONTEXT() REPRESENTATION_CONTEXT('2D SPACE',''
  ) );
#14786 = PCURVE('',#14787,#14794);
#14787 = SURFACE_OF_LINEAR_EXTRUSION('',#14788,#14792);
#14788 = B_SPLINE_CURVE_WITH_KNOTS('',2,(#14789,#14790,#14791),
  .UNSPECIFIED.,.F.,.F.,(3,3),(0.,1.),.PIECEWISE_BEZIER_KNOTS.);
#14789 = CARTESIAN_POINT('',(-1.42822265625E-02,-11.21618652343,2.5));
#14790 = CARTESIAN_POINT('',(0.258178710938,-11.21618652343,2.5));
#14791 = CARTESIAN_POINT('',(0.44384765625,-10.95251464843,2.5));
#14792 = VECTOR('',#14793,1.);
#14793 = DIRECTION('',(0.,0.,1.));
#14794 = DEFINITIONAL_REPRESENTATION('',(#14795),#14799);
#14795 = LINE('',#14796,#14797);
#14796 = CARTESIAN_POINT('',(0.,-0.8));
#14797 = VECTOR('',#14798,1.);
#14798 = DIRECTION('',(1.,0.));
#14799 = ( GEOMETRIC_REPRESENTATION_CONTEXT(2) 
PARAMETRIC_REPRESENTATION_CONTEXT() REPRESENTATION_CONTEXT('2D SPACE',''
  ) );
#14800 = ORIENTED_EDGE('',*,*,#14801,.T.);
#14801 = EDGE_CURVE('',#14772,#14802,#14804,.T.);
#14802 = VERTEX_POINT('',#14803);
#14803 = CARTESIAN_POINT('',(0.629516601562,-9.897827148438,1.7));
#14804 = SURFACE_CURVE('',#14805,(#14809,#14816),.PCURVE_S1.);
#14805 = B_SPLINE_CURVE_WITH_KNOTS('',2,(#14806,#14807,#14808),
  .UNSPECIFIED.,.F.,.F.,(3,3),(0.,1.),.PIECEWISE_BEZIER_KNOTS.);
#14806 = CARTESIAN_POINT('',(0.44384765625,-10.95251464843,1.7));
#14807 = CARTESIAN_POINT('',(0.629516601562,-10.68884277343,1.7));
#14808 = CARTESIAN_POINT('',(0.629516601562,-9.897827148438,1.7));
#14809 = PCURVE('',#11374,#14810);
#14810 = DEFINITIONAL_REPRESENTATION('',(#14811),#14815);
#14811 = B_SPLINE_CURVE_WITH_KNOTS('',2,(#14812,#14813,#14814),
  .UNSPECIFIED.,.F.,.F.,(3,3),(0.,1.),.PIECEWISE_BEZIER_KNOTS.);
#14812 = CARTESIAN_POINT('',(1.695190429688,0.533935546875));
#14813 = CARTESIAN_POINT('',(1.880859375,0.797607421875));
#14814 = CARTESIAN_POINT('',(1.880859375,1.588623046875));
#14815 = ( GEOMETRIC_REPRESENTATION_CONTEXT(2) 
PARAMETRIC_REPRESENTATION_CONTEXT() REPRESENTATION_CONTEXT('2D SPACE',''
  ) );
#14816 = PCURVE('',#14817,#14824);
#14817 = SURFACE_OF_LINEAR_EXTRUSION('',#14818,#14822);
#14818 = B_SPLINE_CURVE_WITH_KNOTS('',2,(#14819,#14820,#14821),
  .UNSPECIFIED.,.F.,.F.,(3,3),(0.,1.),.PIECEWISE_BEZIER_KNOTS.);
#14819 = CARTESIAN_POINT('',(0.44384765625,-10.95251464843,2.5));
#14820 = CARTESIAN_POINT('',(0.629516601562,-10.68884277343,2.5));
#14821 = CARTESIAN_POINT('',(0.629516601562,-9.897827148438,2.5));
#14822 = VECTOR('',#14823,1.);
#14823 = DIRECTION('',(0.,0.,1.));
#14824 = DEFINITIONAL_REPRESENTATION('',(#14825),#14829);
#14825 = LINE('',#14826,#14827);
#14826 = CARTESIAN_POINT('',(0.,-0.8));
#14827 = VECTOR('',#14828,1.);
#14828 = DIRECTION('',(1.,0.));
#14829 = ( GEOMETRIC_REPRESENTATION_CONTEXT(2) 
PARAMETRIC_REPRESENTATION_CONTEXT() REPRESENTATION_CONTEXT('2D SPACE',''
  ) );
#14830 = ORIENTED_EDGE('',*,*,#14831,.T.);
#14831 = EDGE_CURVE('',#14802,#14832,#14834,.T.);
#14832 = VERTEX_POINT('',#14833);
#14833 = CARTESIAN_POINT('',(0.44384765625,-8.840942382812,1.7));
#14834 = SURFACE_CURVE('',#14835,(#14839,#14846),.PCURVE_S1.);
#14835 = B_SPLINE_CURVE_WITH_KNOTS('',2,(#14836,#14837,#14838),
  .UNSPECIFIED.,.F.,.F.,(3,3),(0.,1.),.PIECEWISE_BEZIER_KNOTS.);
#14836 = CARTESIAN_POINT('',(0.629516601562,-9.897827148438,1.7));
#14837 = CARTESIAN_POINT('',(0.629516601562,-9.102416992188,1.7));
#14838 = CARTESIAN_POINT('',(0.44384765625,-8.840942382812,1.7));
#14839 = PCURVE('',#11374,#14840);
#14840 = DEFINITIONAL_REPRESENTATION('',(#14841),#14845);
#14841 = B_SPLINE_CURVE_WITH_KNOTS('',2,(#14842,#14843,#14844),
  .UNSPECIFIED.,.F.,.F.,(3,3),(0.,1.),.PIECEWISE_BEZIER_KNOTS.);
#14842 = CARTESIAN_POINT('',(1.880859375,1.588623046875));
#14843 = CARTESIAN_POINT('',(1.880859375,2.384033203125));
#14844 = CARTESIAN_POINT('',(1.695190429688,2.6455078125));
#14845 = ( GEOMETRIC_REPRESENTATION_CONTEXT(2) 
PARAMETRIC_REPRESENTATION_CONTEXT() REPRESENTATION_CONTEXT('2D SPACE',''
  ) );
#14846 = PCURVE('',#14847,#14854);
#14847 = SURFACE_OF_LINEAR_EXTRUSION('',#14848,#14852);
#14848 = B_SPLINE_CURVE_WITH_KNOTS('',2,(#14849,#14850,#14851),
  .UNSPECIFIED.,.F.,.F.,(3,3),(0.,1.),.PIECEWISE_BEZIER_KNOTS.);
#14849 = CARTESIAN_POINT('',(0.629516601562,-9.897827148438,2.5));
#14850 = CARTESIAN_POINT('',(0.629516601562,-9.102416992188,2.5));
#14851 = CARTESIAN_POINT('',(0.44384765625,-8.840942382812,2.5));
#14852 = VECTOR('',#14853,1.);
#14853 = DIRECTION('',(0.,0.,1.));
#14854 = DEFINITIONAL_REPRESENTATION('',(#14855),#14859);
#14855 = LINE('',#14856,#14857);
#14856 = CARTESIAN_POINT('',(0.,-0.8));
#14857 = VECTOR('',#14858,1.);
#14858 = DIRECTION('',(1.,0.));
#14859 = ( GEOMETRIC_REPRESENTATION_CONTEXT(2) 
PARAMETRIC_REPRESENTATION_CONTEXT() REPRESENTATION_CONTEXT('2D SPACE',''
  ) );
#14860 = ORIENTED_EDGE('',*,*,#14861,.T.);
#14861 = EDGE_CURVE('',#14832,#14862,#14864,.T.);
#14862 = VERTEX_POINT('',#14863);
#14863 = CARTESIAN_POINT('',(-1.86767578125E-02,-8.579467773438,1.7));
#14864 = SURFACE_CURVE('',#14865,(#14869,#14876),.PCURVE_S1.);
#14865 = B_SPLINE_CURVE_WITH_KNOTS('',2,(#14866,#14867,#14868),
  .UNSPECIFIED.,.F.,.F.,(3,3),(0.,1.),.PIECEWISE_BEZIER_KNOTS.);
#14866 = CARTESIAN_POINT('',(0.44384765625,-8.840942382812,1.7));
#14867 = CARTESIAN_POINT('',(0.258178710938,-8.579467773438,1.7));
#14868 = CARTESIAN_POINT('',(-1.86767578125E-02,-8.579467773438,1.7));
#14869 = PCURVE('',#11374,#14870);
#14870 = DEFINITIONAL_REPRESENTATION('',(#14871),#14875);
#14871 = B_SPLINE_CURVE_WITH_KNOTS('',2,(#14872,#14873,#14874),
  .UNSPECIFIED.,.F.,.F.,(3,3),(0.,1.),.PIECEWISE_BEZIER_KNOTS.);
#14872 = CARTESIAN_POINT('',(1.695190429688,2.6455078125));
#14873 = CARTESIAN_POINT('',(1.509521484375,2.906982421875));
#14874 = CARTESIAN_POINT('',(1.232666015625,2.906982421875));
#14875 = ( GEOMETRIC_REPRESENTATION_CONTEXT(2) 
PARAMETRIC_REPRESENTATION_CONTEXT() REPRESENTATION_CONTEXT('2D SPACE',''
  ) );
#14876 = PCURVE('',#14877,#14884);
#14877 = SURFACE_OF_LINEAR_EXTRUSION('',#14878,#14882);
#14878 = B_SPLINE_CURVE_WITH_KNOTS('',2,(#14879,#14880,#14881),
  .UNSPECIFIED.,.F.,.F.,(3,3),(0.,1.),.PIECEWISE_BEZIER_KNOTS.);
#14879 = CARTESIAN_POINT('',(0.44384765625,-8.840942382812,2.5));
#14880 = CARTESIAN_POINT('',(0.258178710938,-8.579467773438,2.5));
#14881 = CARTESIAN_POINT('',(-1.86767578125E-02,-8.579467773438,2.5));
#14882 = VECTOR('',#14883,1.);
#14883 = DIRECTION('',(0.,0.,1.));
#14884 = DEFINITIONAL_REPRESENTATION('',(#14885),#14889);
#14885 = LINE('',#14886,#14887);
#14886 = CARTESIAN_POINT('',(0.,-0.8));
#14887 = VECTOR('',#14888,1.);
#14888 = DIRECTION('',(1.,0.));
#14889 = ( GEOMETRIC_REPRESENTATION_CONTEXT(2) 
PARAMETRIC_REPRESENTATION_CONTEXT() REPRESENTATION_CONTEXT('2D SPACE',''
  ) );
#14890 = ORIENTED_EDGE('',*,*,#14891,.T.);
#14891 = EDGE_CURVE('',#14862,#14892,#14894,.T.);
#14892 = VERTEX_POINT('',#14893);
#14893 = CARTESIAN_POINT('',(-0.453735351562,-8.810180664062,1.7));
#14894 = SURFACE_CURVE('',#14895,(#14899,#14906),.PCURVE_S1.);
#14895 = B_SPLINE_CURVE_WITH_KNOTS('',2,(#14896,#14897,#14898),
  .UNSPECIFIED.,.F.,.F.,(3,3),(0.,1.),.PIECEWISE_BEZIER_KNOTS.);
#14896 = CARTESIAN_POINT('',(-1.86767578125E-02,-8.579467773438,1.7));
#14897 = CARTESIAN_POINT('',(-0.291137695312,-8.579467773438,1.7));
#14898 = CARTESIAN_POINT('',(-0.453735351562,-8.810180664062,1.7));
#14899 = PCURVE('',#11374,#14900);
#14900 = DEFINITIONAL_REPRESENTATION('',(#14901),#14905);
#14901 = B_SPLINE_CURVE_WITH_KNOTS('',2,(#14902,#14903,#14904),
  .UNSPECIFIED.,.F.,.F.,(3,3),(0.,1.),.PIECEWISE_BEZIER_KNOTS.);
#14902 = CARTESIAN_POINT('',(1.232666015625,2.906982421875));
#14903 = CARTESIAN_POINT('',(0.960205078125,2.906982421875));
#14904 = CARTESIAN_POINT('',(0.797607421875,2.67626953125));
#14905 = ( GEOMETRIC_REPRESENTATION_CONTEXT(2) 
PARAMETRIC_REPRESENTATION_CONTEXT() REPRESENTATION_CONTEXT('2D SPACE',''
  ) );
#14906 = PCURVE('',#14907,#14914);
#14907 = SURFACE_OF_LINEAR_EXTRUSION('',#14908,#14912);
#14908 = B_SPLINE_CURVE_WITH_KNOTS('',2,(#14909,#14910,#14911),
  .UNSPECIFIED.,.F.,.F.,(3,3),(0.,1.),.PIECEWISE_BEZIER_KNOTS.);
#14909 = CARTESIAN_POINT('',(-1.86767578125E-02,-8.579467773438,2.5));
#14910 = CARTESIAN_POINT('',(-0.291137695312,-8.579467773438,2.5));
#14911 = CARTESIAN_POINT('',(-0.453735351562,-8.810180664062,2.5));
#14912 = VECTOR('',#14913,1.);
#14913 = DIRECTION('',(0.,0.,1.));
#14914 = DEFINITIONAL_REPRESENTATION('',(#14915),#14919);
#14915 = LINE('',#14916,#14917);
#14916 = CARTESIAN_POINT('',(0.,-0.8));
#14917 = VECTOR('',#14918,1.);
#14918 = DIRECTION('',(1.,0.));
#14919 = ( GEOMETRIC_REPRESENTATION_CONTEXT(2) 
PARAMETRIC_REPRESENTATION_CONTEXT() REPRESENTATION_CONTEXT('2D SPACE',''
  ) );
#14920 = ORIENTED_EDGE('',*,*,#14921,.T.);
#14921 = EDGE_CURVE('',#14892,#14710,#14922,.T.);
#14922 = SURFACE_CURVE('',#14923,(#14927,#14934),.PCURVE_S1.);
#14923 = B_SPLINE_CURVE_WITH_KNOTS('',2,(#14924,#14925,#14926),
  .UNSPECIFIED.,.F.,.F.,(3,3),(0.,1.),.PIECEWISE_BEZIER_KNOTS.);
#14924 = CARTESIAN_POINT('',(-0.453735351562,-8.810180664062,1.7));
#14925 = CARTESIAN_POINT('',(-0.658081054688,-9.104614257812,1.7));
#14926 = CARTESIAN_POINT('',(-0.658081054688,-9.897827148438,1.7));
#14927 = PCURVE('',#11374,#14928);
#14928 = DEFINITIONAL_REPRESENTATION('',(#14929),#14933);
#14929 = B_SPLINE_CURVE_WITH_KNOTS('',2,(#14930,#14931,#14932),
  .UNSPECIFIED.,.F.,.F.,(3,3),(0.,1.),.PIECEWISE_BEZIER_KNOTS.);
#14930 = CARTESIAN_POINT('',(0.797607421875,2.67626953125));
#14931 = CARTESIAN_POINT('',(0.59326171875,2.3818359375));
#14932 = CARTESIAN_POINT('',(0.59326171875,1.588623046875));
#14933 = ( GEOMETRIC_REPRESENTATION_CONTEXT(2) 
PARAMETRIC_REPRESENTATION_CONTEXT() REPRESENTATION_CONTEXT('2D SPACE',''
  ) );
#14934 = PCURVE('',#14935,#14942);
#14935 = SURFACE_OF_LINEAR_EXTRUSION('',#14936,#14940);
#14936 = B_SPLINE_CURVE_WITH_KNOTS('',2,(#14937,#14938,#14939),
  .UNSPECIFIED.,.F.,.F.,(3,3),(0.,1.),.PIECEWISE_BEZIER_KNOTS.);
#14937 = CARTESIAN_POINT('',(-0.453735351562,-8.810180664062,2.5));
#14938 = CARTESIAN_POINT('',(-0.658081054688,-9.104614257812,2.5));
#14939 = CARTESIAN_POINT('',(-0.658081054688,-9.897827148438,2.5));
#14940 = VECTOR('',#14941,1.);
#14941 = DIRECTION('',(0.,0.,1.));
#14942 = DEFINITIONAL_REPRESENTATION('',(#14943),#14947);
#14943 = LINE('',#14944,#14945);
#14944 = CARTESIAN_POINT('',(0.,-0.8));
#14945 = VECTOR('',#14946,1.);
#14946 = DIRECTION('',(1.,0.));
#14947 = ( GEOMETRIC_REPRESENTATION_CONTEXT(2) 
PARAMETRIC_REPRESENTATION_CONTEXT() REPRESENTATION_CONTEXT('2D SPACE',''
  ) );
#14948 = ADVANCED_FACE('',(#14949,#14963),#11967,.T.);
#14949 = FACE_BOUND('',#14950,.F.);
#14950 = EDGE_LOOP('',(#14951,#14952,#14953,#14954,#14955,#14956,#14957,
    #14958,#14959,#14960,#14961,#14962));
#14951 = ORIENTED_EDGE('',*,*,#12054,.T.);
#14952 = ORIENTED_EDGE('',*,*,#12152,.T.);
#14953 = ORIENTED_EDGE('',*,*,#12250,.T.);
#14954 = ORIENTED_EDGE('',*,*,#12348,.T.);
#14955 = ORIENTED_EDGE('',*,*,#12446,.T.);
#14956 = ORIENTED_EDGE('',*,*,#12495,.T.);
#14957 = ORIENTED_EDGE('',*,*,#12419,.T.);
#14958 = ORIENTED_EDGE('',*,*,#12321,.T.);
#14959 = ORIENTED_EDGE('',*,*,#12223,.T.);
#14960 = ORIENTED_EDGE('',*,*,#12125,.T.);
#14961 = ORIENTED_EDGE('',*,*,#12027,.T.);
#14962 = ORIENTED_EDGE('',*,*,#11951,.T.);
#14963 = FACE_BOUND('',#14964,.F.);
#14964 = EDGE_LOOP('',(#14965,#14997,#15027,#15057,#15087,#15117,#15147,
    #15177));
#14965 = ORIENTED_EDGE('',*,*,#14966,.T.);
#14966 = EDGE_CURVE('',#14967,#14969,#14971,.T.);
#14967 = VERTEX_POINT('',#14968);
#14968 = CARTESIAN_POINT('',(31.404541015625,-9.897827148438,1.7));
#14969 = VERTEX_POINT('',#14970);
#14970 = CARTESIAN_POINT('',(31.590209960938,-10.95361328125,1.7));
#14971 = SURFACE_CURVE('',#14972,(#14976,#14983),.PCURVE_S1.);
#14972 = B_SPLINE_CURVE_WITH_KNOTS('',2,(#14973,#14974,#14975),
  .UNSPECIFIED.,.F.,.F.,(3,3),(0.,1.),.PIECEWISE_BEZIER_KNOTS.);
#14973 = CARTESIAN_POINT('',(31.404541015625,-9.897827148438,1.7));
#14974 = CARTESIAN_POINT('',(31.404541015625,-10.69104003906,1.7));
#14975 = CARTESIAN_POINT('',(31.590209960938,-10.95361328125,1.7));
#14976 = PCURVE('',#11967,#14977);
#14977 = DEFINITIONAL_REPRESENTATION('',(#14978),#14982);
#14978 = B_SPLINE_CURVE_WITH_KNOTS('',2,(#14979,#14980,#14981),
  .UNSPECIFIED.,.F.,.F.,(3,3),(0.,1.),.PIECEWISE_BEZIER_KNOTS.);
#14979 = CARTESIAN_POINT('',(0.59326171875,1.588623046875));
#14980 = CARTESIAN_POINT('',(0.59326171875,0.79541015625));
#14981 = CARTESIAN_POINT('',(0.778930664062,0.532836914062));
#14982 = ( GEOMETRIC_REPRESENTATION_CONTEXT(2) 
PARAMETRIC_REPRESENTATION_CONTEXT() REPRESENTATION_CONTEXT('2D SPACE',''
  ) );
#14983 = PCURVE('',#14984,#14991);
#14984 = SURFACE_OF_LINEAR_EXTRUSION('',#14985,#14989);
#14985 = B_SPLINE_CURVE_WITH_KNOTS('',2,(#14986,#14987,#14988),
  .UNSPECIFIED.,.F.,.F.,(3,3),(0.,1.),.PIECEWISE_BEZIER_KNOTS.);
#14986 = CARTESIAN_POINT('',(31.404541015625,-9.897827148438,2.5));
#14987 = CARTESIAN_POINT('',(31.404541015625,-10.69104003906,2.5));
#14988 = CARTESIAN_POINT('',(31.590209960938,-10.95361328125,2.5));
#14989 = VECTOR('',#14990,1.);
#14990 = DIRECTION('',(0.,0.,1.));
#14991 = DEFINITIONAL_REPRESENTATION('',(#14992),#14996);
#14992 = LINE('',#14993,#14994);
#14993 = CARTESIAN_POINT('',(0.,-0.8));
#14994 = VECTOR('',#14995,1.);
#14995 = DIRECTION('',(1.,0.));
#14996 = ( GEOMETRIC_REPRESENTATION_CONTEXT(2) 
PARAMETRIC_REPRESENTATION_CONTEXT() REPRESENTATION_CONTEXT('2D SPACE',''
  ) );
#14997 = ORIENTED_EDGE('',*,*,#14998,.T.);
#14998 = EDGE_CURVE('',#14969,#14999,#15001,.T.);
#14999 = VERTEX_POINT('',#15000);
#15000 = CARTESIAN_POINT('',(32.04833984375,-11.21618652343,1.7));
#15001 = SURFACE_CURVE('',#15002,(#15006,#15013),.PCURVE_S1.);
#15002 = B_SPLINE_CURVE_WITH_KNOTS('',2,(#15003,#15004,#15005),
  .UNSPECIFIED.,.F.,.F.,(3,3),(0.,1.),.PIECEWISE_BEZIER_KNOTS.);
#15003 = CARTESIAN_POINT('',(31.590209960938,-10.95361328125,1.7));
#15004 = CARTESIAN_POINT('',(31.77587890625,-11.21618652343,1.7));
#15005 = CARTESIAN_POINT('',(32.04833984375,-11.21618652343,1.7));
#15006 = PCURVE('',#11967,#15007);
#15007 = DEFINITIONAL_REPRESENTATION('',(#15008),#15012);
#15008 = B_SPLINE_CURVE_WITH_KNOTS('',2,(#15009,#15010,#15011),
  .UNSPECIFIED.,.F.,.F.,(3,3),(0.,1.),.PIECEWISE_BEZIER_KNOTS.);
#15009 = CARTESIAN_POINT('',(0.778930664062,0.532836914062));
#15010 = CARTESIAN_POINT('',(0.964599609375,0.270263671875));
#15011 = CARTESIAN_POINT('',(1.237060546875,0.270263671875));
#15012 = ( GEOMETRIC_REPRESENTATION_CONTEXT(2) 
PARAMETRIC_REPRESENTATION_CONTEXT() REPRESENTATION_CONTEXT('2D SPACE',''
  ) );
#15013 = PCURVE('',#15014,#15021);
#15014 = SURFACE_OF_LINEAR_EXTRUSION('',#15015,#15019);
#15015 = B_SPLINE_CURVE_WITH_KNOTS('',2,(#15016,#15017,#15018),
  .UNSPECIFIED.,.F.,.F.,(3,3),(0.,1.),.PIECEWISE_BEZIER_KNOTS.);
#15016 = CARTESIAN_POINT('',(31.590209960938,-10.95361328125,2.5));
#15017 = CARTESIAN_POINT('',(31.77587890625,-11.21618652343,2.5));
#15018 = CARTESIAN_POINT('',(32.04833984375,-11.21618652343,2.5));
#15019 = VECTOR('',#15020,1.);
#15020 = DIRECTION('',(0.,0.,1.));
#15021 = DEFINITIONAL_REPRESENTATION('',(#15022),#15026);
#15022 = LINE('',#15023,#15024);
#15023 = CARTESIAN_POINT('',(0.,-0.8));
#15024 = VECTOR('',#15025,1.);
#15025 = DIRECTION('',(1.,0.));
#15026 = ( GEOMETRIC_REPRESENTATION_CONTEXT(2) 
PARAMETRIC_REPRESENTATION_CONTEXT() REPRESENTATION_CONTEXT('2D SPACE',''
  ) );
#15027 = ORIENTED_EDGE('',*,*,#15028,.T.);
#15028 = EDGE_CURVE('',#14999,#15029,#15031,.T.);
#15029 = VERTEX_POINT('',#15030);
#15030 = CARTESIAN_POINT('',(32.506469726562,-10.95251464843,1.7));
#15031 = SURFACE_CURVE('',#15032,(#15036,#15043),.PCURVE_S1.);
#15032 = B_SPLINE_CURVE_WITH_KNOTS('',2,(#15033,#15034,#15035),
  .UNSPECIFIED.,.F.,.F.,(3,3),(0.,1.),.PIECEWISE_BEZIER_KNOTS.);
#15033 = CARTESIAN_POINT('',(32.04833984375,-11.21618652343,1.7));
#15034 = CARTESIAN_POINT('',(32.32080078125,-11.21618652343,1.7));
#15035 = CARTESIAN_POINT('',(32.506469726562,-10.95251464843,1.7));
#15036 = PCURVE('',#11967,#15037);
#15037 = DEFINITIONAL_REPRESENTATION('',(#15038),#15042);
#15038 = B_SPLINE_CURVE_WITH_KNOTS('',2,(#15039,#15040,#15041),
  .UNSPECIFIED.,.F.,.F.,(3,3),(0.,1.),.PIECEWISE_BEZIER_KNOTS.);
#15039 = CARTESIAN_POINT('',(1.237060546875,0.270263671875));
#15040 = CARTESIAN_POINT('',(1.509521484375,0.270263671875));
#15041 = CARTESIAN_POINT('',(1.695190429688,0.533935546875));
#15042 = ( GEOMETRIC_REPRESENTATION_CONTEXT(2) 
PARAMETRIC_REPRESENTATION_CONTEXT() REPRESENTATION_CONTEXT('2D SPACE',''
  ) );
#15043 = PCURVE('',#15044,#15051);
#15044 = SURFACE_OF_LINEAR_EXTRUSION('',#15045,#15049);
#15045 = B_SPLINE_CURVE_WITH_KNOTS('',2,(#15046,#15047,#15048),
  .UNSPECIFIED.,.F.,.F.,(3,3),(0.,1.),.PIECEWISE_BEZIER_KNOTS.);
#15046 = CARTESIAN_POINT('',(32.04833984375,-11.21618652343,2.5));
#15047 = CARTESIAN_POINT('',(32.32080078125,-11.21618652343,2.5));
#15048 = CARTESIAN_POINT('',(32.506469726562,-10.95251464843,2.5));
#15049 = VECTOR('',#15050,1.);
#15050 = DIRECTION('',(0.,0.,1.));
#15051 = DEFINITIONAL_REPRESENTATION('',(#15052),#15056);
#15052 = LINE('',#15053,#15054);
#15053 = CARTESIAN_POINT('',(0.,-0.8));
#15054 = VECTOR('',#15055,1.);
#15055 = DIRECTION('',(1.,0.));
#15056 = ( GEOMETRIC_REPRESENTATION_CONTEXT(2) 
PARAMETRIC_REPRESENTATION_CONTEXT() REPRESENTATION_CONTEXT('2D SPACE',''
  ) );
#15057 = ORIENTED_EDGE('',*,*,#15058,.T.);
#15058 = EDGE_CURVE('',#15029,#15059,#15061,.T.);
#15059 = VERTEX_POINT('',#15060);
#15060 = CARTESIAN_POINT('',(32.692138671875,-9.897827148438,1.7));
#15061 = SURFACE_CURVE('',#15062,(#15066,#15073),.PCURVE_S1.);
#15062 = B_SPLINE_CURVE_WITH_KNOTS('',2,(#15063,#15064,#15065),
  .UNSPECIFIED.,.F.,.F.,(3,3),(0.,1.),.PIECEWISE_BEZIER_KNOTS.);
#15063 = CARTESIAN_POINT('',(32.506469726562,-10.95251464843,1.7));
#15064 = CARTESIAN_POINT('',(32.692138671875,-10.68884277343,1.7));
#15065 = CARTESIAN_POINT('',(32.692138671875,-9.897827148438,1.7));
#15066 = PCURVE('',#11967,#15067);
#15067 = DEFINITIONAL_REPRESENTATION('',(#15068),#15072);
#15068 = B_SPLINE_CURVE_WITH_KNOTS('',2,(#15069,#15070,#15071),
  .UNSPECIFIED.,.F.,.F.,(3,3),(0.,1.),.PIECEWISE_BEZIER_KNOTS.);
#15069 = CARTESIAN_POINT('',(1.695190429688,0.533935546875));
#15070 = CARTESIAN_POINT('',(1.880859375,0.797607421875));
#15071 = CARTESIAN_POINT('',(1.880859375,1.588623046875));
#15072 = ( GEOMETRIC_REPRESENTATION_CONTEXT(2) 
PARAMETRIC_REPRESENTATION_CONTEXT() REPRESENTATION_CONTEXT('2D SPACE',''
  ) );
#15073 = PCURVE('',#15074,#15081);
#15074 = SURFACE_OF_LINEAR_EXTRUSION('',#15075,#15079);
#15075 = B_SPLINE_CURVE_WITH_KNOTS('',2,(#15076,#15077,#15078),
  .UNSPECIFIED.,.F.,.F.,(3,3),(0.,1.),.PIECEWISE_BEZIER_KNOTS.);
#15076 = CARTESIAN_POINT('',(32.506469726562,-10.95251464843,2.5));
#15077 = CARTESIAN_POINT('',(32.692138671875,-10.68884277343,2.5));
#15078 = CARTESIAN_POINT('',(32.692138671875,-9.897827148438,2.5));
#15079 = VECTOR('',#15080,1.);
#15080 = DIRECTION('',(0.,0.,1.));
#15081 = DEFINITIONAL_REPRESENTATION('',(#15082),#15086);
#15082 = LINE('',#15083,#15084);
#15083 = CARTESIAN_POINT('',(0.,-0.8));
#15084 = VECTOR('',#15085,1.);
#15085 = DIRECTION('',(1.,0.));
#15086 = ( GEOMETRIC_REPRESENTATION_CONTEXT(2) 
PARAMETRIC_REPRESENTATION_CONTEXT() REPRESENTATION_CONTEXT('2D SPACE',''
  ) );
#15087 = ORIENTED_EDGE('',*,*,#15088,.T.);
#15088 = EDGE_CURVE('',#15059,#15089,#15091,.T.);
#15089 = VERTEX_POINT('',#15090);
#15090 = CARTESIAN_POINT('',(32.506469726562,-8.840942382812,1.7));
#15091 = SURFACE_CURVE('',#15092,(#15096,#15103),.PCURVE_S1.);
#15092 = B_SPLINE_CURVE_WITH_KNOTS('',2,(#15093,#15094,#15095),
  .UNSPECIFIED.,.F.,.F.,(3,3),(0.,1.),.PIECEWISE_BEZIER_KNOTS.);
#15093 = CARTESIAN_POINT('',(32.692138671875,-9.897827148438,1.7));
#15094 = CARTESIAN_POINT('',(32.692138671875,-9.102416992188,1.7));
#15095 = CARTESIAN_POINT('',(32.506469726562,-8.840942382812,1.7));
#15096 = PCURVE('',#11967,#15097);
#15097 = DEFINITIONAL_REPRESENTATION('',(#15098),#15102);
#15098 = B_SPLINE_CURVE_WITH_KNOTS('',2,(#15099,#15100,#15101),
  .UNSPECIFIED.,.F.,.F.,(3,3),(0.,1.),.PIECEWISE_BEZIER_KNOTS.);
#15099 = CARTESIAN_POINT('',(1.880859375,1.588623046875));
#15100 = CARTESIAN_POINT('',(1.880859375,2.384033203125));
#15101 = CARTESIAN_POINT('',(1.695190429688,2.6455078125));
#15102 = ( GEOMETRIC_REPRESENTATION_CONTEXT(2) 
PARAMETRIC_REPRESENTATION_CONTEXT() REPRESENTATION_CONTEXT('2D SPACE',''
  ) );
#15103 = PCURVE('',#15104,#15111);
#15104 = SURFACE_OF_LINEAR_EXTRUSION('',#15105,#15109);
#15105 = B_SPLINE_CURVE_WITH_KNOTS('',2,(#15106,#15107,#15108),
  .UNSPECIFIED.,.F.,.F.,(3,3),(0.,1.),.PIECEWISE_BEZIER_KNOTS.);
#15106 = CARTESIAN_POINT('',(32.692138671875,-9.897827148438,2.5));
#15107 = CARTESIAN_POINT('',(32.692138671875,-9.102416992188,2.5));
#15108 = CARTESIAN_POINT('',(32.506469726562,-8.840942382812,2.5));
#15109 = VECTOR('',#15110,1.);
#15110 = DIRECTION('',(0.,0.,1.));
#15111 = DEFINITIONAL_REPRESENTATION('',(#15112),#15116);
#15112 = LINE('',#15113,#15114);
#15113 = CARTESIAN_POINT('',(0.,-0.8));
#15114 = VECTOR('',#15115,1.);
#15115 = DIRECTION('',(1.,0.));
#15116 = ( GEOMETRIC_REPRESENTATION_CONTEXT(2) 
PARAMETRIC_REPRESENTATION_CONTEXT() REPRESENTATION_CONTEXT('2D SPACE',''
  ) );
#15117 = ORIENTED_EDGE('',*,*,#15118,.T.);
#15118 = EDGE_CURVE('',#15089,#15119,#15121,.T.);
#15119 = VERTEX_POINT('',#15120);
#15120 = CARTESIAN_POINT('',(32.0439453125,-8.579467773438,1.7));
#15121 = SURFACE_CURVE('',#15122,(#15126,#15133),.PCURVE_S1.);
#15122 = B_SPLINE_CURVE_WITH_KNOTS('',2,(#15123,#15124,#15125),
  .UNSPECIFIED.,.F.,.F.,(3,3),(0.,1.),.PIECEWISE_BEZIER_KNOTS.);
#15123 = CARTESIAN_POINT('',(32.506469726562,-8.840942382812,1.7));
#15124 = CARTESIAN_POINT('',(32.32080078125,-8.579467773438,1.7));
#15125 = CARTESIAN_POINT('',(32.0439453125,-8.579467773438,1.7));
#15126 = PCURVE('',#11967,#15127);
#15127 = DEFINITIONAL_REPRESENTATION('',(#15128),#15132);
#15128 = B_SPLINE_CURVE_WITH_KNOTS('',2,(#15129,#15130,#15131),
  .UNSPECIFIED.,.F.,.F.,(3,3),(0.,1.),.PIECEWISE_BEZIER_KNOTS.);
#15129 = CARTESIAN_POINT('',(1.695190429688,2.6455078125));
#15130 = CARTESIAN_POINT('',(1.509521484375,2.906982421875));
#15131 = CARTESIAN_POINT('',(1.232666015625,2.906982421875));
#15132 = ( GEOMETRIC_REPRESENTATION_CONTEXT(2) 
PARAMETRIC_REPRESENTATION_CONTEXT() REPRESENTATION_CONTEXT('2D SPACE',''
  ) );
#15133 = PCURVE('',#15134,#15141);
#15134 = SURFACE_OF_LINEAR_EXTRUSION('',#15135,#15139);
#15135 = B_SPLINE_CURVE_WITH_KNOTS('',2,(#15136,#15137,#15138),
  .UNSPECIFIED.,.F.,.F.,(3,3),(0.,1.),.PIECEWISE_BEZIER_KNOTS.);
#15136 = CARTESIAN_POINT('',(32.506469726562,-8.840942382812,2.5));
#15137 = CARTESIAN_POINT('',(32.32080078125,-8.579467773438,2.5));
#15138 = CARTESIAN_POINT('',(32.0439453125,-8.579467773438,2.5));
#15139 = VECTOR('',#15140,1.);
#15140 = DIRECTION('',(0.,0.,1.));
#15141 = DEFINITIONAL_REPRESENTATION('',(#15142),#15146);
#15142 = LINE('',#15143,#15144);
#15143 = CARTESIAN_POINT('',(0.,-0.8));
#15144 = VECTOR('',#15145,1.);
#15145 = DIRECTION('',(1.,0.));
#15146 = ( GEOMETRIC_REPRESENTATION_CONTEXT(2) 
PARAMETRIC_REPRESENTATION_CONTEXT() REPRESENTATION_CONTEXT('2D SPACE',''
  ) );
#15147 = ORIENTED_EDGE('',*,*,#15148,.T.);
#15148 = EDGE_CURVE('',#15119,#15149,#15151,.T.);
#15149 = VERTEX_POINT('',#15150);
#15150 = CARTESIAN_POINT('',(31.60888671875,-8.810180664062,1.7));
#15151 = SURFACE_CURVE('',#15152,(#15156,#15163),.PCURVE_S1.);
#15152 = B_SPLINE_CURVE_WITH_KNOTS('',2,(#15153,#15154,#15155),
  .UNSPECIFIED.,.F.,.F.,(3,3),(0.,1.),.PIECEWISE_BEZIER_KNOTS.);
#15153 = CARTESIAN_POINT('',(32.0439453125,-8.579467773438,1.7));
#15154 = CARTESIAN_POINT('',(31.771484375,-8.579467773438,1.7));
#15155 = CARTESIAN_POINT('',(31.60888671875,-8.810180664062,1.7));
#15156 = PCURVE('',#11967,#15157);
#15157 = DEFINITIONAL_REPRESENTATION('',(#15158),#15162);
#15158 = B_SPLINE_CURVE_WITH_KNOTS('',2,(#15159,#15160,#15161),
  .UNSPECIFIED.,.F.,.F.,(3,3),(0.,1.),.PIECEWISE_BEZIER_KNOTS.);
#15159 = CARTESIAN_POINT('',(1.232666015625,2.906982421875));
#15160 = CARTESIAN_POINT('',(0.960205078125,2.906982421875));
#15161 = CARTESIAN_POINT('',(0.797607421875,2.67626953125));
#15162 = ( GEOMETRIC_REPRESENTATION_CONTEXT(2) 
PARAMETRIC_REPRESENTATION_CONTEXT() REPRESENTATION_CONTEXT('2D SPACE',''
  ) );
#15163 = PCURVE('',#15164,#15171);
#15164 = SURFACE_OF_LINEAR_EXTRUSION('',#15165,#15169);
#15165 = B_SPLINE_CURVE_WITH_KNOTS('',2,(#15166,#15167,#15168),
  .UNSPECIFIED.,.F.,.F.,(3,3),(0.,1.),.PIECEWISE_BEZIER_KNOTS.);
#15166 = CARTESIAN_POINT('',(32.0439453125,-8.579467773438,2.5));
#15167 = CARTESIAN_POINT('',(31.771484375,-8.579467773438,2.5));
#15168 = CARTESIAN_POINT('',(31.60888671875,-8.810180664062,2.5));
#15169 = VECTOR('',#15170,1.);
#15170 = DIRECTION('',(0.,0.,1.));
#15171 = DEFINITIONAL_REPRESENTATION('',(#15172),#15176);
#15172 = LINE('',#15173,#15174);
#15173 = CARTESIAN_POINT('',(0.,-0.8));
#15174 = VECTOR('',#15175,1.);
#15175 = DIRECTION('',(1.,0.));
#15176 = ( GEOMETRIC_REPRESENTATION_CONTEXT(2) 
PARAMETRIC_REPRESENTATION_CONTEXT() REPRESENTATION_CONTEXT('2D SPACE',''
  ) );
#15177 = ORIENTED_EDGE('',*,*,#15178,.T.);
#15178 = EDGE_CURVE('',#15149,#14967,#15179,.T.);
#15179 = SURFACE_CURVE('',#15180,(#15184,#15191),.PCURVE_S1.);
#15180 = B_SPLINE_CURVE_WITH_KNOTS('',2,(#15181,#15182,#15183),
  .UNSPECIFIED.,.F.,.F.,(3,3),(0.,1.),.PIECEWISE_BEZIER_KNOTS.);
#15181 = CARTESIAN_POINT('',(31.60888671875,-8.810180664062,1.7));
#15182 = CARTESIAN_POINT('',(31.404541015625,-9.104614257812,1.7));
#15183 = CARTESIAN_POINT('',(31.404541015625,-9.897827148438,1.7));
#15184 = PCURVE('',#11967,#15185);
#15185 = DEFINITIONAL_REPRESENTATION('',(#15186),#15190);
#15186 = B_SPLINE_CURVE_WITH_KNOTS('',2,(#15187,#15188,#15189),
  .UNSPECIFIED.,.F.,.F.,(3,3),(0.,1.),.PIECEWISE_BEZIER_KNOTS.);
#15187 = CARTESIAN_POINT('',(0.797607421875,2.67626953125));
#15188 = CARTESIAN_POINT('',(0.59326171875,2.3818359375));
#15189 = CARTESIAN_POINT('',(0.59326171875,1.588623046875));
#15190 = ( GEOMETRIC_REPRESENTATION_CONTEXT(2) 
PARAMETRIC_REPRESENTATION_CONTEXT() REPRESENTATION_CONTEXT('2D SPACE',''
  ) );
#15191 = PCURVE('',#15192,#15199);
#15192 = SURFACE_OF_LINEAR_EXTRUSION('',#15193,#15197);
#15193 = B_SPLINE_CURVE_WITH_KNOTS('',2,(#15194,#15195,#15196),
  .UNSPECIFIED.,.F.,.F.,(3,3),(0.,1.),.PIECEWISE_BEZIER_KNOTS.);
#15194 = CARTESIAN_POINT('',(31.60888671875,-8.810180664062,2.5));
#15195 = CARTESIAN_POINT('',(31.404541015625,-9.104614257812,2.5));
#15196 = CARTESIAN_POINT('',(31.404541015625,-9.897827148438,2.5));
#15197 = VECTOR('',#15198,1.);
#15198 = DIRECTION('',(0.,0.,1.));
#15199 = DEFINITIONAL_REPRESENTATION('',(#15200),#15204);
#15200 = LINE('',#15201,#15202);
#15201 = CARTESIAN_POINT('',(0.,-0.8));
#15202 = VECTOR('',#15203,1.);
#15203 = DIRECTION('',(1.,0.));
#15204 = ( GEOMETRIC_REPRESENTATION_CONTEXT(2) 
PARAMETRIC_REPRESENTATION_CONTEXT() REPRESENTATION_CONTEXT('2D SPACE',''
  ) );
#15205 = ADVANCED_FACE('',(#15206),#12560,.T.);
#15206 = FACE_BOUND('',#15207,.F.);
#15207 = EDGE_LOOP('',(#15208,#15209,#15210,#15211,#15212,#15213,#15214,
    #15215,#15216));
#15208 = ORIENTED_EDGE('',*,*,#12941,.T.);
#15209 = ORIENTED_EDGE('',*,*,#12914,.T.);
#15210 = ORIENTED_EDGE('',*,*,#12865,.T.);
#15211 = ORIENTED_EDGE('',*,*,#12816,.T.);
#15212 = ORIENTED_EDGE('',*,*,#12767,.T.);
#15213 = ORIENTED_EDGE('',*,*,#12718,.T.);
#15214 = ORIENTED_EDGE('',*,*,#12669,.T.);
#15215 = ORIENTED_EDGE('',*,*,#12620,.T.);
#15216 = ORIENTED_EDGE('',*,*,#12544,.T.);
#15217 = ADVANCED_FACE('',(#15218,#15232),#13006,.T.);
#15218 = FACE_BOUND('',#15219,.F.);
#15219 = EDGE_LOOP('',(#15220,#15221,#15222,#15223,#15224,#15225,#15226,
    #15227,#15228,#15229,#15230,#15231));
#15220 = ORIENTED_EDGE('',*,*,#13534,.T.);
#15221 = ORIENTED_EDGE('',*,*,#13507,.T.);
#15222 = ORIENTED_EDGE('',*,*,#13458,.T.);
#15223 = ORIENTED_EDGE('',*,*,#13409,.T.);
#15224 = ORIENTED_EDGE('',*,*,#13360,.T.);
#15225 = ORIENTED_EDGE('',*,*,#13311,.T.);
#15226 = ORIENTED_EDGE('',*,*,#13262,.T.);
#15227 = ORIENTED_EDGE('',*,*,#13213,.T.);
#15228 = ORIENTED_EDGE('',*,*,#13164,.T.);
#15229 = ORIENTED_EDGE('',*,*,#13115,.T.);
#15230 = ORIENTED_EDGE('',*,*,#13066,.T.);
#15231 = ORIENTED_EDGE('',*,*,#12990,.T.);
#15232 = FACE_BOUND('',#15233,.F.);
#15233 = EDGE_LOOP('',(#15234,#15266,#15296,#15326,#15356,#15386,#15416,
    #15446));
#15234 = ORIENTED_EDGE('',*,*,#15235,.T.);
#15235 = EDGE_CURVE('',#15236,#15238,#15240,.T.);
#15236 = VERTEX_POINT('',#15237);
#15237 = CARTESIAN_POINT('',(65.9072265625,-9.897827148438,1.7));
#15238 = VERTEX_POINT('',#15239);
#15239 = CARTESIAN_POINT('',(66.092895507812,-10.95361328125,1.7));
#15240 = SURFACE_CURVE('',#15241,(#15245,#15252),.PCURVE_S1.);
#15241 = B_SPLINE_CURVE_WITH_KNOTS('',2,(#15242,#15243,#15244),
  .UNSPECIFIED.,.F.,.F.,(3,3),(0.,1.),.PIECEWISE_BEZIER_KNOTS.);
#15242 = CARTESIAN_POINT('',(65.9072265625,-9.897827148438,1.7));
#15243 = CARTESIAN_POINT('',(65.9072265625,-10.69104003906,1.7));
#15244 = CARTESIAN_POINT('',(66.092895507812,-10.95361328125,1.7));
#15245 = PCURVE('',#13006,#15246);
#15246 = DEFINITIONAL_REPRESENTATION('',(#15247),#15251);
#15247 = B_SPLINE_CURVE_WITH_KNOTS('',2,(#15248,#15249,#15250),
  .UNSPECIFIED.,.F.,.F.,(3,3),(0.,1.),.PIECEWISE_BEZIER_KNOTS.);
#15248 = CARTESIAN_POINT('',(0.59326171875,1.588623046875));
#15249 = CARTESIAN_POINT('',(0.59326171875,0.79541015625));
#15250 = CARTESIAN_POINT('',(0.778930664062,0.532836914062));
#15251 = ( GEOMETRIC_REPRESENTATION_CONTEXT(2) 
PARAMETRIC_REPRESENTATION_CONTEXT() REPRESENTATION_CONTEXT('2D SPACE',''
  ) );
#15252 = PCURVE('',#15253,#15260);
#15253 = SURFACE_OF_LINEAR_EXTRUSION('',#15254,#15258);
#15254 = B_SPLINE_CURVE_WITH_KNOTS('',2,(#15255,#15256,#15257),
  .UNSPECIFIED.,.F.,.F.,(3,3),(0.,1.),.PIECEWISE_BEZIER_KNOTS.);
#15255 = CARTESIAN_POINT('',(65.9072265625,-9.897827148438,2.5));
#15256 = CARTESIAN_POINT('',(65.9072265625,-10.69104003906,2.5));
#15257 = CARTESIAN_POINT('',(66.092895507812,-10.95361328125,2.5));
#15258 = VECTOR('',#15259,1.);
#15259 = DIRECTION('',(0.,0.,1.));
#15260 = DEFINITIONAL_REPRESENTATION('',(#15261),#15265);
#15261 = LINE('',#15262,#15263);
#15262 = CARTESIAN_POINT('',(0.,-0.8));
#15263 = VECTOR('',#15264,1.);
#15264 = DIRECTION('',(1.,0.));
#15265 = ( GEOMETRIC_REPRESENTATION_CONTEXT(2) 
PARAMETRIC_REPRESENTATION_CONTEXT() REPRESENTATION_CONTEXT('2D SPACE',''
  ) );
#15266 = ORIENTED_EDGE('',*,*,#15267,.T.);
#15267 = EDGE_CURVE('',#15238,#15268,#15270,.T.);
#15268 = VERTEX_POINT('',#15269);
#15269 = CARTESIAN_POINT('',(66.551025390625,-11.21618652343,1.7));
#15270 = SURFACE_CURVE('',#15271,(#15275,#15282),.PCURVE_S1.);
#15271 = B_SPLINE_CURVE_WITH_KNOTS('',2,(#15272,#15273,#15274),
  .UNSPECIFIED.,.F.,.F.,(3,3),(0.,1.),.PIECEWISE_BEZIER_KNOTS.);
#15272 = CARTESIAN_POINT('',(66.092895507812,-10.95361328125,1.7));
#15273 = CARTESIAN_POINT('',(66.278564453125,-11.21618652343,1.7));
#15274 = CARTESIAN_POINT('',(66.551025390625,-11.21618652343,1.7));
#15275 = PCURVE('',#13006,#15276);
#15276 = DEFINITIONAL_REPRESENTATION('',(#15277),#15281);
#15277 = B_SPLINE_CURVE_WITH_KNOTS('',2,(#15278,#15279,#15280),
  .UNSPECIFIED.,.F.,.F.,(3,3),(0.,1.),.PIECEWISE_BEZIER_KNOTS.);
#15278 = CARTESIAN_POINT('',(0.778930664062,0.532836914062));
#15279 = CARTESIAN_POINT('',(0.964599609375,0.270263671875));
#15280 = CARTESIAN_POINT('',(1.237060546875,0.270263671875));
#15281 = ( GEOMETRIC_REPRESENTATION_CONTEXT(2) 
PARAMETRIC_REPRESENTATION_CONTEXT() REPRESENTATION_CONTEXT('2D SPACE',''
  ) );
#15282 = PCURVE('',#15283,#15290);
#15283 = SURFACE_OF_LINEAR_EXTRUSION('',#15284,#15288);
#15284 = B_SPLINE_CURVE_WITH_KNOTS('',2,(#15285,#15286,#15287),
  .UNSPECIFIED.,.F.,.F.,(3,3),(0.,1.),.PIECEWISE_BEZIER_KNOTS.);
#15285 = CARTESIAN_POINT('',(66.092895507812,-10.95361328125,2.5));
#15286 = CARTESIAN_POINT('',(66.278564453125,-11.21618652343,2.5));
#15287 = CARTESIAN_POINT('',(66.551025390625,-11.21618652343,2.5));
#15288 = VECTOR('',#15289,1.);
#15289 = DIRECTION('',(0.,0.,1.));
#15290 = DEFINITIONAL_REPRESENTATION('',(#15291),#15295);
#15291 = LINE('',#15292,#15293);
#15292 = CARTESIAN_POINT('',(0.,-0.8));
#15293 = VECTOR('',#15294,1.);
#15294 = DIRECTION('',(1.,0.));
#15295 = ( GEOMETRIC_REPRESENTATION_CONTEXT(2) 
PARAMETRIC_REPRESENTATION_CONTEXT() REPRESENTATION_CONTEXT('2D SPACE',''
  ) );
#15296 = ORIENTED_EDGE('',*,*,#15297,.T.);
#15297 = EDGE_CURVE('',#15268,#15298,#15300,.T.);
#15298 = VERTEX_POINT('',#15299);
#15299 = CARTESIAN_POINT('',(67.009155273438,-10.95251464843,1.7));
#15300 = SURFACE_CURVE('',#15301,(#15305,#15312),.PCURVE_S1.);
#15301 = B_SPLINE_CURVE_WITH_KNOTS('',2,(#15302,#15303,#15304),
  .UNSPECIFIED.,.F.,.F.,(3,3),(0.,1.),.PIECEWISE_BEZIER_KNOTS.);
#15302 = CARTESIAN_POINT('',(66.551025390625,-11.21618652343,1.7));
#15303 = CARTESIAN_POINT('',(66.823486328125,-11.21618652343,1.7));
#15304 = CARTESIAN_POINT('',(67.009155273438,-10.95251464843,1.7));
#15305 = PCURVE('',#13006,#15306);
#15306 = DEFINITIONAL_REPRESENTATION('',(#15307),#15311);
#15307 = B_SPLINE_CURVE_WITH_KNOTS('',2,(#15308,#15309,#15310),
  .UNSPECIFIED.,.F.,.F.,(3,3),(0.,1.),.PIECEWISE_BEZIER_KNOTS.);
#15308 = CARTESIAN_POINT('',(1.237060546875,0.270263671875));
#15309 = CARTESIAN_POINT('',(1.509521484375,0.270263671875));
#15310 = CARTESIAN_POINT('',(1.695190429688,0.533935546875));
#15311 = ( GEOMETRIC_REPRESENTATION_CONTEXT(2) 
PARAMETRIC_REPRESENTATION_CONTEXT() REPRESENTATION_CONTEXT('2D SPACE',''
  ) );
#15312 = PCURVE('',#15313,#15320);
#15313 = SURFACE_OF_LINEAR_EXTRUSION('',#15314,#15318);
#15314 = B_SPLINE_CURVE_WITH_KNOTS('',2,(#15315,#15316,#15317),
  .UNSPECIFIED.,.F.,.F.,(3,3),(0.,1.),.PIECEWISE_BEZIER_KNOTS.);
#15315 = CARTESIAN_POINT('',(66.551025390625,-11.21618652343,2.5));
#15316 = CARTESIAN_POINT('',(66.823486328125,-11.21618652343,2.5));
#15317 = CARTESIAN_POINT('',(67.009155273438,-10.95251464843,2.5));
#15318 = VECTOR('',#15319,1.);
#15319 = DIRECTION('',(0.,0.,1.));
#15320 = DEFINITIONAL_REPRESENTATION('',(#15321),#15325);
#15321 = LINE('',#15322,#15323);
#15322 = CARTESIAN_POINT('',(0.,-0.8));
#15323 = VECTOR('',#15324,1.);
#15324 = DIRECTION('',(1.,0.));
#15325 = ( GEOMETRIC_REPRESENTATION_CONTEXT(2) 
PARAMETRIC_REPRESENTATION_CONTEXT() REPRESENTATION_CONTEXT('2D SPACE',''
  ) );
#15326 = ORIENTED_EDGE('',*,*,#15327,.T.);
#15327 = EDGE_CURVE('',#15298,#15328,#15330,.T.);
#15328 = VERTEX_POINT('',#15329);
#15329 = CARTESIAN_POINT('',(67.19482421875,-9.897827148438,1.7));
#15330 = SURFACE_CURVE('',#15331,(#15335,#15342),.PCURVE_S1.);
#15331 = B_SPLINE_CURVE_WITH_KNOTS('',2,(#15332,#15333,#15334),
  .UNSPECIFIED.,.F.,.F.,(3,3),(0.,1.),.PIECEWISE_BEZIER_KNOTS.);
#15332 = CARTESIAN_POINT('',(67.009155273438,-10.95251464843,1.7));
#15333 = CARTESIAN_POINT('',(67.19482421875,-10.68884277343,1.7));
#15334 = CARTESIAN_POINT('',(67.19482421875,-9.897827148438,1.7));
#15335 = PCURVE('',#13006,#15336);
#15336 = DEFINITIONAL_REPRESENTATION('',(#15337),#15341);
#15337 = B_SPLINE_CURVE_WITH_KNOTS('',2,(#15338,#15339,#15340),
  .UNSPECIFIED.,.F.,.F.,(3,3),(0.,1.),.PIECEWISE_BEZIER_KNOTS.);
#15338 = CARTESIAN_POINT('',(1.695190429688,0.533935546875));
#15339 = CARTESIAN_POINT('',(1.880859375,0.797607421875));
#15340 = CARTESIAN_POINT('',(1.880859375,1.588623046875));
#15341 = ( GEOMETRIC_REPRESENTATION_CONTEXT(2) 
PARAMETRIC_REPRESENTATION_CONTEXT() REPRESENTATION_CONTEXT('2D SPACE',''
  ) );
#15342 = PCURVE('',#15343,#15350);
#15343 = SURFACE_OF_LINEAR_EXTRUSION('',#15344,#15348);
#15344 = B_SPLINE_CURVE_WITH_KNOTS('',2,(#15345,#15346,#15347),
  .UNSPECIFIED.,.F.,.F.,(3,3),(0.,1.),.PIECEWISE_BEZIER_KNOTS.);
#15345 = CARTESIAN_POINT('',(67.009155273438,-10.95251464843,2.5));
#15346 = CARTESIAN_POINT('',(67.19482421875,-10.68884277343,2.5));
#15347 = CARTESIAN_POINT('',(67.19482421875,-9.897827148438,2.5));
#15348 = VECTOR('',#15349,1.);
#15349 = DIRECTION('',(0.,0.,1.));
#15350 = DEFINITIONAL_REPRESENTATION('',(#15351),#15355);
#15351 = LINE('',#15352,#15353);
#15352 = CARTESIAN_POINT('',(0.,-0.8));
#15353 = VECTOR('',#15354,1.);
#15354 = DIRECTION('',(1.,0.));
#15355 = ( GEOMETRIC_REPRESENTATION_CONTEXT(2) 
PARAMETRIC_REPRESENTATION_CONTEXT() REPRESENTATION_CONTEXT('2D SPACE',''
  ) );
#15356 = ORIENTED_EDGE('',*,*,#15357,.T.);
#15357 = EDGE_CURVE('',#15328,#15358,#15360,.T.);
#15358 = VERTEX_POINT('',#15359);
#15359 = CARTESIAN_POINT('',(67.009155273438,-8.840942382812,1.7));
#15360 = SURFACE_CURVE('',#15361,(#15365,#15372),.PCURVE_S1.);
#15361 = B_SPLINE_CURVE_WITH_KNOTS('',2,(#15362,#15363,#15364),
  .UNSPECIFIED.,.F.,.F.,(3,3),(0.,1.),.PIECEWISE_BEZIER_KNOTS.);
#15362 = CARTESIAN_POINT('',(67.19482421875,-9.897827148438,1.7));
#15363 = CARTESIAN_POINT('',(67.19482421875,-9.102416992188,1.7));
#15364 = CARTESIAN_POINT('',(67.009155273438,-8.840942382812,1.7));
#15365 = PCURVE('',#13006,#15366);
#15366 = DEFINITIONAL_REPRESENTATION('',(#15367),#15371);
#15367 = B_SPLINE_CURVE_WITH_KNOTS('',2,(#15368,#15369,#15370),
  .UNSPECIFIED.,.F.,.F.,(3,3),(0.,1.),.PIECEWISE_BEZIER_KNOTS.);
#15368 = CARTESIAN_POINT('',(1.880859375,1.588623046875));
#15369 = CARTESIAN_POINT('',(1.880859375,2.384033203125));
#15370 = CARTESIAN_POINT('',(1.695190429688,2.6455078125));
#15371 = ( GEOMETRIC_REPRESENTATION_CONTEXT(2) 
PARAMETRIC_REPRESENTATION_CONTEXT() REPRESENTATION_CONTEXT('2D SPACE',''
  ) );
#15372 = PCURVE('',#15373,#15380);
#15373 = SURFACE_OF_LINEAR_EXTRUSION('',#15374,#15378);
#15374 = B_SPLINE_CURVE_WITH_KNOTS('',2,(#15375,#15376,#15377),
  .UNSPECIFIED.,.F.,.F.,(3,3),(0.,1.),.PIECEWISE_BEZIER_KNOTS.);
#15375 = CARTESIAN_POINT('',(67.19482421875,-9.897827148438,2.5));
#15376 = CARTESIAN_POINT('',(67.19482421875,-9.102416992188,2.5));
#15377 = CARTESIAN_POINT('',(67.009155273438,-8.840942382812,2.5));
#15378 = VECTOR('',#15379,1.);
#15379 = DIRECTION('',(0.,0.,1.));
#15380 = DEFINITIONAL_REPRESENTATION('',(#15381),#15385);
#15381 = LINE('',#15382,#15383);
#15382 = CARTESIAN_POINT('',(0.,-0.8));
#15383 = VECTOR('',#15384,1.);
#15384 = DIRECTION('',(1.,0.));
#15385 = ( GEOMETRIC_REPRESENTATION_CONTEXT(2) 
PARAMETRIC_REPRESENTATION_CONTEXT() REPRESENTATION_CONTEXT('2D SPACE',''
  ) );
#15386 = ORIENTED_EDGE('',*,*,#15387,.T.);
#15387 = EDGE_CURVE('',#15358,#15388,#15390,.T.);
#15388 = VERTEX_POINT('',#15389);
#15389 = CARTESIAN_POINT('',(66.546630859375,-8.579467773438,1.7));
#15390 = SURFACE_CURVE('',#15391,(#15395,#15402),.PCURVE_S1.);
#15391 = B_SPLINE_CURVE_WITH_KNOTS('',2,(#15392,#15393,#15394),
  .UNSPECIFIED.,.F.,.F.,(3,3),(0.,1.),.PIECEWISE_BEZIER_KNOTS.);
#15392 = CARTESIAN_POINT('',(67.009155273438,-8.840942382812,1.7));
#15393 = CARTESIAN_POINT('',(66.823486328125,-8.579467773438,1.7));
#15394 = CARTESIAN_POINT('',(66.546630859375,-8.579467773438,1.7));
#15395 = PCURVE('',#13006,#15396);
#15396 = DEFINITIONAL_REPRESENTATION('',(#15397),#15401);
#15397 = B_SPLINE_CURVE_WITH_KNOTS('',2,(#15398,#15399,#15400),
  .UNSPECIFIED.,.F.,.F.,(3,3),(0.,1.),.PIECEWISE_BEZIER_KNOTS.);
#15398 = CARTESIAN_POINT('',(1.695190429688,2.6455078125));
#15399 = CARTESIAN_POINT('',(1.509521484375,2.906982421875));
#15400 = CARTESIAN_POINT('',(1.232666015625,2.906982421875));
#15401 = ( GEOMETRIC_REPRESENTATION_CONTEXT(2) 
PARAMETRIC_REPRESENTATION_CONTEXT() REPRESENTATION_CONTEXT('2D SPACE',''
  ) );
#15402 = PCURVE('',#15403,#15410);
#15403 = SURFACE_OF_LINEAR_EXTRUSION('',#15404,#15408);
#15404 = B_SPLINE_CURVE_WITH_KNOTS('',2,(#15405,#15406,#15407),
  .UNSPECIFIED.,.F.,.F.,(3,3),(0.,1.),.PIECEWISE_BEZIER_KNOTS.);
#15405 = CARTESIAN_POINT('',(67.009155273438,-8.840942382812,2.5));
#15406 = CARTESIAN_POINT('',(66.823486328125,-8.579467773438,2.5));
#15407 = CARTESIAN_POINT('',(66.546630859375,-8.579467773438,2.5));
#15408 = VECTOR('',#15409,1.);
#15409 = DIRECTION('',(0.,0.,1.));
#15410 = DEFINITIONAL_REPRESENTATION('',(#15411),#15415);
#15411 = LINE('',#15412,#15413);
#15412 = CARTESIAN_POINT('',(0.,-0.8));
#15413 = VECTOR('',#15414,1.);
#15414 = DIRECTION('',(1.,0.));
#15415 = ( GEOMETRIC_REPRESENTATION_CONTEXT(2) 
PARAMETRIC_REPRESENTATION_CONTEXT() REPRESENTATION_CONTEXT('2D SPACE',''
  ) );
#15416 = ORIENTED_EDGE('',*,*,#15417,.T.);
#15417 = EDGE_CURVE('',#15388,#15418,#15420,.T.);
#15418 = VERTEX_POINT('',#15419);
#15419 = CARTESIAN_POINT('',(66.111572265625,-8.810180664062,1.7));
#15420 = SURFACE_CURVE('',#15421,(#15425,#15432),.PCURVE_S1.);
#15421 = B_SPLINE_CURVE_WITH_KNOTS('',2,(#15422,#15423,#15424),
  .UNSPECIFIED.,.F.,.F.,(3,3),(0.,1.),.PIECEWISE_BEZIER_KNOTS.);
#15422 = CARTESIAN_POINT('',(66.546630859375,-8.579467773438,1.7));
#15423 = CARTESIAN_POINT('',(66.274169921875,-8.579467773438,1.7));
#15424 = CARTESIAN_POINT('',(66.111572265625,-8.810180664062,1.7));
#15425 = PCURVE('',#13006,#15426);
#15426 = DEFINITIONAL_REPRESENTATION('',(#15427),#15431);
#15427 = B_SPLINE_CURVE_WITH_KNOTS('',2,(#15428,#15429,#15430),
  .UNSPECIFIED.,.F.,.F.,(3,3),(0.,1.),.PIECEWISE_BEZIER_KNOTS.);
#15428 = CARTESIAN_POINT('',(1.232666015625,2.906982421875));
#15429 = CARTESIAN_POINT('',(0.960205078125,2.906982421875));
#15430 = CARTESIAN_POINT('',(0.797607421875,2.67626953125));
#15431 = ( GEOMETRIC_REPRESENTATION_CONTEXT(2) 
PARAMETRIC_REPRESENTATION_CONTEXT() REPRESENTATION_CONTEXT('2D SPACE',''
  ) );
#15432 = PCURVE('',#15433,#15440);
#15433 = SURFACE_OF_LINEAR_EXTRUSION('',#15434,#15438);
#15434 = B_SPLINE_CURVE_WITH_KNOTS('',2,(#15435,#15436,#15437),
  .UNSPECIFIED.,.F.,.F.,(3,3),(0.,1.),.PIECEWISE_BEZIER_KNOTS.);
#15435 = CARTESIAN_POINT('',(66.546630859375,-8.579467773438,2.5));
#15436 = CARTESIAN_POINT('',(66.274169921875,-8.579467773438,2.5));
#15437 = CARTESIAN_POINT('',(66.111572265625,-8.810180664062,2.5));
#15438 = VECTOR('',#15439,1.);
#15439 = DIRECTION('',(0.,0.,1.));
#15440 = DEFINITIONAL_REPRESENTATION('',(#15441),#15445);
#15441 = LINE('',#15442,#15443);
#15442 = CARTESIAN_POINT('',(0.,-0.8));
#15443 = VECTOR('',#15444,1.);
#15444 = DIRECTION('',(1.,0.));
#15445 = ( GEOMETRIC_REPRESENTATION_CONTEXT(2) 
PARAMETRIC_REPRESENTATION_CONTEXT() REPRESENTATION_CONTEXT('2D SPACE',''
  ) );
#15446 = ORIENTED_EDGE('',*,*,#15447,.T.);
#15447 = EDGE_CURVE('',#15418,#15236,#15448,.T.);
#15448 = SURFACE_CURVE('',#15449,(#15453,#15460),.PCURVE_S1.);
#15449 = B_SPLINE_CURVE_WITH_KNOTS('',2,(#15450,#15451,#15452),
  .UNSPECIFIED.,.F.,.F.,(3,3),(0.,1.),.PIECEWISE_BEZIER_KNOTS.);
#15450 = CARTESIAN_POINT('',(66.111572265625,-8.810180664062,1.7));
#15451 = CARTESIAN_POINT('',(65.9072265625,-9.104614257812,1.7));
#15452 = CARTESIAN_POINT('',(65.9072265625,-9.897827148438,1.7));
#15453 = PCURVE('',#13006,#15454);
#15454 = DEFINITIONAL_REPRESENTATION('',(#15455),#15459);
#15455 = B_SPLINE_CURVE_WITH_KNOTS('',2,(#15456,#15457,#15458),
  .UNSPECIFIED.,.F.,.F.,(3,3),(0.,1.),.PIECEWISE_BEZIER_KNOTS.);
#15456 = CARTESIAN_POINT('',(0.797607421875,2.67626953125));
#15457 = CARTESIAN_POINT('',(0.59326171875,2.3818359375));
#15458 = CARTESIAN_POINT('',(0.59326171875,1.588623046875));
#15459 = ( GEOMETRIC_REPRESENTATION_CONTEXT(2) 
PARAMETRIC_REPRESENTATION_CONTEXT() REPRESENTATION_CONTEXT('2D SPACE',''
  ) );
#15460 = PCURVE('',#15461,#15468);
#15461 = SURFACE_OF_LINEAR_EXTRUSION('',#15462,#15466);
#15462 = B_SPLINE_CURVE_WITH_KNOTS('',2,(#15463,#15464,#15465),
  .UNSPECIFIED.,.F.,.F.,(3,3),(0.,1.),.PIECEWISE_BEZIER_KNOTS.);
#15463 = CARTESIAN_POINT('',(66.111572265625,-8.810180664062,2.5));
#15464 = CARTESIAN_POINT('',(65.9072265625,-9.104614257812,2.5));
#15465 = CARTESIAN_POINT('',(65.9072265625,-9.897827148438,2.5));
#15466 = VECTOR('',#15467,1.);
#15467 = DIRECTION('',(0.,0.,1.));
#15468 = DEFINITIONAL_REPRESENTATION('',(#15469),#15473);
#15469 = LINE('',#15470,#15471);
#15470 = CARTESIAN_POINT('',(0.,-0.8));
#15471 = VECTOR('',#15472,1.);
#15472 = DIRECTION('',(1.,0.));
#15473 = ( GEOMETRIC_REPRESENTATION_CONTEXT(2) 
PARAMETRIC_REPRESENTATION_CONTEXT() REPRESENTATION_CONTEXT('2D SPACE',''
  ) );
#15474 = ADVANCED_FACE('',(#15475,#15501),#13624,.T.);
#15475 = FACE_BOUND('',#15476,.T.);
#15476 = EDGE_LOOP('',(#15477));
#15477 = ORIENTED_EDGE('',*,*,#15478,.T.);
#15478 = EDGE_CURVE('',#15479,#15479,#15481,.T.);
#15479 = VERTEX_POINT('',#15480);
#15480 = CARTESIAN_POINT('',(-53.1,6.,4.5));
#15481 = SURFACE_CURVE('',#15482,(#15487,#15494),.PCURVE_S1.);
#15482 = CIRCLE('',#15483,10.9);
#15483 = AXIS2_PLACEMENT_3D('',#15484,#15485,#15486);
#15484 = CARTESIAN_POINT('',(-64.,6.,4.5));
#15485 = DIRECTION('',(0.,0.,1.));
#15486 = DIRECTION('',(1.,0.,0.));
#15487 = PCURVE('',#13624,#15488);
#15488 = DEFINITIONAL_REPRESENTATION('',(#15489),#15493);
#15489 = CIRCLE('',#15490,10.9);
#15490 = AXIS2_PLACEMENT_2D('',#15491,#15492);
#15491 = CARTESIAN_POINT('',(1.42108547152E-14,-8.881784197001E-16));
#15492 = DIRECTION('',(1.,0.));
#15493 = ( GEOMETRIC_REPRESENTATION_CONTEXT(2) 
PARAMETRIC_REPRESENTATION_CONTEXT() REPRESENTATION_CONTEXT('2D SPACE',''
  ) );
#15494 = PCURVE('',#13904,#15495);
#15495 = DEFINITIONAL_REPRESENTATION('',(#15496),#15500);
#15496 = LINE('',#15497,#15498);
#15497 = CARTESIAN_POINT('',(-0.,0.));
#15498 = VECTOR('',#15499,1.);
#15499 = DIRECTION('',(-1.,0.));
#15500 = ( GEOMETRIC_REPRESENTATION_CONTEXT(2) 
PARAMETRIC_REPRESENTATION_CONTEXT() REPRESENTATION_CONTEXT('2D SPACE',''
  ) );
#15501 = FACE_BOUND('',#15502,.T.);
#15502 = EDGE_LOOP('',(#15503));
#15503 = ORIENTED_EDGE('',*,*,#13609,.T.);
#15504 = ADVANCED_FACE('',(#15505,#15531),#13683,.T.);
#15505 = FACE_BOUND('',#15506,.T.);
#15506 = EDGE_LOOP('',(#15507));
#15507 = ORIENTED_EDGE('',*,*,#15508,.T.);
#15508 = EDGE_CURVE('',#15509,#15509,#15511,.T.);
#15509 = VERTEX_POINT('',#15510);
#15510 = CARTESIAN_POINT('',(-21.05,6.,4.5));
#15511 = SURFACE_CURVE('',#15512,(#15517,#15524),.PCURVE_S1.);
#15512 = CIRCLE('',#15513,10.95);
#15513 = AXIS2_PLACEMENT_3D('',#15514,#15515,#15516);
#15514 = CARTESIAN_POINT('',(-32.,6.,4.5));
#15515 = DIRECTION('',(0.,0.,1.));
#15516 = DIRECTION('',(1.,0.,0.));
#15517 = PCURVE('',#13683,#15518);
#15518 = DEFINITIONAL_REPRESENTATION('',(#15519),#15523);
#15519 = CIRCLE('',#15520,10.95);
#15520 = AXIS2_PLACEMENT_2D('',#15521,#15522);
#15521 = CARTESIAN_POINT('',(7.105427357601E-15,-8.881784197001E-16));
#15522 = DIRECTION('',(1.,0.));
#15523 = ( GEOMETRIC_REPRESENTATION_CONTEXT(2) 
PARAMETRIC_REPRESENTATION_CONTEXT() REPRESENTATION_CONTEXT('2D SPACE',''
  ) );
#15524 = PCURVE('',#13943,#15525);
#15525 = DEFINITIONAL_REPRESENTATION('',(#15526),#15530);
#15526 = LINE('',#15527,#15528);
#15527 = CARTESIAN_POINT('',(-0.,0.));
#15528 = VECTOR('',#15529,1.);
#15529 = DIRECTION('',(-1.,0.));
#15530 = ( GEOMETRIC_REPRESENTATION_CONTEXT(2) 
PARAMETRIC_REPRESENTATION_CONTEXT() REPRESENTATION_CONTEXT('2D SPACE',''
  ) );
#15531 = FACE_BOUND('',#15532,.T.);
#15532 = EDGE_LOOP('',(#15533));
#15533 = ORIENTED_EDGE('',*,*,#13668,.T.);
#15534 = ADVANCED_FACE('',(#15535,#15561),#13742,.T.);
#15535 = FACE_BOUND('',#15536,.T.);
#15536 = EDGE_LOOP('',(#15537));
#15537 = ORIENTED_EDGE('',*,*,#15538,.T.);
#15538 = EDGE_CURVE('',#15539,#15539,#15541,.T.);
#15539 = VERTEX_POINT('',#15540);
#15540 = CARTESIAN_POINT('',(11.,6.,4.5));
#15541 = SURFACE_CURVE('',#15542,(#15547,#15554),.PCURVE_S1.);
#15542 = CIRCLE('',#15543,11.);
#15543 = AXIS2_PLACEMENT_3D('',#15544,#15545,#15546);
#15544 = CARTESIAN_POINT('',(0.,6.,4.5));
#15545 = DIRECTION('',(0.,0.,1.));
#15546 = DIRECTION('',(1.,0.,0.));
#15547 = PCURVE('',#13742,#15548);
#15548 = DEFINITIONAL_REPRESENTATION('',(#15549),#15553);
#15549 = CIRCLE('',#15550,11.);
#15550 = AXIS2_PLACEMENT_2D('',#15551,#15552);
#15551 = CARTESIAN_POINT('',(9.945019145741E-16,0.));
#15552 = DIRECTION('',(1.,0.));
#15553 = ( GEOMETRIC_REPRESENTATION_CONTEXT(2) 
PARAMETRIC_REPRESENTATION_CONTEXT() REPRESENTATION_CONTEXT('2D SPACE',''
  ) );
#15554 = PCURVE('',#14021,#15555);
#15555 = DEFINITIONAL_REPRESENTATION('',(#15556),#15560);
#15556 = LINE('',#15557,#15558);
#15557 = CARTESIAN_POINT('',(-0.,0.));
#15558 = VECTOR('',#15559,1.);
#15559 = DIRECTION('',(-1.,0.));
#15560 = ( GEOMETRIC_REPRESENTATION_CONTEXT(2) 
PARAMETRIC_REPRESENTATION_CONTEXT() REPRESENTATION_CONTEXT('2D SPACE',''
  ) );
#15561 = FACE_BOUND('',#15562,.T.);
#15562 = EDGE_LOOP('',(#15563));
#15563 = ORIENTED_EDGE('',*,*,#13727,.T.);
#15564 = ADVANCED_FACE('',(#15565,#15591),#13801,.T.);
#15565 = FACE_BOUND('',#15566,.T.);
#15566 = EDGE_LOOP('',(#15567));
#15567 = ORIENTED_EDGE('',*,*,#15568,.T.);
#15568 = EDGE_CURVE('',#15569,#15569,#15571,.T.);
#15569 = VERTEX_POINT('',#15570);
#15570 = CARTESIAN_POINT('',(43.025,6.,4.5));
#15571 = SURFACE_CURVE('',#15572,(#15577,#15584),.PCURVE_S1.);
#15572 = CIRCLE('',#15573,11.025);
#15573 = AXIS2_PLACEMENT_3D('',#15574,#15575,#15576);
#15574 = CARTESIAN_POINT('',(32.,6.,4.5));
#15575 = DIRECTION('',(0.,0.,1.));
#15576 = DIRECTION('',(1.,0.,0.));
#15577 = PCURVE('',#13801,#15578);
#15578 = DEFINITIONAL_REPRESENTATION('',(#15579),#15583);
#15579 = CIRCLE('',#15580,11.025);
#15580 = AXIS2_PLACEMENT_2D('',#15581,#15582);
#15581 = CARTESIAN_POINT('',(0.,-1.7763568394E-15));
#15582 = DIRECTION('',(1.,0.));
#15583 = ( GEOMETRIC_REPRESENTATION_CONTEXT(2) 
PARAMETRIC_REPRESENTATION_CONTEXT() REPRESENTATION_CONTEXT('2D SPACE',''
  ) );
#15584 = PCURVE('',#14060,#15585);
#15585 = DEFINITIONAL_REPRESENTATION('',(#15586),#15590);
#15586 = LINE('',#15587,#15588);
#15587 = CARTESIAN_POINT('',(-0.,0.));
#15588 = VECTOR('',#15589,1.);
#15589 = DIRECTION('',(-1.,0.));
#15590 = ( GEOMETRIC_REPRESENTATION_CONTEXT(2) 
PARAMETRIC_REPRESENTATION_CONTEXT() REPRESENTATION_CONTEXT('2D SPACE',''
  ) );
#15591 = FACE_BOUND('',#15592,.T.);
#15592 = EDGE_LOOP('',(#15593));
#15593 = ORIENTED_EDGE('',*,*,#13786,.T.);
#15594 = ADVANCED_FACE('',(#15595,#15621),#13860,.T.);
#15595 = FACE_BOUND('',#15596,.T.);
#15596 = EDGE_LOOP('',(#15597));
#15597 = ORIENTED_EDGE('',*,*,#15598,.T.);
#15598 = EDGE_CURVE('',#15599,#15599,#15601,.T.);
#15599 = VERTEX_POINT('',#15600);
#15600 = CARTESIAN_POINT('',(75.05,6.,4.5));
#15601 = SURFACE_CURVE('',#15602,(#15607,#15614),.PCURVE_S1.);
#15602 = CIRCLE('',#15603,11.05);
#15603 = AXIS2_PLACEMENT_3D('',#15604,#15605,#15606);
#15604 = CARTESIAN_POINT('',(64.,6.,4.5));
#15605 = DIRECTION('',(0.,0.,1.));
#15606 = DIRECTION('',(1.,0.,0.));
#15607 = PCURVE('',#13860,#15608);
#15608 = DEFINITIONAL_REPRESENTATION('',(#15609),#15613);
#15609 = CIRCLE('',#15610,11.05);
#15610 = AXIS2_PLACEMENT_2D('',#15611,#15612);
#15611 = CARTESIAN_POINT('',(0.,-1.7763568394E-15));
#15612 = DIRECTION('',(1.,0.));
#15613 = ( GEOMETRIC_REPRESENTATION_CONTEXT(2) 
PARAMETRIC_REPRESENTATION_CONTEXT() REPRESENTATION_CONTEXT('2D SPACE',''
  ) );
#15614 = PCURVE('',#13982,#15615);
#15615 = DEFINITIONAL_REPRESENTATION('',(#15616),#15620);
#15616 = LINE('',#15617,#15618);
#15617 = CARTESIAN_POINT('',(-0.,0.));
#15618 = VECTOR('',#15619,1.);
#15619 = DIRECTION('',(-1.,0.));
#15620 = ( GEOMETRIC_REPRESENTATION_CONTEXT(2) 
PARAMETRIC_REPRESENTATION_CONTEXT() REPRESENTATION_CONTEXT('2D SPACE',''
  ) );
#15621 = FACE_BOUND('',#15622,.T.);
#15622 = EDGE_LOOP('',(#15623));
#15623 = ORIENTED_EDGE('',*,*,#13845,.T.);
#15624 = ADVANCED_FACE('',(#15625),#13904,.F.);
#15625 = FACE_BOUND('',#15626,.T.);
#15626 = EDGE_LOOP('',(#15627,#15628,#15649,#15650));
#15627 = ORIENTED_EDGE('',*,*,#15478,.F.);
#15628 = ORIENTED_EDGE('',*,*,#15629,.T.);
#15629 = EDGE_CURVE('',#15479,#13884,#15630,.T.);
#15630 = SEAM_CURVE('',#15631,(#15635,#15642),.PCURVE_S1.);
#15631 = LINE('',#15632,#15633);
#15632 = CARTESIAN_POINT('',(-53.1,6.,4.5));
#15633 = VECTOR('',#15634,1.);
#15634 = DIRECTION('',(0.,0.,1.));
#15635 = PCURVE('',#13904,#15636);
#15636 = DEFINITIONAL_REPRESENTATION('',(#15637),#15641);
#15637 = LINE('',#15638,#15639);
#15638 = CARTESIAN_POINT('',(-6.28318530718,0.));
#15639 = VECTOR('',#15640,1.);
#15640 = DIRECTION('',(-0.,-1.));
#15641 = ( GEOMETRIC_REPRESENTATION_CONTEXT(2) 
PARAMETRIC_REPRESENTATION_CONTEXT() REPRESENTATION_CONTEXT('2D SPACE',''
  ) );
#15642 = PCURVE('',#13904,#15643);
#15643 = DEFINITIONAL_REPRESENTATION('',(#15644),#15648);
#15644 = LINE('',#15645,#15646);
#15645 = CARTESIAN_POINT('',(-0.,0.));
#15646 = VECTOR('',#15647,1.);
#15647 = DIRECTION('',(-0.,-1.));
#15648 = ( GEOMETRIC_REPRESENTATION_CONTEXT(2) 
PARAMETRIC_REPRESENTATION_CONTEXT() REPRESENTATION_CONTEXT('2D SPACE',''
  ) );
#15649 = ORIENTED_EDGE('',*,*,#13883,.F.);
#15650 = ORIENTED_EDGE('',*,*,#15629,.F.);
#15651 = ADVANCED_FACE('',(#15652),#13943,.F.);
#15652 = FACE_BOUND('',#15653,.T.);
#15653 = EDGE_LOOP('',(#15654,#15655,#15676,#15677));
#15654 = ORIENTED_EDGE('',*,*,#15508,.F.);
#15655 = ORIENTED_EDGE('',*,*,#15656,.T.);
#15656 = EDGE_CURVE('',#15509,#13923,#15657,.T.);
#15657 = SEAM_CURVE('',#15658,(#15662,#15669),.PCURVE_S1.);
#15658 = LINE('',#15659,#15660);
#15659 = CARTESIAN_POINT('',(-21.05,6.,4.5));
#15660 = VECTOR('',#15661,1.);
#15661 = DIRECTION('',(0.,0.,1.));
#15662 = PCURVE('',#13943,#15663);
#15663 = DEFINITIONAL_REPRESENTATION('',(#15664),#15668);
#15664 = LINE('',#15665,#15666);
#15665 = CARTESIAN_POINT('',(-6.28318530718,0.));
#15666 = VECTOR('',#15667,1.);
#15667 = DIRECTION('',(-0.,-1.));
#15668 = ( GEOMETRIC_REPRESENTATION_CONTEXT(2) 
PARAMETRIC_REPRESENTATION_CONTEXT() REPRESENTATION_CONTEXT('2D SPACE',''
  ) );
#15669 = PCURVE('',#13943,#15670);
#15670 = DEFINITIONAL_REPRESENTATION('',(#15671),#15675);
#15671 = LINE('',#15672,#15673);
#15672 = CARTESIAN_POINT('',(-0.,0.));
#15673 = VECTOR('',#15674,1.);
#15674 = DIRECTION('',(-0.,-1.));
#15675 = ( GEOMETRIC_REPRESENTATION_CONTEXT(2) 
PARAMETRIC_REPRESENTATION_CONTEXT() REPRESENTATION_CONTEXT('2D SPACE',''
  ) );
#15676 = ORIENTED_EDGE('',*,*,#13922,.F.);
#15677 = ORIENTED_EDGE('',*,*,#15656,.F.);
#15678 = ADVANCED_FACE('',(#15679),#13982,.F.);
#15679 = FACE_BOUND('',#15680,.T.);
#15680 = EDGE_LOOP('',(#15681,#15682,#15703,#15704));
#15681 = ORIENTED_EDGE('',*,*,#15598,.F.);
#15682 = ORIENTED_EDGE('',*,*,#15683,.T.);
#15683 = EDGE_CURVE('',#15599,#13962,#15684,.T.);
#15684 = SEAM_CURVE('',#15685,(#15689,#15696),.PCURVE_S1.);
#15685 = LINE('',#15686,#15687);
#15686 = CARTESIAN_POINT('',(75.05,6.,4.5));
#15687 = VECTOR('',#15688,1.);
#15688 = DIRECTION('',(0.,0.,1.));
#15689 = PCURVE('',#13982,#15690);
#15690 = DEFINITIONAL_REPRESENTATION('',(#15691),#15695);
#15691 = LINE('',#15692,#15693);
#15692 = CARTESIAN_POINT('',(-6.28318530718,0.));
#15693 = VECTOR('',#15694,1.);
#15694 = DIRECTION('',(-0.,-1.));
#15695 = ( GEOMETRIC_REPRESENTATION_CONTEXT(2) 
PARAMETRIC_REPRESENTATION_CONTEXT() REPRESENTATION_CONTEXT('2D SPACE',''
  ) );
#15696 = PCURVE('',#13982,#15697);
#15697 = DEFINITIONAL_REPRESENTATION('',(#15698),#15702);
#15698 = LINE('',#15699,#15700);
#15699 = CARTESIAN_POINT('',(-0.,0.));
#15700 = VECTOR('',#15701,1.);
#15701 = DIRECTION('',(-0.,-1.));
#15702 = ( GEOMETRIC_REPRESENTATION_CONTEXT(2) 
PARAMETRIC_REPRESENTATION_CONTEXT() REPRESENTATION_CONTEXT('2D SPACE',''
  ) );
#15703 = ORIENTED_EDGE('',*,*,#13961,.F.);
#15704 = ORIENTED_EDGE('',*,*,#15683,.F.);
#15705 = ADVANCED_FACE('',(#15706),#14021,.F.);
#15706 = FACE_BOUND('',#15707,.T.);
#15707 = EDGE_LOOP('',(#15708,#15709,#15730,#15731));
#15708 = ORIENTED_EDGE('',*,*,#15538,.F.);
#15709 = ORIENTED_EDGE('',*,*,#15710,.T.);
#15710 = EDGE_CURVE('',#15539,#14001,#15711,.T.);
#15711 = SEAM_CURVE('',#15712,(#15716,#15723),.PCURVE_S1.);
#15712 = LINE('',#15713,#15714);
#15713 = CARTESIAN_POINT('',(11.,6.,4.5));
#15714 = VECTOR('',#15715,1.);
#15715 = DIRECTION('',(0.,0.,1.));
#15716 = PCURVE('',#14021,#15717);
#15717 = DEFINITIONAL_REPRESENTATION('',(#15718),#15722);
#15718 = LINE('',#15719,#15720);
#15719 = CARTESIAN_POINT('',(-6.28318530718,0.));
#15720 = VECTOR('',#15721,1.);
#15721 = DIRECTION('',(-0.,-1.));
#15722 = ( GEOMETRIC_REPRESENTATION_CONTEXT(2) 
PARAMETRIC_REPRESENTATION_CONTEXT() REPRESENTATION_CONTEXT('2D SPACE',''
  ) );
#15723 = PCURVE('',#14021,#15724);
#15724 = DEFINITIONAL_REPRESENTATION('',(#15725),#15729);
#15725 = LINE('',#15726,#15727);
#15726 = CARTESIAN_POINT('',(-0.,0.));
#15727 = VECTOR('',#15728,1.);
#15728 = DIRECTION('',(-0.,-1.));
#15729 = ( GEOMETRIC_REPRESENTATION_CONTEXT(2) 
PARAMETRIC_REPRESENTATION_CONTEXT() REPRESENTATION_CONTEXT('2D SPACE',''
  ) );
#15730 = ORIENTED_EDGE('',*,*,#14000,.F.);
#15731 = ORIENTED_EDGE('',*,*,#15710,.F.);
#15732 = ADVANCED_FACE('',(#15733),#14060,.F.);
#15733 = FACE_BOUND('',#15734,.T.);
#15734 = EDGE_LOOP('',(#15735,#15736,#15757,#15758));
#15735 = ORIENTED_EDGE('',*,*,#15568,.F.);
#15736 = ORIENTED_EDGE('',*,*,#15737,.T.);
#15737 = EDGE_CURVE('',#15569,#14040,#15738,.T.);
#15738 = SEAM_CURVE('',#15739,(#15743,#15750),.PCURVE_S1.);
#15739 = LINE('',#15740,#15741);
#15740 = CARTESIAN_POINT('',(43.025,6.,4.5));
#15741 = VECTOR('',#15742,1.);
#15742 = DIRECTION('',(0.,0.,1.));
#15743 = PCURVE('',#14060,#15744);
#15744 = DEFINITIONAL_REPRESENTATION('',(#15745),#15749);
#15745 = LINE('',#15746,#15747);
#15746 = CARTESIAN_POINT('',(-6.28318530718,0.));
#15747 = VECTOR('',#15748,1.);
#15748 = DIRECTION('',(-0.,-1.));
#15749 = ( GEOMETRIC_REPRESENTATION_CONTEXT(2) 
PARAMETRIC_REPRESENTATION_CONTEXT() REPRESENTATION_CONTEXT('2D SPACE',''
  ) );
#15750 = PCURVE('',#14060,#15751);
#15751 = DEFINITIONAL_REPRESENTATION('',(#15752),#15756);
#15752 = LINE('',#15753,#15754);
#15753 = CARTESIAN_POINT('',(-0.,0.));
#15754 = VECTOR('',#15755,1.);
#15755 = DIRECTION('',(-0.,-1.));
#15756 = ( GEOMETRIC_REPRESENTATION_CONTEXT(2) 
PARAMETRIC_REPRESENTATION_CONTEXT() REPRESENTATION_CONTEXT('2D SPACE',''
  ) );
#15757 = ORIENTED_EDGE('',*,*,#14039,.F.);
#15758 = ORIENTED_EDGE('',*,*,#15737,.F.);
#15759 = ADVANCED_FACE('',(#15760),#14201,.T.);
#15760 = FACE_BOUND('',#15761,.T.);
#15761 = EDGE_LOOP('',(#15762,#15785,#15786,#15809));
#15762 = ORIENTED_EDGE('',*,*,#15763,.T.);
#15763 = EDGE_CURVE('',#15764,#14184,#15766,.T.);
#15764 = VERTEX_POINT('',#15765);
#15765 = CARTESIAN_POINT('',(-62.65747070312,-9.897827148438,2.5));
#15766 = SURFACE_CURVE('',#15767,(#15771,#15778),.PCURVE_S1.);
#15767 = LINE('',#15768,#15769);
#15768 = CARTESIAN_POINT('',(-62.65747070312,-9.897827148438,2.5));
#15769 = VECTOR('',#15770,1.);
#15770 = DIRECTION('',(-0.,-0.,-1.));
#15771 = PCURVE('',#14201,#15772);
#15772 = DEFINITIONAL_REPRESENTATION('',(#15773),#15777);
#15773 = LINE('',#15774,#15775);
#15774 = CARTESIAN_POINT('',(0.,0.));
#15775 = VECTOR('',#15776,1.);
#15776 = DIRECTION('',(0.,-1.));
#15777 = ( GEOMETRIC_REPRESENTATION_CONTEXT(2) 
PARAMETRIC_REPRESENTATION_CONTEXT() REPRESENTATION_CONTEXT('2D SPACE',''
  ) );
#15778 = PCURVE('',#14409,#15779);
#15779 = DEFINITIONAL_REPRESENTATION('',(#15780),#15784);
#15780 = LINE('',#15781,#15782);
#15781 = CARTESIAN_POINT('',(1.,0.));
#15782 = VECTOR('',#15783,1.);
#15783 = DIRECTION('',(0.,-1.));
#15784 = ( GEOMETRIC_REPRESENTATION_CONTEXT(2) 
PARAMETRIC_REPRESENTATION_CONTEXT() REPRESENTATION_CONTEXT('2D SPACE',''
  ) );
#15785 = ORIENTED_EDGE('',*,*,#14183,.T.);
#15786 = ORIENTED_EDGE('',*,*,#15787,.F.);
#15787 = EDGE_CURVE('',#15788,#14186,#15790,.T.);
#15788 = VERTEX_POINT('',#15789);
#15789 = CARTESIAN_POINT('',(-62.47180175781,-10.95361328125,2.5));
#15790 = SURFACE_CURVE('',#15791,(#15795,#15802),.PCURVE_S1.);
#15791 = LINE('',#15792,#15793);
#15792 = CARTESIAN_POINT('',(-62.47180175781,-10.95361328125,2.5));
#15793 = VECTOR('',#15794,1.);
#15794 = DIRECTION('',(-0.,-0.,-1.));
#15795 = PCURVE('',#14201,#15796);
#15796 = DEFINITIONAL_REPRESENTATION('',(#15797),#15801);
#15797 = LINE('',#15798,#15799);
#15798 = CARTESIAN_POINT('',(1.,0.));
#15799 = VECTOR('',#15800,1.);
#15800 = DIRECTION('',(0.,-1.));
#15801 = ( GEOMETRIC_REPRESENTATION_CONTEXT(2) 
PARAMETRIC_REPRESENTATION_CONTEXT() REPRESENTATION_CONTEXT('2D SPACE',''
  ) );
#15802 = PCURVE('',#14231,#15803);
#15803 = DEFINITIONAL_REPRESENTATION('',(#15804),#15808);
#15804 = LINE('',#15805,#15806);
#15805 = CARTESIAN_POINT('',(0.,0.));
#15806 = VECTOR('',#15807,1.);
#15807 = DIRECTION('',(0.,-1.));
#15808 = ( GEOMETRIC_REPRESENTATION_CONTEXT(2) 
PARAMETRIC_REPRESENTATION_CONTEXT() REPRESENTATION_CONTEXT('2D SPACE',''
  ) );
#15809 = ORIENTED_EDGE('',*,*,#15810,.F.);
#15810 = EDGE_CURVE('',#15764,#15788,#15811,.T.);
#15811 = SURFACE_CURVE('',#15812,(#15816,#15823),.PCURVE_S1.);
#15812 = B_SPLINE_CURVE_WITH_KNOTS('',2,(#15813,#15814,#15815),
  .UNSPECIFIED.,.F.,.F.,(3,3),(0.,1.),.PIECEWISE_BEZIER_KNOTS.);
#15813 = CARTESIAN_POINT('',(-62.65747070312,-9.897827148438,2.5));
#15814 = CARTESIAN_POINT('',(-62.65747070312,-10.69104003906,2.5));
#15815 = CARTESIAN_POINT('',(-62.47180175781,-10.95361328125,2.5));
#15816 = PCURVE('',#14201,#15817);
#15817 = DEFINITIONAL_REPRESENTATION('',(#15818),#15822);
#15818 = LINE('',#15819,#15820);
#15819 = CARTESIAN_POINT('',(0.,0.));
#15820 = VECTOR('',#15821,1.);
#15821 = DIRECTION('',(1.,0.));
#15822 = ( GEOMETRIC_REPRESENTATION_CONTEXT(2) 
PARAMETRIC_REPRESENTATION_CONTEXT() REPRESENTATION_CONTEXT('2D SPACE',''
  ) );
#15823 = PCURVE('',#15824,#15829);
#15824 = PLANE('',#15825);
#15825 = AXIS2_PLACEMENT_3D('',#15826,#15827,#15828);
#15826 = CARTESIAN_POINT('',(-80.,-18.,2.5));
#15827 = DIRECTION('',(0.,0.,1.));
#15828 = DIRECTION('',(1.,0.,0.));
#15829 = DEFINITIONAL_REPRESENTATION('',(#15830),#15834);
#15830 = B_SPLINE_CURVE_WITH_KNOTS('',2,(#15831,#15832,#15833),
  .UNSPECIFIED.,.F.,.F.,(3,3),(0.,1.),.PIECEWISE_BEZIER_KNOTS.);
#15831 = CARTESIAN_POINT('',(17.342529296875,8.102172851562));
#15832 = CARTESIAN_POINT('',(17.342529296875,7.308959960938));
#15833 = CARTESIAN_POINT('',(17.528198242188,7.04638671875));
#15834 = ( GEOMETRIC_REPRESENTATION_CONTEXT(2) 
PARAMETRIC_REPRESENTATION_CONTEXT() REPRESENTATION_CONTEXT('2D SPACE',''
  ) );
#15835 = ADVANCED_FACE('',(#15836),#14231,.T.);
#15836 = FACE_BOUND('',#15837,.T.);
#15837 = EDGE_LOOP('',(#15838,#15839,#15840,#15863));
#15838 = ORIENTED_EDGE('',*,*,#15787,.T.);
#15839 = ORIENTED_EDGE('',*,*,#14215,.T.);
#15840 = ORIENTED_EDGE('',*,*,#15841,.F.);
#15841 = EDGE_CURVE('',#15842,#14216,#15844,.T.);
#15842 = VERTEX_POINT('',#15843);
#15843 = CARTESIAN_POINT('',(-62.013671875,-11.21618652343,2.5));
#15844 = SURFACE_CURVE('',#15845,(#15849,#15856),.PCURVE_S1.);
#15845 = LINE('',#15846,#15847);
#15846 = CARTESIAN_POINT('',(-62.013671875,-11.21618652343,2.5));
#15847 = VECTOR('',#15848,1.);
#15848 = DIRECTION('',(-0.,-0.,-1.));
#15849 = PCURVE('',#14231,#15850);
#15850 = DEFINITIONAL_REPRESENTATION('',(#15851),#15855);
#15851 = LINE('',#15852,#15853);
#15852 = CARTESIAN_POINT('',(1.,0.));
#15853 = VECTOR('',#15854,1.);
#15854 = DIRECTION('',(0.,-1.));
#15855 = ( GEOMETRIC_REPRESENTATION_CONTEXT(2) 
PARAMETRIC_REPRESENTATION_CONTEXT() REPRESENTATION_CONTEXT('2D SPACE',''
  ) );
#15856 = PCURVE('',#14261,#15857);
#15857 = DEFINITIONAL_REPRESENTATION('',(#15858),#15862);
#15858 = LINE('',#15859,#15860);
#15859 = CARTESIAN_POINT('',(0.,0.));
#15860 = VECTOR('',#15861,1.);
#15861 = DIRECTION('',(0.,-1.));
#15862 = ( GEOMETRIC_REPRESENTATION_CONTEXT(2) 
PARAMETRIC_REPRESENTATION_CONTEXT() REPRESENTATION_CONTEXT('2D SPACE',''
  ) );
#15863 = ORIENTED_EDGE('',*,*,#15864,.F.);
#15864 = EDGE_CURVE('',#15788,#15842,#15865,.T.);
#15865 = SURFACE_CURVE('',#15866,(#15870,#15877),.PCURVE_S1.);
#15866 = B_SPLINE_CURVE_WITH_KNOTS('',2,(#15867,#15868,#15869),
  .UNSPECIFIED.,.F.,.F.,(3,3),(0.,1.),.PIECEWISE_BEZIER_KNOTS.);
#15867 = CARTESIAN_POINT('',(-62.47180175781,-10.95361328125,2.5));
#15868 = CARTESIAN_POINT('',(-62.2861328125,-11.21618652343,2.5));
#15869 = CARTESIAN_POINT('',(-62.013671875,-11.21618652343,2.5));
#15870 = PCURVE('',#14231,#15871);
#15871 = DEFINITIONAL_REPRESENTATION('',(#15872),#15876);
#15872 = LINE('',#15873,#15874);
#15873 = CARTESIAN_POINT('',(0.,0.));
#15874 = VECTOR('',#15875,1.);
#15875 = DIRECTION('',(1.,0.));
#15876 = ( GEOMETRIC_REPRESENTATION_CONTEXT(2) 
PARAMETRIC_REPRESENTATION_CONTEXT() REPRESENTATION_CONTEXT('2D SPACE',''
  ) );
#15877 = PCURVE('',#15824,#15878);
#15878 = DEFINITIONAL_REPRESENTATION('',(#15879),#15883);
#15879 = B_SPLINE_CURVE_WITH_KNOTS('',2,(#15880,#15881,#15882),
  .UNSPECIFIED.,.F.,.F.,(3,3),(0.,1.),.PIECEWISE_BEZIER_KNOTS.);
#15880 = CARTESIAN_POINT('',(17.528198242188,7.04638671875));
#15881 = CARTESIAN_POINT('',(17.7138671875,6.783813476562));
#15882 = CARTESIAN_POINT('',(17.986328125,6.783813476562));
#15883 = ( GEOMETRIC_REPRESENTATION_CONTEXT(2) 
PARAMETRIC_REPRESENTATION_CONTEXT() REPRESENTATION_CONTEXT('2D SPACE',''
  ) );
#15884 = ADVANCED_FACE('',(#15885),#14261,.T.);
#15885 = FACE_BOUND('',#15886,.T.);
#15886 = EDGE_LOOP('',(#15887,#15888,#15889,#15912));
#15887 = ORIENTED_EDGE('',*,*,#15841,.T.);
#15888 = ORIENTED_EDGE('',*,*,#14245,.T.);
#15889 = ORIENTED_EDGE('',*,*,#15890,.F.);
#15890 = EDGE_CURVE('',#15891,#14246,#15893,.T.);
#15891 = VERTEX_POINT('',#15892);
#15892 = CARTESIAN_POINT('',(-61.55554199218,-10.95251464843,2.5));
#15893 = SURFACE_CURVE('',#15894,(#15898,#15905),.PCURVE_S1.);
#15894 = LINE('',#15895,#15896);
#15895 = CARTESIAN_POINT('',(-61.55554199218,-10.95251464843,2.5));
#15896 = VECTOR('',#15897,1.);
#15897 = DIRECTION('',(-0.,-0.,-1.));
#15898 = PCURVE('',#14261,#15899);
#15899 = DEFINITIONAL_REPRESENTATION('',(#15900),#15904);
#15900 = LINE('',#15901,#15902);
#15901 = CARTESIAN_POINT('',(1.,0.));
#15902 = VECTOR('',#15903,1.);
#15903 = DIRECTION('',(0.,-1.));
#15904 = ( GEOMETRIC_REPRESENTATION_CONTEXT(2) 
PARAMETRIC_REPRESENTATION_CONTEXT() REPRESENTATION_CONTEXT('2D SPACE',''
  ) );
#15905 = PCURVE('',#14291,#15906);
#15906 = DEFINITIONAL_REPRESENTATION('',(#15907),#15911);
#15907 = LINE('',#15908,#15909);
#15908 = CARTESIAN_POINT('',(0.,0.));
#15909 = VECTOR('',#15910,1.);
#15910 = DIRECTION('',(0.,-1.));
#15911 = ( GEOMETRIC_REPRESENTATION_CONTEXT(2) 
PARAMETRIC_REPRESENTATION_CONTEXT() REPRESENTATION_CONTEXT('2D SPACE',''
  ) );
#15912 = ORIENTED_EDGE('',*,*,#15913,.F.);
#15913 = EDGE_CURVE('',#15842,#15891,#15914,.T.);
#15914 = SURFACE_CURVE('',#15915,(#15919,#15926),.PCURVE_S1.);
#15915 = B_SPLINE_CURVE_WITH_KNOTS('',2,(#15916,#15917,#15918),
  .UNSPECIFIED.,.F.,.F.,(3,3),(0.,1.),.PIECEWISE_BEZIER_KNOTS.);
#15916 = CARTESIAN_POINT('',(-62.013671875,-11.21618652343,2.5));
#15917 = CARTESIAN_POINT('',(-61.7412109375,-11.21618652343,2.5));
#15918 = CARTESIAN_POINT('',(-61.55554199218,-10.95251464843,2.5));
#15919 = PCURVE('',#14261,#15920);
#15920 = DEFINITIONAL_REPRESENTATION('',(#15921),#15925);
#15921 = LINE('',#15922,#15923);
#15922 = CARTESIAN_POINT('',(0.,0.));
#15923 = VECTOR('',#15924,1.);
#15924 = DIRECTION('',(1.,0.));
#15925 = ( GEOMETRIC_REPRESENTATION_CONTEXT(2) 
PARAMETRIC_REPRESENTATION_CONTEXT() REPRESENTATION_CONTEXT('2D SPACE',''
  ) );
#15926 = PCURVE('',#15824,#15927);
#15927 = DEFINITIONAL_REPRESENTATION('',(#15928),#15932);
#15928 = B_SPLINE_CURVE_WITH_KNOTS('',2,(#15929,#15930,#15931),
  .UNSPECIFIED.,.F.,.F.,(3,3),(0.,1.),.PIECEWISE_BEZIER_KNOTS.);
#15929 = CARTESIAN_POINT('',(17.986328125,6.783813476562));
#15930 = CARTESIAN_POINT('',(18.2587890625,6.783813476562));
#15931 = CARTESIAN_POINT('',(18.444458007812,7.047485351562));
#15932 = ( GEOMETRIC_REPRESENTATION_CONTEXT(2) 
PARAMETRIC_REPRESENTATION_CONTEXT() REPRESENTATION_CONTEXT('2D SPACE',''
  ) );
#15933 = ADVANCED_FACE('',(#15934),#14291,.T.);
#15934 = FACE_BOUND('',#15935,.T.);
#15935 = EDGE_LOOP('',(#15936,#15937,#15938,#15961));
#15936 = ORIENTED_EDGE('',*,*,#15890,.T.);
#15937 = ORIENTED_EDGE('',*,*,#14275,.T.);
#15938 = ORIENTED_EDGE('',*,*,#15939,.F.);
#15939 = EDGE_CURVE('',#15940,#14276,#15942,.T.);
#15940 = VERTEX_POINT('',#15941);
#15941 = CARTESIAN_POINT('',(-61.36987304687,-9.897827148438,2.5));
#15942 = SURFACE_CURVE('',#15943,(#15947,#15954),.PCURVE_S1.);
#15943 = LINE('',#15944,#15945);
#15944 = CARTESIAN_POINT('',(-61.36987304687,-9.897827148438,2.5));
#15945 = VECTOR('',#15946,1.);
#15946 = DIRECTION('',(-0.,-0.,-1.));
#15947 = PCURVE('',#14291,#15948);
#15948 = DEFINITIONAL_REPRESENTATION('',(#15949),#15953);
#15949 = LINE('',#15950,#15951);
#15950 = CARTESIAN_POINT('',(1.,0.));
#15951 = VECTOR('',#15952,1.);
#15952 = DIRECTION('',(0.,-1.));
#15953 = ( GEOMETRIC_REPRESENTATION_CONTEXT(2) 
PARAMETRIC_REPRESENTATION_CONTEXT() REPRESENTATION_CONTEXT('2D SPACE',''
  ) );
#15954 = PCURVE('',#14321,#15955);
#15955 = DEFINITIONAL_REPRESENTATION('',(#15956),#15960);
#15956 = LINE('',#15957,#15958);
#15957 = CARTESIAN_POINT('',(0.,0.));
#15958 = VECTOR('',#15959,1.);
#15959 = DIRECTION('',(0.,-1.));
#15960 = ( GEOMETRIC_REPRESENTATION_CONTEXT(2) 
PARAMETRIC_REPRESENTATION_CONTEXT() REPRESENTATION_CONTEXT('2D SPACE',''
  ) );
#15961 = ORIENTED_EDGE('',*,*,#15962,.F.);
#15962 = EDGE_CURVE('',#15891,#15940,#15963,.T.);
#15963 = SURFACE_CURVE('',#15964,(#15968,#15975),.PCURVE_S1.);
#15964 = B_SPLINE_CURVE_WITH_KNOTS('',2,(#15965,#15966,#15967),
  .UNSPECIFIED.,.F.,.F.,(3,3),(0.,1.),.PIECEWISE_BEZIER_KNOTS.);
#15965 = CARTESIAN_POINT('',(-61.55554199218,-10.95251464843,2.5));
#15966 = CARTESIAN_POINT('',(-61.36987304687,-10.68884277343,2.5));
#15967 = CARTESIAN_POINT('',(-61.36987304687,-9.897827148438,2.5));
#15968 = PCURVE('',#14291,#15969);
#15969 = DEFINITIONAL_REPRESENTATION('',(#15970),#15974);
#15970 = LINE('',#15971,#15972);
#15971 = CARTESIAN_POINT('',(0.,0.));
#15972 = VECTOR('',#15973,1.);
#15973 = DIRECTION('',(1.,0.));
#15974 = ( GEOMETRIC_REPRESENTATION_CONTEXT(2) 
PARAMETRIC_REPRESENTATION_CONTEXT() REPRESENTATION_CONTEXT('2D SPACE',''
  ) );
#15975 = PCURVE('',#15824,#15976);
#15976 = DEFINITIONAL_REPRESENTATION('',(#15977),#15981);
#15977 = B_SPLINE_CURVE_WITH_KNOTS('',2,(#15978,#15979,#15980),
  .UNSPECIFIED.,.F.,.F.,(3,3),(0.,1.),.PIECEWISE_BEZIER_KNOTS.);
#15978 = CARTESIAN_POINT('',(18.444458007812,7.047485351562));
#15979 = CARTESIAN_POINT('',(18.630126953125,7.311157226562));
#15980 = CARTESIAN_POINT('',(18.630126953125,8.102172851562));
#15981 = ( GEOMETRIC_REPRESENTATION_CONTEXT(2) 
PARAMETRIC_REPRESENTATION_CONTEXT() REPRESENTATION_CONTEXT('2D SPACE',''
  ) );
#15982 = ADVANCED_FACE('',(#15983),#14321,.T.);
#15983 = FACE_BOUND('',#15984,.T.);
#15984 = EDGE_LOOP('',(#15985,#15986,#15987,#16010));
#15985 = ORIENTED_EDGE('',*,*,#15939,.T.);
#15986 = ORIENTED_EDGE('',*,*,#14305,.T.);
#15987 = ORIENTED_EDGE('',*,*,#15988,.F.);
#15988 = EDGE_CURVE('',#15989,#14306,#15991,.T.);
#15989 = VERTEX_POINT('',#15990);
#15990 = CARTESIAN_POINT('',(-61.55554199218,-8.840942382812,2.5));
#15991 = SURFACE_CURVE('',#15992,(#15996,#16003),.PCURVE_S1.);
#15992 = LINE('',#15993,#15994);
#15993 = CARTESIAN_POINT('',(-61.55554199218,-8.840942382812,2.5));
#15994 = VECTOR('',#15995,1.);
#15995 = DIRECTION('',(-0.,-0.,-1.));
#15996 = PCURVE('',#14321,#15997);
#15997 = DEFINITIONAL_REPRESENTATION('',(#15998),#16002);
#15998 = LINE('',#15999,#16000);
#15999 = CARTESIAN_POINT('',(1.,0.));
#16000 = VECTOR('',#16001,1.);
#16001 = DIRECTION('',(0.,-1.));
#16002 = ( GEOMETRIC_REPRESENTATION_CONTEXT(2) 
PARAMETRIC_REPRESENTATION_CONTEXT() REPRESENTATION_CONTEXT('2D SPACE',''
  ) );
#16003 = PCURVE('',#14351,#16004);
#16004 = DEFINITIONAL_REPRESENTATION('',(#16005),#16009);
#16005 = LINE('',#16006,#16007);
#16006 = CARTESIAN_POINT('',(0.,0.));
#16007 = VECTOR('',#16008,1.);
#16008 = DIRECTION('',(0.,-1.));
#16009 = ( GEOMETRIC_REPRESENTATION_CONTEXT(2) 
PARAMETRIC_REPRESENTATION_CONTEXT() REPRESENTATION_CONTEXT('2D SPACE',''
  ) );
#16010 = ORIENTED_EDGE('',*,*,#16011,.F.);
#16011 = EDGE_CURVE('',#15940,#15989,#16012,.T.);
#16012 = SURFACE_CURVE('',#16013,(#16017,#16024),.PCURVE_S1.);
#16013 = B_SPLINE_CURVE_WITH_KNOTS('',2,(#16014,#16015,#16016),
  .UNSPECIFIED.,.F.,.F.,(3,3),(0.,1.),.PIECEWISE_BEZIER_KNOTS.);
#16014 = CARTESIAN_POINT('',(-61.36987304687,-9.897827148438,2.5));
#16015 = CARTESIAN_POINT('',(-61.36987304687,-9.102416992188,2.5));
#16016 = CARTESIAN_POINT('',(-61.55554199218,-8.840942382812,2.5));
#16017 = PCURVE('',#14321,#16018);
#16018 = DEFINITIONAL_REPRESENTATION('',(#16019),#16023);
#16019 = LINE('',#16020,#16021);
#16020 = CARTESIAN_POINT('',(0.,0.));
#16021 = VECTOR('',#16022,1.);
#16022 = DIRECTION('',(1.,0.));
#16023 = ( GEOMETRIC_REPRESENTATION_CONTEXT(2) 
PARAMETRIC_REPRESENTATION_CONTEXT() REPRESENTATION_CONTEXT('2D SPACE',''
  ) );
#16024 = PCURVE('',#15824,#16025);
#16025 = DEFINITIONAL_REPRESENTATION('',(#16026),#16030);
#16026 = B_SPLINE_CURVE_WITH_KNOTS('',2,(#16027,#16028,#16029),
  .UNSPECIFIED.,.F.,.F.,(3,3),(0.,1.),.PIECEWISE_BEZIER_KNOTS.);
#16027 = CARTESIAN_POINT('',(18.630126953125,8.102172851562));
#16028 = CARTESIAN_POINT('',(18.630126953125,8.897583007812));
#16029 = CARTESIAN_POINT('',(18.444458007812,9.159057617188));
#16030 = ( GEOMETRIC_REPRESENTATION_CONTEXT(2) 
PARAMETRIC_REPRESENTATION_CONTEXT() REPRESENTATION_CONTEXT('2D SPACE',''
  ) );
#16031 = ADVANCED_FACE('',(#16032),#14351,.T.);
#16032 = FACE_BOUND('',#16033,.T.);
#16033 = EDGE_LOOP('',(#16034,#16035,#16036,#16059));
#16034 = ORIENTED_EDGE('',*,*,#15988,.T.);
#16035 = ORIENTED_EDGE('',*,*,#14335,.T.);
#16036 = ORIENTED_EDGE('',*,*,#16037,.F.);
#16037 = EDGE_CURVE('',#16038,#14336,#16040,.T.);
#16038 = VERTEX_POINT('',#16039);
#16039 = CARTESIAN_POINT('',(-62.01806640625,-8.579467773438,2.5));
#16040 = SURFACE_CURVE('',#16041,(#16045,#16052),.PCURVE_S1.);
#16041 = LINE('',#16042,#16043);
#16042 = CARTESIAN_POINT('',(-62.01806640625,-8.579467773438,2.5));
#16043 = VECTOR('',#16044,1.);
#16044 = DIRECTION('',(-0.,-0.,-1.));
#16045 = PCURVE('',#14351,#16046);
#16046 = DEFINITIONAL_REPRESENTATION('',(#16047),#16051);
#16047 = LINE('',#16048,#16049);
#16048 = CARTESIAN_POINT('',(1.,0.));
#16049 = VECTOR('',#16050,1.);
#16050 = DIRECTION('',(0.,-1.));
#16051 = ( GEOMETRIC_REPRESENTATION_CONTEXT(2) 
PARAMETRIC_REPRESENTATION_CONTEXT() REPRESENTATION_CONTEXT('2D SPACE',''
  ) );
#16052 = PCURVE('',#14381,#16053);
#16053 = DEFINITIONAL_REPRESENTATION('',(#16054),#16058);
#16054 = LINE('',#16055,#16056);
#16055 = CARTESIAN_POINT('',(0.,0.));
#16056 = VECTOR('',#16057,1.);
#16057 = DIRECTION('',(0.,-1.));
#16058 = ( GEOMETRIC_REPRESENTATION_CONTEXT(2) 
PARAMETRIC_REPRESENTATION_CONTEXT() REPRESENTATION_CONTEXT('2D SPACE',''
  ) );
#16059 = ORIENTED_EDGE('',*,*,#16060,.F.);
#16060 = EDGE_CURVE('',#15989,#16038,#16061,.T.);
#16061 = SURFACE_CURVE('',#16062,(#16066,#16073),.PCURVE_S1.);
#16062 = B_SPLINE_CURVE_WITH_KNOTS('',2,(#16063,#16064,#16065),
  .UNSPECIFIED.,.F.,.F.,(3,3),(0.,1.),.PIECEWISE_BEZIER_KNOTS.);
#16063 = CARTESIAN_POINT('',(-61.55554199218,-8.840942382812,2.5));
#16064 = CARTESIAN_POINT('',(-61.7412109375,-8.579467773438,2.5));
#16065 = CARTESIAN_POINT('',(-62.01806640625,-8.579467773438,2.5));
#16066 = PCURVE('',#14351,#16067);
#16067 = DEFINITIONAL_REPRESENTATION('',(#16068),#16072);
#16068 = LINE('',#16069,#16070);
#16069 = CARTESIAN_POINT('',(0.,0.));
#16070 = VECTOR('',#16071,1.);
#16071 = DIRECTION('',(1.,0.));
#16072 = ( GEOMETRIC_REPRESENTATION_CONTEXT(2) 
PARAMETRIC_REPRESENTATION_CONTEXT() REPRESENTATION_CONTEXT('2D SPACE',''
  ) );
#16073 = PCURVE('',#15824,#16074);
#16074 = DEFINITIONAL_REPRESENTATION('',(#16075),#16079);
#16075 = B_SPLINE_CURVE_WITH_KNOTS('',2,(#16076,#16077,#16078),
  .UNSPECIFIED.,.F.,.F.,(3,3),(0.,1.),.PIECEWISE_BEZIER_KNOTS.);
#16076 = CARTESIAN_POINT('',(18.444458007812,9.159057617188));
#16077 = CARTESIAN_POINT('',(18.2587890625,9.420532226562));
#16078 = CARTESIAN_POINT('',(17.98193359375,9.420532226562));
#16079 = ( GEOMETRIC_REPRESENTATION_CONTEXT(2) 
PARAMETRIC_REPRESENTATION_CONTEXT() REPRESENTATION_CONTEXT('2D SPACE',''
  ) );
#16080 = ADVANCED_FACE('',(#16081),#14381,.T.);
#16081 = FACE_BOUND('',#16082,.T.);
#16082 = EDGE_LOOP('',(#16083,#16084,#16085,#16108));
#16083 = ORIENTED_EDGE('',*,*,#16037,.T.);
#16084 = ORIENTED_EDGE('',*,*,#14365,.T.);
#16085 = ORIENTED_EDGE('',*,*,#16086,.F.);
#16086 = EDGE_CURVE('',#16087,#14366,#16089,.T.);
#16087 = VERTEX_POINT('',#16088);
#16088 = CARTESIAN_POINT('',(-62.453125,-8.810180664062,2.5));
#16089 = SURFACE_CURVE('',#16090,(#16094,#16101),.PCURVE_S1.);
#16090 = LINE('',#16091,#16092);
#16091 = CARTESIAN_POINT('',(-62.453125,-8.810180664062,2.5));
#16092 = VECTOR('',#16093,1.);
#16093 = DIRECTION('',(-0.,-0.,-1.));
#16094 = PCURVE('',#14381,#16095);
#16095 = DEFINITIONAL_REPRESENTATION('',(#16096),#16100);
#16096 = LINE('',#16097,#16098);
#16097 = CARTESIAN_POINT('',(1.,0.));
#16098 = VECTOR('',#16099,1.);
#16099 = DIRECTION('',(0.,-1.));
#16100 = ( GEOMETRIC_REPRESENTATION_CONTEXT(2) 
PARAMETRIC_REPRESENTATION_CONTEXT() REPRESENTATION_CONTEXT('2D SPACE',''
  ) );
#16101 = PCURVE('',#14409,#16102);
#16102 = DEFINITIONAL_REPRESENTATION('',(#16103),#16107);
#16103 = LINE('',#16104,#16105);
#16104 = CARTESIAN_POINT('',(0.,0.));
#16105 = VECTOR('',#16106,1.);
#16106 = DIRECTION('',(0.,-1.));
#16107 = ( GEOMETRIC_REPRESENTATION_CONTEXT(2) 
PARAMETRIC_REPRESENTATION_CONTEXT() REPRESENTATION_CONTEXT('2D SPACE',''
  ) );
#16108 = ORIENTED_EDGE('',*,*,#16109,.F.);
#16109 = EDGE_CURVE('',#16038,#16087,#16110,.T.);
#16110 = SURFACE_CURVE('',#16111,(#16115,#16122),.PCURVE_S1.);
#16111 = B_SPLINE_CURVE_WITH_KNOTS('',2,(#16112,#16113,#16114),
  .UNSPECIFIED.,.F.,.F.,(3,3),(0.,1.),.PIECEWISE_BEZIER_KNOTS.);
#16112 = CARTESIAN_POINT('',(-62.01806640625,-8.579467773438,2.5));
#16113 = CARTESIAN_POINT('',(-62.29052734375,-8.579467773438,2.5));
#16114 = CARTESIAN_POINT('',(-62.453125,-8.810180664062,2.5));
#16115 = PCURVE('',#14381,#16116);
#16116 = DEFINITIONAL_REPRESENTATION('',(#16117),#16121);
#16117 = LINE('',#16118,#16119);
#16118 = CARTESIAN_POINT('',(0.,0.));
#16119 = VECTOR('',#16120,1.);
#16120 = DIRECTION('',(1.,0.));
#16121 = ( GEOMETRIC_REPRESENTATION_CONTEXT(2) 
PARAMETRIC_REPRESENTATION_CONTEXT() REPRESENTATION_CONTEXT('2D SPACE',''
  ) );
#16122 = PCURVE('',#15824,#16123);
#16123 = DEFINITIONAL_REPRESENTATION('',(#16124),#16128);
#16124 = B_SPLINE_CURVE_WITH_KNOTS('',2,(#16125,#16126,#16127),
  .UNSPECIFIED.,.F.,.F.,(3,3),(0.,1.),.PIECEWISE_BEZIER_KNOTS.);
#16125 = CARTESIAN_POINT('',(17.98193359375,9.420532226562));
#16126 = CARTESIAN_POINT('',(17.70947265625,9.420532226562));
#16127 = CARTESIAN_POINT('',(17.546875,9.189819335938));
#16128 = ( GEOMETRIC_REPRESENTATION_CONTEXT(2) 
PARAMETRIC_REPRESENTATION_CONTEXT() REPRESENTATION_CONTEXT('2D SPACE',''
  ) );
#16129 = ADVANCED_FACE('',(#16130),#14409,.T.);
#16130 = FACE_BOUND('',#16131,.T.);
#16131 = EDGE_LOOP('',(#16132,#16133,#16134,#16135));
#16132 = ORIENTED_EDGE('',*,*,#16086,.T.);
#16133 = ORIENTED_EDGE('',*,*,#14395,.T.);
#16134 = ORIENTED_EDGE('',*,*,#15763,.F.);
#16135 = ORIENTED_EDGE('',*,*,#16136,.F.);
#16136 = EDGE_CURVE('',#16087,#15764,#16137,.T.);
#16137 = SURFACE_CURVE('',#16138,(#16142,#16149),.PCURVE_S1.);
#16138 = B_SPLINE_CURVE_WITH_KNOTS('',2,(#16139,#16140,#16141),
  .UNSPECIFIED.,.F.,.F.,(3,3),(0.,1.),.PIECEWISE_BEZIER_KNOTS.);
#16139 = CARTESIAN_POINT('',(-62.453125,-8.810180664062,2.5));
#16140 = CARTESIAN_POINT('',(-62.65747070312,-9.104614257812,2.5));
#16141 = CARTESIAN_POINT('',(-62.65747070312,-9.897827148438,2.5));
#16142 = PCURVE('',#14409,#16143);
#16143 = DEFINITIONAL_REPRESENTATION('',(#16144),#16148);
#16144 = LINE('',#16145,#16146);
#16145 = CARTESIAN_POINT('',(0.,0.));
#16146 = VECTOR('',#16147,1.);
#16147 = DIRECTION('',(1.,0.));
#16148 = ( GEOMETRIC_REPRESENTATION_CONTEXT(2) 
PARAMETRIC_REPRESENTATION_CONTEXT() REPRESENTATION_CONTEXT('2D SPACE',''
  ) );
#16149 = PCURVE('',#15824,#16150);
#16150 = DEFINITIONAL_REPRESENTATION('',(#16151),#16155);
#16151 = B_SPLINE_CURVE_WITH_KNOTS('',2,(#16152,#16153,#16154),
  .UNSPECIFIED.,.F.,.F.,(3,3),(0.,1.),.PIECEWISE_BEZIER_KNOTS.);
#16152 = CARTESIAN_POINT('',(17.546875,9.189819335938));
#16153 = CARTESIAN_POINT('',(17.342529296875,8.895385742188));
#16154 = CARTESIAN_POINT('',(17.342529296875,8.102172851562));
#16155 = ( GEOMETRIC_REPRESENTATION_CONTEXT(2) 
PARAMETRIC_REPRESENTATION_CONTEXT() REPRESENTATION_CONTEXT('2D SPACE',''
  ) );
#16156 = ADVANCED_FACE('',(#16157),#14470,.T.);
#16157 = FACE_BOUND('',#16158,.T.);
#16158 = EDGE_LOOP('',(#16159,#16182,#16183,#16206));
#16159 = ORIENTED_EDGE('',*,*,#16160,.T.);
#16160 = EDGE_CURVE('',#16161,#14453,#16163,.T.);
#16161 = VERTEX_POINT('',#16162);
#16162 = CARTESIAN_POINT('',(-30.65747070312,-9.897827148438,2.5));
#16163 = SURFACE_CURVE('',#16164,(#16168,#16175),.PCURVE_S1.);
#16164 = LINE('',#16165,#16166);
#16165 = CARTESIAN_POINT('',(-30.65747070312,-9.897827148438,2.5));
#16166 = VECTOR('',#16167,1.);
#16167 = DIRECTION('',(-0.,-0.,-1.));
#16168 = PCURVE('',#14470,#16169);
#16169 = DEFINITIONAL_REPRESENTATION('',(#16170),#16174);
#16170 = LINE('',#16171,#16172);
#16171 = CARTESIAN_POINT('',(0.,0.));
#16172 = VECTOR('',#16173,1.);
#16173 = DIRECTION('',(0.,-1.));
#16174 = ( GEOMETRIC_REPRESENTATION_CONTEXT(2) 
PARAMETRIC_REPRESENTATION_CONTEXT() REPRESENTATION_CONTEXT('2D SPACE',''
  ) );
#16175 = PCURVE('',#14678,#16176);
#16176 = DEFINITIONAL_REPRESENTATION('',(#16177),#16181);
#16177 = LINE('',#16178,#16179);
#16178 = CARTESIAN_POINT('',(1.,0.));
#16179 = VECTOR('',#16180,1.);
#16180 = DIRECTION('',(0.,-1.));
#16181 = ( GEOMETRIC_REPRESENTATION_CONTEXT(2) 
PARAMETRIC_REPRESENTATION_CONTEXT() REPRESENTATION_CONTEXT('2D SPACE',''
  ) );
#16182 = ORIENTED_EDGE('',*,*,#14452,.T.);
#16183 = ORIENTED_EDGE('',*,*,#16184,.F.);
#16184 = EDGE_CURVE('',#16185,#14455,#16187,.T.);
#16185 = VERTEX_POINT('',#16186);
#16186 = CARTESIAN_POINT('',(-30.47180175781,-10.95361328125,2.5));
#16187 = SURFACE_CURVE('',#16188,(#16192,#16199),.PCURVE_S1.);
#16188 = LINE('',#16189,#16190);
#16189 = CARTESIAN_POINT('',(-30.47180175781,-10.95361328125,2.5));
#16190 = VECTOR('',#16191,1.);
#16191 = DIRECTION('',(-0.,-0.,-1.));
#16192 = PCURVE('',#14470,#16193);
#16193 = DEFINITIONAL_REPRESENTATION('',(#16194),#16198);
#16194 = LINE('',#16195,#16196);
#16195 = CARTESIAN_POINT('',(1.,0.));
#16196 = VECTOR('',#16197,1.);
#16197 = DIRECTION('',(0.,-1.));
#16198 = ( GEOMETRIC_REPRESENTATION_CONTEXT(2) 
PARAMETRIC_REPRESENTATION_CONTEXT() REPRESENTATION_CONTEXT('2D SPACE',''
  ) );
#16199 = PCURVE('',#14500,#16200);
#16200 = DEFINITIONAL_REPRESENTATION('',(#16201),#16205);
#16201 = LINE('',#16202,#16203);
#16202 = CARTESIAN_POINT('',(0.,0.));
#16203 = VECTOR('',#16204,1.);
#16204 = DIRECTION('',(0.,-1.));
#16205 = ( GEOMETRIC_REPRESENTATION_CONTEXT(2) 
PARAMETRIC_REPRESENTATION_CONTEXT() REPRESENTATION_CONTEXT('2D SPACE',''
  ) );
#16206 = ORIENTED_EDGE('',*,*,#16207,.F.);
#16207 = EDGE_CURVE('',#16161,#16185,#16208,.T.);
#16208 = SURFACE_CURVE('',#16209,(#16213,#16220),.PCURVE_S1.);
#16209 = B_SPLINE_CURVE_WITH_KNOTS('',2,(#16210,#16211,#16212),
  .UNSPECIFIED.,.F.,.F.,(3,3),(0.,1.),.PIECEWISE_BEZIER_KNOTS.);
#16210 = CARTESIAN_POINT('',(-30.65747070312,-9.897827148438,2.5));
#16211 = CARTESIAN_POINT('',(-30.65747070312,-10.69104003906,2.5));
#16212 = CARTESIAN_POINT('',(-30.47180175781,-10.95361328125,2.5));
#16213 = PCURVE('',#14470,#16214);
#16214 = DEFINITIONAL_REPRESENTATION('',(#16215),#16219);
#16215 = LINE('',#16216,#16217);
#16216 = CARTESIAN_POINT('',(0.,0.));
#16217 = VECTOR('',#16218,1.);
#16218 = DIRECTION('',(1.,0.));
#16219 = ( GEOMETRIC_REPRESENTATION_CONTEXT(2) 
PARAMETRIC_REPRESENTATION_CONTEXT() REPRESENTATION_CONTEXT('2D SPACE',''
  ) );
#16220 = PCURVE('',#16221,#16226);
#16221 = PLANE('',#16222);
#16222 = AXIS2_PLACEMENT_3D('',#16223,#16224,#16225);
#16223 = CARTESIAN_POINT('',(-80.,-18.,2.5));
#16224 = DIRECTION('',(0.,0.,1.));
#16225 = DIRECTION('',(1.,0.,0.));
#16226 = DEFINITIONAL_REPRESENTATION('',(#16227),#16231);
#16227 = B_SPLINE_CURVE_WITH_KNOTS('',2,(#16228,#16229,#16230),
  .UNSPECIFIED.,.F.,.F.,(3,3),(0.,1.),.PIECEWISE_BEZIER_KNOTS.);
#16228 = CARTESIAN_POINT('',(49.342529296875,8.102172851562));
#16229 = CARTESIAN_POINT('',(49.342529296875,7.308959960938));
#16230 = CARTESIAN_POINT('',(49.528198242188,7.04638671875));
#16231 = ( GEOMETRIC_REPRESENTATION_CONTEXT(2) 
PARAMETRIC_REPRESENTATION_CONTEXT() REPRESENTATION_CONTEXT('2D SPACE',''
  ) );
#16232 = ADVANCED_FACE('',(#16233),#14500,.T.);
#16233 = FACE_BOUND('',#16234,.T.);
#16234 = EDGE_LOOP('',(#16235,#16236,#16237,#16260));
#16235 = ORIENTED_EDGE('',*,*,#16184,.T.);
#16236 = ORIENTED_EDGE('',*,*,#14484,.T.);
#16237 = ORIENTED_EDGE('',*,*,#16238,.F.);
#16238 = EDGE_CURVE('',#16239,#14485,#16241,.T.);
#16239 = VERTEX_POINT('',#16240);
#16240 = CARTESIAN_POINT('',(-30.013671875,-11.21618652343,2.5));
#16241 = SURFACE_CURVE('',#16242,(#16246,#16253),.PCURVE_S1.);
#16242 = LINE('',#16243,#16244);
#16243 = CARTESIAN_POINT('',(-30.013671875,-11.21618652343,2.5));
#16244 = VECTOR('',#16245,1.);
#16245 = DIRECTION('',(-0.,-0.,-1.));
#16246 = PCURVE('',#14500,#16247);
#16247 = DEFINITIONAL_REPRESENTATION('',(#16248),#16252);
#16248 = LINE('',#16249,#16250);
#16249 = CARTESIAN_POINT('',(1.,0.));
#16250 = VECTOR('',#16251,1.);
#16251 = DIRECTION('',(0.,-1.));
#16252 = ( GEOMETRIC_REPRESENTATION_CONTEXT(2) 
PARAMETRIC_REPRESENTATION_CONTEXT() REPRESENTATION_CONTEXT('2D SPACE',''
  ) );
#16253 = PCURVE('',#14530,#16254);
#16254 = DEFINITIONAL_REPRESENTATION('',(#16255),#16259);
#16255 = LINE('',#16256,#16257);
#16256 = CARTESIAN_POINT('',(0.,0.));
#16257 = VECTOR('',#16258,1.);
#16258 = DIRECTION('',(0.,-1.));
#16259 = ( GEOMETRIC_REPRESENTATION_CONTEXT(2) 
PARAMETRIC_REPRESENTATION_CONTEXT() REPRESENTATION_CONTEXT('2D SPACE',''
  ) );
#16260 = ORIENTED_EDGE('',*,*,#16261,.F.);
#16261 = EDGE_CURVE('',#16185,#16239,#16262,.T.);
#16262 = SURFACE_CURVE('',#16263,(#16267,#16274),.PCURVE_S1.);
#16263 = B_SPLINE_CURVE_WITH_KNOTS('',2,(#16264,#16265,#16266),
  .UNSPECIFIED.,.F.,.F.,(3,3),(0.,1.),.PIECEWISE_BEZIER_KNOTS.);
#16264 = CARTESIAN_POINT('',(-30.47180175781,-10.95361328125,2.5));
#16265 = CARTESIAN_POINT('',(-30.2861328125,-11.21618652343,2.5));
#16266 = CARTESIAN_POINT('',(-30.013671875,-11.21618652343,2.5));
#16267 = PCURVE('',#14500,#16268);
#16268 = DEFINITIONAL_REPRESENTATION('',(#16269),#16273);
#16269 = LINE('',#16270,#16271);
#16270 = CARTESIAN_POINT('',(0.,0.));
#16271 = VECTOR('',#16272,1.);
#16272 = DIRECTION('',(1.,0.));
#16273 = ( GEOMETRIC_REPRESENTATION_CONTEXT(2) 
PARAMETRIC_REPRESENTATION_CONTEXT() REPRESENTATION_CONTEXT('2D SPACE',''
  ) );
#16274 = PCURVE('',#16221,#16275);
#16275 = DEFINITIONAL_REPRESENTATION('',(#16276),#16280);
#16276 = B_SPLINE_CURVE_WITH_KNOTS('',2,(#16277,#16278,#16279),
  .UNSPECIFIED.,.F.,.F.,(3,3),(0.,1.),.PIECEWISE_BEZIER_KNOTS.);
#16277 = CARTESIAN_POINT('',(49.528198242188,7.04638671875));
#16278 = CARTESIAN_POINT('',(49.7138671875,6.783813476562));
#16279 = CARTESIAN_POINT('',(49.986328125,6.783813476562));
#16280 = ( GEOMETRIC_REPRESENTATION_CONTEXT(2) 
PARAMETRIC_REPRESENTATION_CONTEXT() REPRESENTATION_CONTEXT('2D SPACE',''
  ) );
#16281 = ADVANCED_FACE('',(#16282),#14530,.T.);
#16282 = FACE_BOUND('',#16283,.T.);
#16283 = EDGE_LOOP('',(#16284,#16285,#16286,#16309));
#16284 = ORIENTED_EDGE('',*,*,#16238,.T.);
#16285 = ORIENTED_EDGE('',*,*,#14514,.T.);
#16286 = ORIENTED_EDGE('',*,*,#16287,.F.);
#16287 = EDGE_CURVE('',#16288,#14515,#16290,.T.);
#16288 = VERTEX_POINT('',#16289);
#16289 = CARTESIAN_POINT('',(-29.55554199218,-10.95251464843,2.5));
#16290 = SURFACE_CURVE('',#16291,(#16295,#16302),.PCURVE_S1.);
#16291 = LINE('',#16292,#16293);
#16292 = CARTESIAN_POINT('',(-29.55554199218,-10.95251464843,2.5));
#16293 = VECTOR('',#16294,1.);
#16294 = DIRECTION('',(-0.,-0.,-1.));
#16295 = PCURVE('',#14530,#16296);
#16296 = DEFINITIONAL_REPRESENTATION('',(#16297),#16301);
#16297 = LINE('',#16298,#16299);
#16298 = CARTESIAN_POINT('',(1.,0.));
#16299 = VECTOR('',#16300,1.);
#16300 = DIRECTION('',(0.,-1.));
#16301 = ( GEOMETRIC_REPRESENTATION_CONTEXT(2) 
PARAMETRIC_REPRESENTATION_CONTEXT() REPRESENTATION_CONTEXT('2D SPACE',''
  ) );
#16302 = PCURVE('',#14560,#16303);
#16303 = DEFINITIONAL_REPRESENTATION('',(#16304),#16308);
#16304 = LINE('',#16305,#16306);
#16305 = CARTESIAN_POINT('',(0.,0.));
#16306 = VECTOR('',#16307,1.);
#16307 = DIRECTION('',(0.,-1.));
#16308 = ( GEOMETRIC_REPRESENTATION_CONTEXT(2) 
PARAMETRIC_REPRESENTATION_CONTEXT() REPRESENTATION_CONTEXT('2D SPACE',''
  ) );
#16309 = ORIENTED_EDGE('',*,*,#16310,.F.);
#16310 = EDGE_CURVE('',#16239,#16288,#16311,.T.);
#16311 = SURFACE_CURVE('',#16312,(#16316,#16323),.PCURVE_S1.);
#16312 = B_SPLINE_CURVE_WITH_KNOTS('',2,(#16313,#16314,#16315),
  .UNSPECIFIED.,.F.,.F.,(3,3),(0.,1.),.PIECEWISE_BEZIER_KNOTS.);
#16313 = CARTESIAN_POINT('',(-30.013671875,-11.21618652343,2.5));
#16314 = CARTESIAN_POINT('',(-29.7412109375,-11.21618652343,2.5));
#16315 = CARTESIAN_POINT('',(-29.55554199218,-10.95251464843,2.5));
#16316 = PCURVE('',#14530,#16317);
#16317 = DEFINITIONAL_REPRESENTATION('',(#16318),#16322);
#16318 = LINE('',#16319,#16320);
#16319 = CARTESIAN_POINT('',(0.,0.));
#16320 = VECTOR('',#16321,1.);
#16321 = DIRECTION('',(1.,0.));
#16322 = ( GEOMETRIC_REPRESENTATION_CONTEXT(2) 
PARAMETRIC_REPRESENTATION_CONTEXT() REPRESENTATION_CONTEXT('2D SPACE',''
  ) );
#16323 = PCURVE('',#16221,#16324);
#16324 = DEFINITIONAL_REPRESENTATION('',(#16325),#16329);
#16325 = B_SPLINE_CURVE_WITH_KNOTS('',2,(#16326,#16327,#16328),
  .UNSPECIFIED.,.F.,.F.,(3,3),(0.,1.),.PIECEWISE_BEZIER_KNOTS.);
#16326 = CARTESIAN_POINT('',(49.986328125,6.783813476562));
#16327 = CARTESIAN_POINT('',(50.2587890625,6.783813476562));
#16328 = CARTESIAN_POINT('',(50.444458007812,7.047485351562));
#16329 = ( GEOMETRIC_REPRESENTATION_CONTEXT(2) 
PARAMETRIC_REPRESENTATION_CONTEXT() REPRESENTATION_CONTEXT('2D SPACE',''
  ) );
#16330 = ADVANCED_FACE('',(#16331),#14560,.T.);
#16331 = FACE_BOUND('',#16332,.T.);
#16332 = EDGE_LOOP('',(#16333,#16334,#16335,#16358));
#16333 = ORIENTED_EDGE('',*,*,#16287,.T.);
#16334 = ORIENTED_EDGE('',*,*,#14544,.T.);
#16335 = ORIENTED_EDGE('',*,*,#16336,.F.);
#16336 = EDGE_CURVE('',#16337,#14545,#16339,.T.);
#16337 = VERTEX_POINT('',#16338);
#16338 = CARTESIAN_POINT('',(-29.36987304687,-9.897827148438,2.5));
#16339 = SURFACE_CURVE('',#16340,(#16344,#16351),.PCURVE_S1.);
#16340 = LINE('',#16341,#16342);
#16341 = CARTESIAN_POINT('',(-29.36987304687,-9.897827148438,2.5));
#16342 = VECTOR('',#16343,1.);
#16343 = DIRECTION('',(-0.,-0.,-1.));
#16344 = PCURVE('',#14560,#16345);
#16345 = DEFINITIONAL_REPRESENTATION('',(#16346),#16350);
#16346 = LINE('',#16347,#16348);
#16347 = CARTESIAN_POINT('',(1.,0.));
#16348 = VECTOR('',#16349,1.);
#16349 = DIRECTION('',(0.,-1.));
#16350 = ( GEOMETRIC_REPRESENTATION_CONTEXT(2) 
PARAMETRIC_REPRESENTATION_CONTEXT() REPRESENTATION_CONTEXT('2D SPACE',''
  ) );
#16351 = PCURVE('',#14590,#16352);
#16352 = DEFINITIONAL_REPRESENTATION('',(#16353),#16357);
#16353 = LINE('',#16354,#16355);
#16354 = CARTESIAN_POINT('',(0.,0.));
#16355 = VECTOR('',#16356,1.);
#16356 = DIRECTION('',(0.,-1.));
#16357 = ( GEOMETRIC_REPRESENTATION_CONTEXT(2) 
PARAMETRIC_REPRESENTATION_CONTEXT() REPRESENTATION_CONTEXT('2D SPACE',''
  ) );
#16358 = ORIENTED_EDGE('',*,*,#16359,.F.);
#16359 = EDGE_CURVE('',#16288,#16337,#16360,.T.);
#16360 = SURFACE_CURVE('',#16361,(#16365,#16372),.PCURVE_S1.);
#16361 = B_SPLINE_CURVE_WITH_KNOTS('',2,(#16362,#16363,#16364),
  .UNSPECIFIED.,.F.,.F.,(3,3),(0.,1.),.PIECEWISE_BEZIER_KNOTS.);
#16362 = CARTESIAN_POINT('',(-29.55554199218,-10.95251464843,2.5));
#16363 = CARTESIAN_POINT('',(-29.36987304687,-10.68884277343,2.5));
#16364 = CARTESIAN_POINT('',(-29.36987304687,-9.897827148438,2.5));
#16365 = PCURVE('',#14560,#16366);
#16366 = DEFINITIONAL_REPRESENTATION('',(#16367),#16371);
#16367 = LINE('',#16368,#16369);
#16368 = CARTESIAN_POINT('',(0.,0.));
#16369 = VECTOR('',#16370,1.);
#16370 = DIRECTION('',(1.,0.));
#16371 = ( GEOMETRIC_REPRESENTATION_CONTEXT(2) 
PARAMETRIC_REPRESENTATION_CONTEXT() REPRESENTATION_CONTEXT('2D SPACE',''
  ) );
#16372 = PCURVE('',#16221,#16373);
#16373 = DEFINITIONAL_REPRESENTATION('',(#16374),#16378);
#16374 = B_SPLINE_CURVE_WITH_KNOTS('',2,(#16375,#16376,#16377),
  .UNSPECIFIED.,.F.,.F.,(3,3),(0.,1.),.PIECEWISE_BEZIER_KNOTS.);
#16375 = CARTESIAN_POINT('',(50.444458007812,7.047485351562));
#16376 = CARTESIAN_POINT('',(50.630126953125,7.311157226562));
#16377 = CARTESIAN_POINT('',(50.630126953125,8.102172851562));
#16378 = ( GEOMETRIC_REPRESENTATION_CONTEXT(2) 
PARAMETRIC_REPRESENTATION_CONTEXT() REPRESENTATION_CONTEXT('2D SPACE',''
  ) );
#16379 = ADVANCED_FACE('',(#16380),#14590,.T.);
#16380 = FACE_BOUND('',#16381,.T.);
#16381 = EDGE_LOOP('',(#16382,#16383,#16384,#16407));
#16382 = ORIENTED_EDGE('',*,*,#16336,.T.);
#16383 = ORIENTED_EDGE('',*,*,#14574,.T.);
#16384 = ORIENTED_EDGE('',*,*,#16385,.F.);
#16385 = EDGE_CURVE('',#16386,#14575,#16388,.T.);
#16386 = VERTEX_POINT('',#16387);
#16387 = CARTESIAN_POINT('',(-29.55554199218,-8.840942382812,2.5));
#16388 = SURFACE_CURVE('',#16389,(#16393,#16400),.PCURVE_S1.);
#16389 = LINE('',#16390,#16391);
#16390 = CARTESIAN_POINT('',(-29.55554199218,-8.840942382812,2.5));
#16391 = VECTOR('',#16392,1.);
#16392 = DIRECTION('',(-0.,-0.,-1.));
#16393 = PCURVE('',#14590,#16394);
#16394 = DEFINITIONAL_REPRESENTATION('',(#16395),#16399);
#16395 = LINE('',#16396,#16397);
#16396 = CARTESIAN_POINT('',(1.,0.));
#16397 = VECTOR('',#16398,1.);
#16398 = DIRECTION('',(0.,-1.));
#16399 = ( GEOMETRIC_REPRESENTATION_CONTEXT(2) 
PARAMETRIC_REPRESENTATION_CONTEXT() REPRESENTATION_CONTEXT('2D SPACE',''
  ) );
#16400 = PCURVE('',#14620,#16401);
#16401 = DEFINITIONAL_REPRESENTATION('',(#16402),#16406);
#16402 = LINE('',#16403,#16404);
#16403 = CARTESIAN_POINT('',(0.,0.));
#16404 = VECTOR('',#16405,1.);
#16405 = DIRECTION('',(0.,-1.));
#16406 = ( GEOMETRIC_REPRESENTATION_CONTEXT(2) 
PARAMETRIC_REPRESENTATION_CONTEXT() REPRESENTATION_CONTEXT('2D SPACE',''
  ) );
#16407 = ORIENTED_EDGE('',*,*,#16408,.F.);
#16408 = EDGE_CURVE('',#16337,#16386,#16409,.T.);
#16409 = SURFACE_CURVE('',#16410,(#16414,#16421),.PCURVE_S1.);
#16410 = B_SPLINE_CURVE_WITH_KNOTS('',2,(#16411,#16412,#16413),
  .UNSPECIFIED.,.F.,.F.,(3,3),(0.,1.),.PIECEWISE_BEZIER_KNOTS.);
#16411 = CARTESIAN_POINT('',(-29.36987304687,-9.897827148438,2.5));
#16412 = CARTESIAN_POINT('',(-29.36987304687,-9.102416992188,2.5));
#16413 = CARTESIAN_POINT('',(-29.55554199218,-8.840942382812,2.5));
#16414 = PCURVE('',#14590,#16415);
#16415 = DEFINITIONAL_REPRESENTATION('',(#16416),#16420);
#16416 = LINE('',#16417,#16418);
#16417 = CARTESIAN_POINT('',(0.,0.));
#16418 = VECTOR('',#16419,1.);
#16419 = DIRECTION('',(1.,0.));
#16420 = ( GEOMETRIC_REPRESENTATION_CONTEXT(2) 
PARAMETRIC_REPRESENTATION_CONTEXT() REPRESENTATION_CONTEXT('2D SPACE',''
  ) );
#16421 = PCURVE('',#16221,#16422);
#16422 = DEFINITIONAL_REPRESENTATION('',(#16423),#16427);
#16423 = B_SPLINE_CURVE_WITH_KNOTS('',2,(#16424,#16425,#16426),
  .UNSPECIFIED.,.F.,.F.,(3,3),(0.,1.),.PIECEWISE_BEZIER_KNOTS.);
#16424 = CARTESIAN_POINT('',(50.630126953125,8.102172851562));
#16425 = CARTESIAN_POINT('',(50.630126953125,8.897583007812));
#16426 = CARTESIAN_POINT('',(50.444458007812,9.159057617188));
#16427 = ( GEOMETRIC_REPRESENTATION_CONTEXT(2) 
PARAMETRIC_REPRESENTATION_CONTEXT() REPRESENTATION_CONTEXT('2D SPACE',''
  ) );
#16428 = ADVANCED_FACE('',(#16429),#14620,.T.);
#16429 = FACE_BOUND('',#16430,.T.);
#16430 = EDGE_LOOP('',(#16431,#16432,#16433,#16456));
#16431 = ORIENTED_EDGE('',*,*,#16385,.T.);
#16432 = ORIENTED_EDGE('',*,*,#14604,.T.);
#16433 = ORIENTED_EDGE('',*,*,#16434,.F.);
#16434 = EDGE_CURVE('',#16435,#14605,#16437,.T.);
#16435 = VERTEX_POINT('',#16436);
#16436 = CARTESIAN_POINT('',(-30.01806640625,-8.579467773438,2.5));
#16437 = SURFACE_CURVE('',#16438,(#16442,#16449),.PCURVE_S1.);
#16438 = LINE('',#16439,#16440);
#16439 = CARTESIAN_POINT('',(-30.01806640625,-8.579467773438,2.5));
#16440 = VECTOR('',#16441,1.);
#16441 = DIRECTION('',(-0.,-0.,-1.));
#16442 = PCURVE('',#14620,#16443);
#16443 = DEFINITIONAL_REPRESENTATION('',(#16444),#16448);
#16444 = LINE('',#16445,#16446);
#16445 = CARTESIAN_POINT('',(1.,0.));
#16446 = VECTOR('',#16447,1.);
#16447 = DIRECTION('',(0.,-1.));
#16448 = ( GEOMETRIC_REPRESENTATION_CONTEXT(2) 
PARAMETRIC_REPRESENTATION_CONTEXT() REPRESENTATION_CONTEXT('2D SPACE',''
  ) );
#16449 = PCURVE('',#14650,#16450);
#16450 = DEFINITIONAL_REPRESENTATION('',(#16451),#16455);
#16451 = LINE('',#16452,#16453);
#16452 = CARTESIAN_POINT('',(0.,0.));
#16453 = VECTOR('',#16454,1.);
#16454 = DIRECTION('',(0.,-1.));
#16455 = ( GEOMETRIC_REPRESENTATION_CONTEXT(2) 
PARAMETRIC_REPRESENTATION_CONTEXT() REPRESENTATION_CONTEXT('2D SPACE',''
  ) );
#16456 = ORIENTED_EDGE('',*,*,#16457,.F.);
#16457 = EDGE_CURVE('',#16386,#16435,#16458,.T.);
#16458 = SURFACE_CURVE('',#16459,(#16463,#16470),.PCURVE_S1.);
#16459 = B_SPLINE_CURVE_WITH_KNOTS('',2,(#16460,#16461,#16462),
  .UNSPECIFIED.,.F.,.F.,(3,3),(0.,1.),.PIECEWISE_BEZIER_KNOTS.);
#16460 = CARTESIAN_POINT('',(-29.55554199218,-8.840942382812,2.5));
#16461 = CARTESIAN_POINT('',(-29.7412109375,-8.579467773438,2.5));
#16462 = CARTESIAN_POINT('',(-30.01806640625,-8.579467773438,2.5));
#16463 = PCURVE('',#14620,#16464);
#16464 = DEFINITIONAL_REPRESENTATION('',(#16465),#16469);
#16465 = LINE('',#16466,#16467);
#16466 = CARTESIAN_POINT('',(0.,0.));
#16467 = VECTOR('',#16468,1.);
#16468 = DIRECTION('',(1.,0.));
#16469 = ( GEOMETRIC_REPRESENTATION_CONTEXT(2) 
PARAMETRIC_REPRESENTATION_CONTEXT() REPRESENTATION_CONTEXT('2D SPACE',''
  ) );
#16470 = PCURVE('',#16221,#16471);
#16471 = DEFINITIONAL_REPRESENTATION('',(#16472),#16476);
#16472 = B_SPLINE_CURVE_WITH_KNOTS('',2,(#16473,#16474,#16475),
  .UNSPECIFIED.,.F.,.F.,(3,3),(0.,1.),.PIECEWISE_BEZIER_KNOTS.);
#16473 = CARTESIAN_POINT('',(50.444458007812,9.159057617188));
#16474 = CARTESIAN_POINT('',(50.2587890625,9.420532226562));
#16475 = CARTESIAN_POINT('',(49.98193359375,9.420532226562));
#16476 = ( GEOMETRIC_REPRESENTATION_CONTEXT(2) 
PARAMETRIC_REPRESENTATION_CONTEXT() REPRESENTATION_CONTEXT('2D SPACE',''
  ) );
#16477 = ADVANCED_FACE('',(#16478),#14650,.T.);
#16478 = FACE_BOUND('',#16479,.T.);
#16479 = EDGE_LOOP('',(#16480,#16481,#16482,#16505));
#16480 = ORIENTED_EDGE('',*,*,#16434,.T.);
#16481 = ORIENTED_EDGE('',*,*,#14634,.T.);
#16482 = ORIENTED_EDGE('',*,*,#16483,.F.);
#16483 = EDGE_CURVE('',#16484,#14635,#16486,.T.);
#16484 = VERTEX_POINT('',#16485);
#16485 = CARTESIAN_POINT('',(-30.453125,-8.810180664062,2.5));
#16486 = SURFACE_CURVE('',#16487,(#16491,#16498),.PCURVE_S1.);
#16487 = LINE('',#16488,#16489);
#16488 = CARTESIAN_POINT('',(-30.453125,-8.810180664062,2.5));
#16489 = VECTOR('',#16490,1.);
#16490 = DIRECTION('',(-0.,-0.,-1.));
#16491 = PCURVE('',#14650,#16492);
#16492 = DEFINITIONAL_REPRESENTATION('',(#16493),#16497);
#16493 = LINE('',#16494,#16495);
#16494 = CARTESIAN_POINT('',(1.,0.));
#16495 = VECTOR('',#16496,1.);
#16496 = DIRECTION('',(0.,-1.));
#16497 = ( GEOMETRIC_REPRESENTATION_CONTEXT(2) 
PARAMETRIC_REPRESENTATION_CONTEXT() REPRESENTATION_CONTEXT('2D SPACE',''
  ) );
#16498 = PCURVE('',#14678,#16499);
#16499 = DEFINITIONAL_REPRESENTATION('',(#16500),#16504);
#16500 = LINE('',#16501,#16502);
#16501 = CARTESIAN_POINT('',(0.,0.));
#16502 = VECTOR('',#16503,1.);
#16503 = DIRECTION('',(0.,-1.));
#16504 = ( GEOMETRIC_REPRESENTATION_CONTEXT(2) 
PARAMETRIC_REPRESENTATION_CONTEXT() REPRESENTATION_CONTEXT('2D SPACE',''
  ) );
#16505 = ORIENTED_EDGE('',*,*,#16506,.F.);
#16506 = EDGE_CURVE('',#16435,#16484,#16507,.T.);
#16507 = SURFACE_CURVE('',#16508,(#16512,#16519),.PCURVE_S1.);
#16508 = B_SPLINE_CURVE_WITH_KNOTS('',2,(#16509,#16510,#16511),
  .UNSPECIFIED.,.F.,.F.,(3,3),(0.,1.),.PIECEWISE_BEZIER_KNOTS.);
#16509 = CARTESIAN_POINT('',(-30.01806640625,-8.579467773438,2.5));
#16510 = CARTESIAN_POINT('',(-30.29052734375,-8.579467773438,2.5));
#16511 = CARTESIAN_POINT('',(-30.453125,-8.810180664062,2.5));
#16512 = PCURVE('',#14650,#16513);
#16513 = DEFINITIONAL_REPRESENTATION('',(#16514),#16518);
#16514 = LINE('',#16515,#16516);
#16515 = CARTESIAN_POINT('',(0.,0.));
#16516 = VECTOR('',#16517,1.);
#16517 = DIRECTION('',(1.,0.));
#16518 = ( GEOMETRIC_REPRESENTATION_CONTEXT(2) 
PARAMETRIC_REPRESENTATION_CONTEXT() REPRESENTATION_CONTEXT('2D SPACE',''
  ) );
#16519 = PCURVE('',#16221,#16520);
#16520 = DEFINITIONAL_REPRESENTATION('',(#16521),#16525);
#16521 = B_SPLINE_CURVE_WITH_KNOTS('',2,(#16522,#16523,#16524),
  .UNSPECIFIED.,.F.,.F.,(3,3),(0.,1.),.PIECEWISE_BEZIER_KNOTS.);
#16522 = CARTESIAN_POINT('',(49.98193359375,9.420532226562));
#16523 = CARTESIAN_POINT('',(49.70947265625,9.420532226562));
#16524 = CARTESIAN_POINT('',(49.546875,9.189819335938));
#16525 = ( GEOMETRIC_REPRESENTATION_CONTEXT(2) 
PARAMETRIC_REPRESENTATION_CONTEXT() REPRESENTATION_CONTEXT('2D SPACE',''
  ) );
#16526 = ADVANCED_FACE('',(#16527),#14678,.T.);
#16527 = FACE_BOUND('',#16528,.T.);
#16528 = EDGE_LOOP('',(#16529,#16530,#16531,#16532));
#16529 = ORIENTED_EDGE('',*,*,#16483,.T.);
#16530 = ORIENTED_EDGE('',*,*,#14664,.T.);
#16531 = ORIENTED_EDGE('',*,*,#16160,.F.);
#16532 = ORIENTED_EDGE('',*,*,#16533,.F.);
#16533 = EDGE_CURVE('',#16484,#16161,#16534,.T.);
#16534 = SURFACE_CURVE('',#16535,(#16539,#16546),.PCURVE_S1.);
#16535 = B_SPLINE_CURVE_WITH_KNOTS('',2,(#16536,#16537,#16538),
  .UNSPECIFIED.,.F.,.F.,(3,3),(0.,1.),.PIECEWISE_BEZIER_KNOTS.);
#16536 = CARTESIAN_POINT('',(-30.453125,-8.810180664062,2.5));
#16537 = CARTESIAN_POINT('',(-30.65747070312,-9.104614257812,2.5));
#16538 = CARTESIAN_POINT('',(-30.65747070312,-9.897827148438,2.5));
#16539 = PCURVE('',#14678,#16540);
#16540 = DEFINITIONAL_REPRESENTATION('',(#16541),#16545);
#16541 = LINE('',#16542,#16543);
#16542 = CARTESIAN_POINT('',(0.,0.));
#16543 = VECTOR('',#16544,1.);
#16544 = DIRECTION('',(1.,0.));
#16545 = ( GEOMETRIC_REPRESENTATION_CONTEXT(2) 
PARAMETRIC_REPRESENTATION_CONTEXT() REPRESENTATION_CONTEXT('2D SPACE',''
  ) );
#16546 = PCURVE('',#16221,#16547);
#16547 = DEFINITIONAL_REPRESENTATION('',(#16548),#16552);
#16548 = B_SPLINE_CURVE_WITH_KNOTS('',2,(#16549,#16550,#16551),
  .UNSPECIFIED.,.F.,.F.,(3,3),(0.,1.),.PIECEWISE_BEZIER_KNOTS.);
#16549 = CARTESIAN_POINT('',(49.546875,9.189819335938));
#16550 = CARTESIAN_POINT('',(49.342529296875,8.895385742188));
#16551 = CARTESIAN_POINT('',(49.342529296875,8.102172851562));
#16552 = ( GEOMETRIC_REPRESENTATION_CONTEXT(2) 
PARAMETRIC_REPRESENTATION_CONTEXT() REPRESENTATION_CONTEXT('2D SPACE',''
  ) );
#16553 = ADVANCED_FACE('',(#16554),#14727,.T.);
#16554 = FACE_BOUND('',#16555,.T.);
#16555 = EDGE_LOOP('',(#16556,#16579,#16580,#16603));
#16556 = ORIENTED_EDGE('',*,*,#16557,.T.);
#16557 = EDGE_CURVE('',#16558,#14710,#16560,.T.);
#16558 = VERTEX_POINT('',#16559);
#16559 = CARTESIAN_POINT('',(-0.658081054688,-9.897827148438,2.5));
#16560 = SURFACE_CURVE('',#16561,(#16565,#16572),.PCURVE_S1.);
#16561 = LINE('',#16562,#16563);
#16562 = CARTESIAN_POINT('',(-0.658081054688,-9.897827148438,2.5));
#16563 = VECTOR('',#16564,1.);
#16564 = DIRECTION('',(-0.,-0.,-1.));
#16565 = PCURVE('',#14727,#16566);
#16566 = DEFINITIONAL_REPRESENTATION('',(#16567),#16571);
#16567 = LINE('',#16568,#16569);
#16568 = CARTESIAN_POINT('',(0.,0.));
#16569 = VECTOR('',#16570,1.);
#16570 = DIRECTION('',(0.,-1.));
#16571 = ( GEOMETRIC_REPRESENTATION_CONTEXT(2) 
PARAMETRIC_REPRESENTATION_CONTEXT() REPRESENTATION_CONTEXT('2D SPACE',''
  ) );
#16572 = PCURVE('',#14935,#16573);
#16573 = DEFINITIONAL_REPRESENTATION('',(#16574),#16578);
#16574 = LINE('',#16575,#16576);
#16575 = CARTESIAN_POINT('',(1.,0.));
#16576 = VECTOR('',#16577,1.);
#16577 = DIRECTION('',(0.,-1.));
#16578 = ( GEOMETRIC_REPRESENTATION_CONTEXT(2) 
PARAMETRIC_REPRESENTATION_CONTEXT() REPRESENTATION_CONTEXT('2D SPACE',''
  ) );
#16579 = ORIENTED_EDGE('',*,*,#14709,.T.);
#16580 = ORIENTED_EDGE('',*,*,#16581,.F.);
#16581 = EDGE_CURVE('',#16582,#14712,#16584,.T.);
#16582 = VERTEX_POINT('',#16583);
#16583 = CARTESIAN_POINT('',(-0.472412109375,-10.95361328125,2.5));
#16584 = SURFACE_CURVE('',#16585,(#16589,#16596),.PCURVE_S1.);
#16585 = LINE('',#16586,#16587);
#16586 = CARTESIAN_POINT('',(-0.472412109375,-10.95361328125,2.5));
#16587 = VECTOR('',#16588,1.);
#16588 = DIRECTION('',(-0.,-0.,-1.));
#16589 = PCURVE('',#14727,#16590);
#16590 = DEFINITIONAL_REPRESENTATION('',(#16591),#16595);
#16591 = LINE('',#16592,#16593);
#16592 = CARTESIAN_POINT('',(1.,0.));
#16593 = VECTOR('',#16594,1.);
#16594 = DIRECTION('',(0.,-1.));
#16595 = ( GEOMETRIC_REPRESENTATION_CONTEXT(2) 
PARAMETRIC_REPRESENTATION_CONTEXT() REPRESENTATION_CONTEXT('2D SPACE',''
  ) );
#16596 = PCURVE('',#14757,#16597);
#16597 = DEFINITIONAL_REPRESENTATION('',(#16598),#16602);
#16598 = LINE('',#16599,#16600);
#16599 = CARTESIAN_POINT('',(0.,0.));
#16600 = VECTOR('',#16601,1.);
#16601 = DIRECTION('',(0.,-1.));
#16602 = ( GEOMETRIC_REPRESENTATION_CONTEXT(2) 
PARAMETRIC_REPRESENTATION_CONTEXT() REPRESENTATION_CONTEXT('2D SPACE',''
  ) );
#16603 = ORIENTED_EDGE('',*,*,#16604,.F.);
#16604 = EDGE_CURVE('',#16558,#16582,#16605,.T.);
#16605 = SURFACE_CURVE('',#16606,(#16610,#16617),.PCURVE_S1.);
#16606 = B_SPLINE_CURVE_WITH_KNOTS('',2,(#16607,#16608,#16609),
  .UNSPECIFIED.,.F.,.F.,(3,3),(0.,1.),.PIECEWISE_BEZIER_KNOTS.);
#16607 = CARTESIAN_POINT('',(-0.658081054688,-9.897827148438,2.5));
#16608 = CARTESIAN_POINT('',(-0.658081054688,-10.69104003906,2.5));
#16609 = CARTESIAN_POINT('',(-0.472412109375,-10.95361328125,2.5));
#16610 = PCURVE('',#14727,#16611);
#16611 = DEFINITIONAL_REPRESENTATION('',(#16612),#16616);
#16612 = LINE('',#16613,#16614);
#16613 = CARTESIAN_POINT('',(0.,0.));
#16614 = VECTOR('',#16615,1.);
#16615 = DIRECTION('',(1.,0.));
#16616 = ( GEOMETRIC_REPRESENTATION_CONTEXT(2) 
PARAMETRIC_REPRESENTATION_CONTEXT() REPRESENTATION_CONTEXT('2D SPACE',''
  ) );
#16617 = PCURVE('',#16618,#16623);
#16618 = PLANE('',#16619);
#16619 = AXIS2_PLACEMENT_3D('',#16620,#16621,#16622);
#16620 = CARTESIAN_POINT('',(-80.,-18.,2.5));
#16621 = DIRECTION('',(0.,0.,1.));
#16622 = DIRECTION('',(1.,0.,0.));
#16623 = DEFINITIONAL_REPRESENTATION('',(#16624),#16628);
#16624 = B_SPLINE_CURVE_WITH_KNOTS('',2,(#16625,#16626,#16627),
  .UNSPECIFIED.,.F.,.F.,(3,3),(0.,1.),.PIECEWISE_BEZIER_KNOTS.);
#16625 = CARTESIAN_POINT('',(79.341918945312,8.102172851562));
#16626 = CARTESIAN_POINT('',(79.341918945312,7.308959960938));
#16627 = CARTESIAN_POINT('',(79.527587890625,7.04638671875));
#16628 = ( GEOMETRIC_REPRESENTATION_CONTEXT(2) 
PARAMETRIC_REPRESENTATION_CONTEXT() REPRESENTATION_CONTEXT('2D SPACE',''
  ) );
#16629 = ADVANCED_FACE('',(#16630),#14757,.T.);
#16630 = FACE_BOUND('',#16631,.T.);
#16631 = EDGE_LOOP('',(#16632,#16633,#16634,#16657));
#16632 = ORIENTED_EDGE('',*,*,#16581,.T.);
#16633 = ORIENTED_EDGE('',*,*,#14741,.T.);
#16634 = ORIENTED_EDGE('',*,*,#16635,.F.);
#16635 = EDGE_CURVE('',#16636,#14742,#16638,.T.);
#16636 = VERTEX_POINT('',#16637);
#16637 = CARTESIAN_POINT('',(-1.42822265625E-02,-11.21618652343,2.5));
#16638 = SURFACE_CURVE('',#16639,(#16643,#16650),.PCURVE_S1.);
#16639 = LINE('',#16640,#16641);
#16640 = CARTESIAN_POINT('',(-1.42822265625E-02,-11.21618652343,2.5));
#16641 = VECTOR('',#16642,1.);
#16642 = DIRECTION('',(-0.,-0.,-1.));
#16643 = PCURVE('',#14757,#16644);
#16644 = DEFINITIONAL_REPRESENTATION('',(#16645),#16649);
#16645 = LINE('',#16646,#16647);
#16646 = CARTESIAN_POINT('',(1.,0.));
#16647 = VECTOR('',#16648,1.);
#16648 = DIRECTION('',(0.,-1.));
#16649 = ( GEOMETRIC_REPRESENTATION_CONTEXT(2) 
PARAMETRIC_REPRESENTATION_CONTEXT() REPRESENTATION_CONTEXT('2D SPACE',''
  ) );
#16650 = PCURVE('',#14787,#16651);
#16651 = DEFINITIONAL_REPRESENTATION('',(#16652),#16656);
#16652 = LINE('',#16653,#16654);
#16653 = CARTESIAN_POINT('',(0.,0.));
#16654 = VECTOR('',#16655,1.);
#16655 = DIRECTION('',(0.,-1.));
#16656 = ( GEOMETRIC_REPRESENTATION_CONTEXT(2) 
PARAMETRIC_REPRESENTATION_CONTEXT() REPRESENTATION_CONTEXT('2D SPACE',''
  ) );
#16657 = ORIENTED_EDGE('',*,*,#16658,.F.);
#16658 = EDGE_CURVE('',#16582,#16636,#16659,.T.);
#16659 = SURFACE_CURVE('',#16660,(#16664,#16671),.PCURVE_S1.);
#16660 = B_SPLINE_CURVE_WITH_KNOTS('',2,(#16661,#16662,#16663),
  .UNSPECIFIED.,.F.,.F.,(3,3),(0.,1.),.PIECEWISE_BEZIER_KNOTS.);
#16661 = CARTESIAN_POINT('',(-0.472412109375,-10.95361328125,2.5));
#16662 = CARTESIAN_POINT('',(-0.286743164062,-11.21618652343,2.5));
#16663 = CARTESIAN_POINT('',(-1.42822265625E-02,-11.21618652343,2.5));
#16664 = PCURVE('',#14757,#16665);
#16665 = DEFINITIONAL_REPRESENTATION('',(#16666),#16670);
#16666 = LINE('',#16667,#16668);
#16667 = CARTESIAN_POINT('',(0.,0.));
#16668 = VECTOR('',#16669,1.);
#16669 = DIRECTION('',(1.,0.));
#16670 = ( GEOMETRIC_REPRESENTATION_CONTEXT(2) 
PARAMETRIC_REPRESENTATION_CONTEXT() REPRESENTATION_CONTEXT('2D SPACE',''
  ) );
#16671 = PCURVE('',#16618,#16672);
#16672 = DEFINITIONAL_REPRESENTATION('',(#16673),#16677);
#16673 = B_SPLINE_CURVE_WITH_KNOTS('',2,(#16674,#16675,#16676),
  .UNSPECIFIED.,.F.,.F.,(3,3),(0.,1.),.PIECEWISE_BEZIER_KNOTS.);
#16674 = CARTESIAN_POINT('',(79.527587890625,7.04638671875));
#16675 = CARTESIAN_POINT('',(79.713256835938,6.783813476562));
#16676 = CARTESIAN_POINT('',(79.985717773438,6.783813476562));
#16677 = ( GEOMETRIC_REPRESENTATION_CONTEXT(2) 
PARAMETRIC_REPRESENTATION_CONTEXT() REPRESENTATION_CONTEXT('2D SPACE',''
  ) );
#16678 = ADVANCED_FACE('',(#16679),#14787,.T.);
#16679 = FACE_BOUND('',#16680,.T.);
#16680 = EDGE_LOOP('',(#16681,#16682,#16683,#16706));
#16681 = ORIENTED_EDGE('',*,*,#16635,.T.);
#16682 = ORIENTED_EDGE('',*,*,#14771,.T.);
#16683 = ORIENTED_EDGE('',*,*,#16684,.F.);
#16684 = EDGE_CURVE('',#16685,#14772,#16687,.T.);
#16685 = VERTEX_POINT('',#16686);
#16686 = CARTESIAN_POINT('',(0.44384765625,-10.95251464843,2.5));
#16687 = SURFACE_CURVE('',#16688,(#16692,#16699),.PCURVE_S1.);
#16688 = LINE('',#16689,#16690);
#16689 = CARTESIAN_POINT('',(0.44384765625,-10.95251464843,2.5));
#16690 = VECTOR('',#16691,1.);
#16691 = DIRECTION('',(-0.,-0.,-1.));
#16692 = PCURVE('',#14787,#16693);
#16693 = DEFINITIONAL_REPRESENTATION('',(#16694),#16698);
#16694 = LINE('',#16695,#16696);
#16695 = CARTESIAN_POINT('',(1.,0.));
#16696 = VECTOR('',#16697,1.);
#16697 = DIRECTION('',(0.,-1.));
#16698 = ( GEOMETRIC_REPRESENTATION_CONTEXT(2) 
PARAMETRIC_REPRESENTATION_CONTEXT() REPRESENTATION_CONTEXT('2D SPACE',''
  ) );
#16699 = PCURVE('',#14817,#16700);
#16700 = DEFINITIONAL_REPRESENTATION('',(#16701),#16705);
#16701 = LINE('',#16702,#16703);
#16702 = CARTESIAN_POINT('',(0.,0.));
#16703 = VECTOR('',#16704,1.);
#16704 = DIRECTION('',(0.,-1.));
#16705 = ( GEOMETRIC_REPRESENTATION_CONTEXT(2) 
PARAMETRIC_REPRESENTATION_CONTEXT() REPRESENTATION_CONTEXT('2D SPACE',''
  ) );
#16706 = ORIENTED_EDGE('',*,*,#16707,.F.);
#16707 = EDGE_CURVE('',#16636,#16685,#16708,.T.);
#16708 = SURFACE_CURVE('',#16709,(#16713,#16720),.PCURVE_S1.);
#16709 = B_SPLINE_CURVE_WITH_KNOTS('',2,(#16710,#16711,#16712),
  .UNSPECIFIED.,.F.,.F.,(3,3),(0.,1.),.PIECEWISE_BEZIER_KNOTS.);
#16710 = CARTESIAN_POINT('',(-1.42822265625E-02,-11.21618652343,2.5));
#16711 = CARTESIAN_POINT('',(0.258178710938,-11.21618652343,2.5));
#16712 = CARTESIAN_POINT('',(0.44384765625,-10.95251464843,2.5));
#16713 = PCURVE('',#14787,#16714);
#16714 = DEFINITIONAL_REPRESENTATION('',(#16715),#16719);
#16715 = LINE('',#16716,#16717);
#16716 = CARTESIAN_POINT('',(0.,0.));
#16717 = VECTOR('',#16718,1.);
#16718 = DIRECTION('',(1.,0.));
#16719 = ( GEOMETRIC_REPRESENTATION_CONTEXT(2) 
PARAMETRIC_REPRESENTATION_CONTEXT() REPRESENTATION_CONTEXT('2D SPACE',''
  ) );
#16720 = PCURVE('',#16618,#16721);
#16721 = DEFINITIONAL_REPRESENTATION('',(#16722),#16726);
#16722 = B_SPLINE_CURVE_WITH_KNOTS('',2,(#16723,#16724,#16725),
  .UNSPECIFIED.,.F.,.F.,(3,3),(0.,1.),.PIECEWISE_BEZIER_KNOTS.);
#16723 = CARTESIAN_POINT('',(79.985717773438,6.783813476562));
#16724 = CARTESIAN_POINT('',(80.258178710938,6.783813476562));
#16725 = CARTESIAN_POINT('',(80.44384765625,7.047485351562));
#16726 = ( GEOMETRIC_REPRESENTATION_CONTEXT(2) 
PARAMETRIC_REPRESENTATION_CONTEXT() REPRESENTATION_CONTEXT('2D SPACE',''
  ) );
#16727 = ADVANCED_FACE('',(#16728),#14817,.T.);
#16728 = FACE_BOUND('',#16729,.T.);
#16729 = EDGE_LOOP('',(#16730,#16731,#16732,#16755));
#16730 = ORIENTED_EDGE('',*,*,#16684,.T.);
#16731 = ORIENTED_EDGE('',*,*,#14801,.T.);
#16732 = ORIENTED_EDGE('',*,*,#16733,.F.);
#16733 = EDGE_CURVE('',#16734,#14802,#16736,.T.);
#16734 = VERTEX_POINT('',#16735);
#16735 = CARTESIAN_POINT('',(0.629516601562,-9.897827148438,2.5));
#16736 = SURFACE_CURVE('',#16737,(#16741,#16748),.PCURVE_S1.);
#16737 = LINE('',#16738,#16739);
#16738 = CARTESIAN_POINT('',(0.629516601562,-9.897827148438,2.5));
#16739 = VECTOR('',#16740,1.);
#16740 = DIRECTION('',(-0.,-0.,-1.));
#16741 = PCURVE('',#14817,#16742);
#16742 = DEFINITIONAL_REPRESENTATION('',(#16743),#16747);
#16743 = LINE('',#16744,#16745);
#16744 = CARTESIAN_POINT('',(1.,0.));
#16745 = VECTOR('',#16746,1.);
#16746 = DIRECTION('',(0.,-1.));
#16747 = ( GEOMETRIC_REPRESENTATION_CONTEXT(2) 
PARAMETRIC_REPRESENTATION_CONTEXT() REPRESENTATION_CONTEXT('2D SPACE',''
  ) );
#16748 = PCURVE('',#14847,#16749);
#16749 = DEFINITIONAL_REPRESENTATION('',(#16750),#16754);
#16750 = LINE('',#16751,#16752);
#16751 = CARTESIAN_POINT('',(0.,0.));
#16752 = VECTOR('',#16753,1.);
#16753 = DIRECTION('',(0.,-1.));
#16754 = ( GEOMETRIC_REPRESENTATION_CONTEXT(2) 
PARAMETRIC_REPRESENTATION_CONTEXT() REPRESENTATION_CONTEXT('2D SPACE',''
  ) );
#16755 = ORIENTED_EDGE('',*,*,#16756,.F.);
#16756 = EDGE_CURVE('',#16685,#16734,#16757,.T.);
#16757 = SURFACE_CURVE('',#16758,(#16762,#16769),.PCURVE_S1.);
#16758 = B_SPLINE_CURVE_WITH_KNOTS('',2,(#16759,#16760,#16761),
  .UNSPECIFIED.,.F.,.F.,(3,3),(0.,1.),.PIECEWISE_BEZIER_KNOTS.);
#16759 = CARTESIAN_POINT('',(0.44384765625,-10.95251464843,2.5));
#16760 = CARTESIAN_POINT('',(0.629516601562,-10.68884277343,2.5));
#16761 = CARTESIAN_POINT('',(0.629516601562,-9.897827148438,2.5));
#16762 = PCURVE('',#14817,#16763);
#16763 = DEFINITIONAL_REPRESENTATION('',(#16764),#16768);
#16764 = LINE('',#16765,#16766);
#16765 = CARTESIAN_POINT('',(0.,0.));
#16766 = VECTOR('',#16767,1.);
#16767 = DIRECTION('',(1.,0.));
#16768 = ( GEOMETRIC_REPRESENTATION_CONTEXT(2) 
PARAMETRIC_REPRESENTATION_CONTEXT() REPRESENTATION_CONTEXT('2D SPACE',''
  ) );
#16769 = PCURVE('',#16618,#16770);
#16770 = DEFINITIONAL_REPRESENTATION('',(#16771),#16775);
#16771 = B_SPLINE_CURVE_WITH_KNOTS('',2,(#16772,#16773,#16774),
  .UNSPECIFIED.,.F.,.F.,(3,3),(0.,1.),.PIECEWISE_BEZIER_KNOTS.);
#16772 = CARTESIAN_POINT('',(80.44384765625,7.047485351562));
#16773 = CARTESIAN_POINT('',(80.629516601562,7.311157226562));
#16774 = CARTESIAN_POINT('',(80.629516601562,8.102172851562));
#16775 = ( GEOMETRIC_REPRESENTATION_CONTEXT(2) 
PARAMETRIC_REPRESENTATION_CONTEXT() REPRESENTATION_CONTEXT('2D SPACE',''
  ) );
#16776 = ADVANCED_FACE('',(#16777),#14847,.T.);
#16777 = FACE_BOUND('',#16778,.T.);
#16778 = EDGE_LOOP('',(#16779,#16780,#16781,#16804));
#16779 = ORIENTED_EDGE('',*,*,#16733,.T.);
#16780 = ORIENTED_EDGE('',*,*,#14831,.T.);
#16781 = ORIENTED_EDGE('',*,*,#16782,.F.);
#16782 = EDGE_CURVE('',#16783,#14832,#16785,.T.);
#16783 = VERTEX_POINT('',#16784);
#16784 = CARTESIAN_POINT('',(0.44384765625,-8.840942382812,2.5));
#16785 = SURFACE_CURVE('',#16786,(#16790,#16797),.PCURVE_S1.);
#16786 = LINE('',#16787,#16788);
#16787 = CARTESIAN_POINT('',(0.44384765625,-8.840942382812,2.5));
#16788 = VECTOR('',#16789,1.);
#16789 = DIRECTION('',(-0.,-0.,-1.));
#16790 = PCURVE('',#14847,#16791);
#16791 = DEFINITIONAL_REPRESENTATION('',(#16792),#16796);
#16792 = LINE('',#16793,#16794);
#16793 = CARTESIAN_POINT('',(1.,0.));
#16794 = VECTOR('',#16795,1.);
#16795 = DIRECTION('',(0.,-1.));
#16796 = ( GEOMETRIC_REPRESENTATION_CONTEXT(2) 
PARAMETRIC_REPRESENTATION_CONTEXT() REPRESENTATION_CONTEXT('2D SPACE',''
  ) );
#16797 = PCURVE('',#14877,#16798);
#16798 = DEFINITIONAL_REPRESENTATION('',(#16799),#16803);
#16799 = LINE('',#16800,#16801);
#16800 = CARTESIAN_POINT('',(0.,0.));
#16801 = VECTOR('',#16802,1.);
#16802 = DIRECTION('',(0.,-1.));
#16803 = ( GEOMETRIC_REPRESENTATION_CONTEXT(2) 
PARAMETRIC_REPRESENTATION_CONTEXT() REPRESENTATION_CONTEXT('2D SPACE',''
  ) );
#16804 = ORIENTED_EDGE('',*,*,#16805,.F.);
#16805 = EDGE_CURVE('',#16734,#16783,#16806,.T.);
#16806 = SURFACE_CURVE('',#16807,(#16811,#16818),.PCURVE_S1.);
#16807 = B_SPLINE_CURVE_WITH_KNOTS('',2,(#16808,#16809,#16810),
  .UNSPECIFIED.,.F.,.F.,(3,3),(0.,1.),.PIECEWISE_BEZIER_KNOTS.);
#16808 = CARTESIAN_POINT('',(0.629516601562,-9.897827148438,2.5));
#16809 = CARTESIAN_POINT('',(0.629516601562,-9.102416992188,2.5));
#16810 = CARTESIAN_POINT('',(0.44384765625,-8.840942382812,2.5));
#16811 = PCURVE('',#14847,#16812);
#16812 = DEFINITIONAL_REPRESENTATION('',(#16813),#16817);
#16813 = LINE('',#16814,#16815);
#16814 = CARTESIAN_POINT('',(0.,0.));
#16815 = VECTOR('',#16816,1.);
#16816 = DIRECTION('',(1.,0.));
#16817 = ( GEOMETRIC_REPRESENTATION_CONTEXT(2) 
PARAMETRIC_REPRESENTATION_CONTEXT() REPRESENTATION_CONTEXT('2D SPACE',''
  ) );
#16818 = PCURVE('',#16618,#16819);
#16819 = DEFINITIONAL_REPRESENTATION('',(#16820),#16824);
#16820 = B_SPLINE_CURVE_WITH_KNOTS('',2,(#16821,#16822,#16823),
  .UNSPECIFIED.,.F.,.F.,(3,3),(0.,1.),.PIECEWISE_BEZIER_KNOTS.);
#16821 = CARTESIAN_POINT('',(80.629516601562,8.102172851562));
#16822 = CARTESIAN_POINT('',(80.629516601562,8.897583007812));
#16823 = CARTESIAN_POINT('',(80.44384765625,9.159057617188));
#16824 = ( GEOMETRIC_REPRESENTATION_CONTEXT(2) 
PARAMETRIC_REPRESENTATION_CONTEXT() REPRESENTATION_CONTEXT('2D SPACE',''
  ) );
#16825 = ADVANCED_FACE('',(#16826),#14877,.T.);
#16826 = FACE_BOUND('',#16827,.T.);
#16827 = EDGE_LOOP('',(#16828,#16829,#16830,#16853));
#16828 = ORIENTED_EDGE('',*,*,#16782,.T.);
#16829 = ORIENTED_EDGE('',*,*,#14861,.T.);
#16830 = ORIENTED_EDGE('',*,*,#16831,.F.);
#16831 = EDGE_CURVE('',#16832,#14862,#16834,.T.);
#16832 = VERTEX_POINT('',#16833);
#16833 = CARTESIAN_POINT('',(-1.86767578125E-02,-8.579467773438,2.5));
#16834 = SURFACE_CURVE('',#16835,(#16839,#16846),.PCURVE_S1.);
#16835 = LINE('',#16836,#16837);
#16836 = CARTESIAN_POINT('',(-1.86767578125E-02,-8.579467773438,2.5));
#16837 = VECTOR('',#16838,1.);
#16838 = DIRECTION('',(-0.,-0.,-1.));
#16839 = PCURVE('',#14877,#16840);
#16840 = DEFINITIONAL_REPRESENTATION('',(#16841),#16845);
#16841 = LINE('',#16842,#16843);
#16842 = CARTESIAN_POINT('',(1.,0.));
#16843 = VECTOR('',#16844,1.);
#16844 = DIRECTION('',(0.,-1.));
#16845 = ( GEOMETRIC_REPRESENTATION_CONTEXT(2) 
PARAMETRIC_REPRESENTATION_CONTEXT() REPRESENTATION_CONTEXT('2D SPACE',''
  ) );
#16846 = PCURVE('',#14907,#16847);
#16847 = DEFINITIONAL_REPRESENTATION('',(#16848),#16852);
#16848 = LINE('',#16849,#16850);
#16849 = CARTESIAN_POINT('',(0.,0.));
#16850 = VECTOR('',#16851,1.);
#16851 = DIRECTION('',(0.,-1.));
#16852 = ( GEOMETRIC_REPRESENTATION_CONTEXT(2) 
PARAMETRIC_REPRESENTATION_CONTEXT() REPRESENTATION_CONTEXT('2D SPACE',''
  ) );
#16853 = ORIENTED_EDGE('',*,*,#16854,.F.);
#16854 = EDGE_CURVE('',#16783,#16832,#16855,.T.);
#16855 = SURFACE_CURVE('',#16856,(#16860,#16867),.PCURVE_S1.);
#16856 = B_SPLINE_CURVE_WITH_KNOTS('',2,(#16857,#16858,#16859),
  .UNSPECIFIED.,.F.,.F.,(3,3),(0.,1.),.PIECEWISE_BEZIER_KNOTS.);
#16857 = CARTESIAN_POINT('',(0.44384765625,-8.840942382812,2.5));
#16858 = CARTESIAN_POINT('',(0.258178710938,-8.579467773438,2.5));
#16859 = CARTESIAN_POINT('',(-1.86767578125E-02,-8.579467773438,2.5));
#16860 = PCURVE('',#14877,#16861);
#16861 = DEFINITIONAL_REPRESENTATION('',(#16862),#16866);
#16862 = LINE('',#16863,#16864);
#16863 = CARTESIAN_POINT('',(0.,0.));
#16864 = VECTOR('',#16865,1.);
#16865 = DIRECTION('',(1.,0.));
#16866 = ( GEOMETRIC_REPRESENTATION_CONTEXT(2) 
PARAMETRIC_REPRESENTATION_CONTEXT() REPRESENTATION_CONTEXT('2D SPACE',''
  ) );
#16867 = PCURVE('',#16618,#16868);
#16868 = DEFINITIONAL_REPRESENTATION('',(#16869),#16873);
#16869 = B_SPLINE_CURVE_WITH_KNOTS('',2,(#16870,#16871,#16872),
  .UNSPECIFIED.,.F.,.F.,(3,3),(0.,1.),.PIECEWISE_BEZIER_KNOTS.);
#16870 = CARTESIAN_POINT('',(80.44384765625,9.159057617188));
#16871 = CARTESIAN_POINT('',(80.258178710938,9.420532226562));
#16872 = CARTESIAN_POINT('',(79.981323242188,9.420532226562));
#16873 = ( GEOMETRIC_REPRESENTATION_CONTEXT(2) 
PARAMETRIC_REPRESENTATION_CONTEXT() REPRESENTATION_CONTEXT('2D SPACE',''
  ) );
#16874 = ADVANCED_FACE('',(#16875),#14907,.T.);
#16875 = FACE_BOUND('',#16876,.T.);
#16876 = EDGE_LOOP('',(#16877,#16878,#16879,#16902));
#16877 = ORIENTED_EDGE('',*,*,#16831,.T.);
#16878 = ORIENTED_EDGE('',*,*,#14891,.T.);
#16879 = ORIENTED_EDGE('',*,*,#16880,.F.);
#16880 = EDGE_CURVE('',#16881,#14892,#16883,.T.);
#16881 = VERTEX_POINT('',#16882);
#16882 = CARTESIAN_POINT('',(-0.453735351562,-8.810180664062,2.5));
#16883 = SURFACE_CURVE('',#16884,(#16888,#16895),.PCURVE_S1.);
#16884 = LINE('',#16885,#16886);
#16885 = CARTESIAN_POINT('',(-0.453735351562,-8.810180664062,2.5));
#16886 = VECTOR('',#16887,1.);
#16887 = DIRECTION('',(-0.,-0.,-1.));
#16888 = PCURVE('',#14907,#16889);
#16889 = DEFINITIONAL_REPRESENTATION('',(#16890),#16894);
#16890 = LINE('',#16891,#16892);
#16891 = CARTESIAN_POINT('',(1.,0.));
#16892 = VECTOR('',#16893,1.);
#16893 = DIRECTION('',(0.,-1.));
#16894 = ( GEOMETRIC_REPRESENTATION_CONTEXT(2) 
PARAMETRIC_REPRESENTATION_CONTEXT() REPRESENTATION_CONTEXT('2D SPACE',''
  ) );
#16895 = PCURVE('',#14935,#16896);
#16896 = DEFINITIONAL_REPRESENTATION('',(#16897),#16901);
#16897 = LINE('',#16898,#16899);
#16898 = CARTESIAN_POINT('',(0.,0.));
#16899 = VECTOR('',#16900,1.);
#16900 = DIRECTION('',(0.,-1.));
#16901 = ( GEOMETRIC_REPRESENTATION_CONTEXT(2) 
PARAMETRIC_REPRESENTATION_CONTEXT() REPRESENTATION_CONTEXT('2D SPACE',''
  ) );
#16902 = ORIENTED_EDGE('',*,*,#16903,.F.);
#16903 = EDGE_CURVE('',#16832,#16881,#16904,.T.);
#16904 = SURFACE_CURVE('',#16905,(#16909,#16916),.PCURVE_S1.);
#16905 = B_SPLINE_CURVE_WITH_KNOTS('',2,(#16906,#16907,#16908),
  .UNSPECIFIED.,.F.,.F.,(3,3),(0.,1.),.PIECEWISE_BEZIER_KNOTS.);
#16906 = CARTESIAN_POINT('',(-1.86767578125E-02,-8.579467773438,2.5));
#16907 = CARTESIAN_POINT('',(-0.291137695312,-8.579467773438,2.5));
#16908 = CARTESIAN_POINT('',(-0.453735351562,-8.810180664062,2.5));
#16909 = PCURVE('',#14907,#16910);
#16910 = DEFINITIONAL_REPRESENTATION('',(#16911),#16915);
#16911 = LINE('',#16912,#16913);
#16912 = CARTESIAN_POINT('',(0.,0.));
#16913 = VECTOR('',#16914,1.);
#16914 = DIRECTION('',(1.,0.));
#16915 = ( GEOMETRIC_REPRESENTATION_CONTEXT(2) 
PARAMETRIC_REPRESENTATION_CONTEXT() REPRESENTATION_CONTEXT('2D SPACE',''
  ) );
#16916 = PCURVE('',#16618,#16917);
#16917 = DEFINITIONAL_REPRESENTATION('',(#16918),#16922);
#16918 = B_SPLINE_CURVE_WITH_KNOTS('',2,(#16919,#16920,#16921),
  .UNSPECIFIED.,.F.,.F.,(3,3),(0.,1.),.PIECEWISE_BEZIER_KNOTS.);
#16919 = CARTESIAN_POINT('',(79.981323242188,9.420532226562));
#16920 = CARTESIAN_POINT('',(79.708862304688,9.420532226562));
#16921 = CARTESIAN_POINT('',(79.546264648438,9.189819335938));
#16922 = ( GEOMETRIC_REPRESENTATION_CONTEXT(2) 
PARAMETRIC_REPRESENTATION_CONTEXT() REPRESENTATION_CONTEXT('2D SPACE',''
  ) );
#16923 = ADVANCED_FACE('',(#16924),#14935,.T.);
#16924 = FACE_BOUND('',#16925,.T.);
#16925 = EDGE_LOOP('',(#16926,#16927,#16928,#16929));
#16926 = ORIENTED_EDGE('',*,*,#16880,.T.);
#16927 = ORIENTED_EDGE('',*,*,#14921,.T.);
#16928 = ORIENTED_EDGE('',*,*,#16557,.F.);
#16929 = ORIENTED_EDGE('',*,*,#16930,.F.);
#16930 = EDGE_CURVE('',#16881,#16558,#16931,.T.);
#16931 = SURFACE_CURVE('',#16932,(#16936,#16943),.PCURVE_S1.);
#16932 = B_SPLINE_CURVE_WITH_KNOTS('',2,(#16933,#16934,#16935),
  .UNSPECIFIED.,.F.,.F.,(3,3),(0.,1.),.PIECEWISE_BEZIER_KNOTS.);
#16933 = CARTESIAN_POINT('',(-0.453735351562,-8.810180664062,2.5));
#16934 = CARTESIAN_POINT('',(-0.658081054688,-9.104614257812,2.5));
#16935 = CARTESIAN_POINT('',(-0.658081054688,-9.897827148438,2.5));
#16936 = PCURVE('',#14935,#16937);
#16937 = DEFINITIONAL_REPRESENTATION('',(#16938),#16942);
#16938 = LINE('',#16939,#16940);
#16939 = CARTESIAN_POINT('',(0.,0.));
#16940 = VECTOR('',#16941,1.);
#16941 = DIRECTION('',(1.,0.));
#16942 = ( GEOMETRIC_REPRESENTATION_CONTEXT(2) 
PARAMETRIC_REPRESENTATION_CONTEXT() REPRESENTATION_CONTEXT('2D SPACE',''
  ) );
#16943 = PCURVE('',#16618,#16944);
#16944 = DEFINITIONAL_REPRESENTATION('',(#16945),#16949);
#16945 = B_SPLINE_CURVE_WITH_KNOTS('',2,(#16946,#16947,#16948),
  .UNSPECIFIED.,.F.,.F.,(3,3),(0.,1.),.PIECEWISE_BEZIER_KNOTS.);
#16946 = CARTESIAN_POINT('',(79.546264648438,9.189819335938));
#16947 = CARTESIAN_POINT('',(79.341918945312,8.895385742188));
#16948 = CARTESIAN_POINT('',(79.341918945312,8.102172851562));
#16949 = ( GEOMETRIC_REPRESENTATION_CONTEXT(2) 
PARAMETRIC_REPRESENTATION_CONTEXT() REPRESENTATION_CONTEXT('2D SPACE',''
  ) );
#16950 = ADVANCED_FACE('',(#16951),#14984,.T.);
#16951 = FACE_BOUND('',#16952,.T.);
#16952 = EDGE_LOOP('',(#16953,#16976,#16977,#17000));
#16953 = ORIENTED_EDGE('',*,*,#16954,.T.);
#16954 = EDGE_CURVE('',#16955,#14967,#16957,.T.);
#16955 = VERTEX_POINT('',#16956);
#16956 = CARTESIAN_POINT('',(31.404541015625,-9.897827148438,2.5));
#16957 = SURFACE_CURVE('',#16958,(#16962,#16969),.PCURVE_S1.);
#16958 = LINE('',#16959,#16960);
#16959 = CARTESIAN_POINT('',(31.404541015625,-9.897827148438,2.5));
#16960 = VECTOR('',#16961,1.);
#16961 = DIRECTION('',(-0.,-0.,-1.));
#16962 = PCURVE('',#14984,#16963);
#16963 = DEFINITIONAL_REPRESENTATION('',(#16964),#16968);
#16964 = LINE('',#16965,#16966);
#16965 = CARTESIAN_POINT('',(0.,0.));
#16966 = VECTOR('',#16967,1.);
#16967 = DIRECTION('',(0.,-1.));
#16968 = ( GEOMETRIC_REPRESENTATION_CONTEXT(2) 
PARAMETRIC_REPRESENTATION_CONTEXT() REPRESENTATION_CONTEXT('2D SPACE',''
  ) );
#16969 = PCURVE('',#15192,#16970);
#16970 = DEFINITIONAL_REPRESENTATION('',(#16971),#16975);
#16971 = LINE('',#16972,#16973);
#16972 = CARTESIAN_POINT('',(1.,0.));
#16973 = VECTOR('',#16974,1.);
#16974 = DIRECTION('',(0.,-1.));
#16975 = ( GEOMETRIC_REPRESENTATION_CONTEXT(2) 
PARAMETRIC_REPRESENTATION_CONTEXT() REPRESENTATION_CONTEXT('2D SPACE',''
  ) );
#16976 = ORIENTED_EDGE('',*,*,#14966,.T.);
#16977 = ORIENTED_EDGE('',*,*,#16978,.F.);
#16978 = EDGE_CURVE('',#16979,#14969,#16981,.T.);
#16979 = VERTEX_POINT('',#16980);
#16980 = CARTESIAN_POINT('',(31.590209960938,-10.95361328125,2.5));
#16981 = SURFACE_CURVE('',#16982,(#16986,#16993),.PCURVE_S1.);
#16982 = LINE('',#16983,#16984);
#16983 = CARTESIAN_POINT('',(31.590209960938,-10.95361328125,2.5));
#16984 = VECTOR('',#16985,1.);
#16985 = DIRECTION('',(-0.,-0.,-1.));
#16986 = PCURVE('',#14984,#16987);
#16987 = DEFINITIONAL_REPRESENTATION('',(#16988),#16992);
#16988 = LINE('',#16989,#16990);
#16989 = CARTESIAN_POINT('',(1.,0.));
#16990 = VECTOR('',#16991,1.);
#16991 = DIRECTION('',(0.,-1.));
#16992 = ( GEOMETRIC_REPRESENTATION_CONTEXT(2) 
PARAMETRIC_REPRESENTATION_CONTEXT() REPRESENTATION_CONTEXT('2D SPACE',''
  ) );
#16993 = PCURVE('',#15014,#16994);
#16994 = DEFINITIONAL_REPRESENTATION('',(#16995),#16999);
#16995 = LINE('',#16996,#16997);
#16996 = CARTESIAN_POINT('',(0.,0.));
#16997 = VECTOR('',#16998,1.);
#16998 = DIRECTION('',(0.,-1.));
#16999 = ( GEOMETRIC_REPRESENTATION_CONTEXT(2) 
PARAMETRIC_REPRESENTATION_CONTEXT() REPRESENTATION_CONTEXT('2D SPACE',''
  ) );
#17000 = ORIENTED_EDGE('',*,*,#17001,.F.);
#17001 = EDGE_CURVE('',#16955,#16979,#17002,.T.);
#17002 = SURFACE_CURVE('',#17003,(#17007,#17014),.PCURVE_S1.);
#17003 = B_SPLINE_CURVE_WITH_KNOTS('',2,(#17004,#17005,#17006),
  .UNSPECIFIED.,.F.,.F.,(3,3),(0.,1.),.PIECEWISE_BEZIER_KNOTS.);
#17004 = CARTESIAN_POINT('',(31.404541015625,-9.897827148438,2.5));
#17005 = CARTESIAN_POINT('',(31.404541015625,-10.69104003906,2.5));
#17006 = CARTESIAN_POINT('',(31.590209960938,-10.95361328125,2.5));
#17007 = PCURVE('',#14984,#17008);
#17008 = DEFINITIONAL_REPRESENTATION('',(#17009),#17013);
#17009 = LINE('',#17010,#17011);
#17010 = CARTESIAN_POINT('',(0.,0.));
#17011 = VECTOR('',#17012,1.);
#17012 = DIRECTION('',(1.,0.));
#17013 = ( GEOMETRIC_REPRESENTATION_CONTEXT(2) 
PARAMETRIC_REPRESENTATION_CONTEXT() REPRESENTATION_CONTEXT('2D SPACE',''
  ) );
#17014 = PCURVE('',#17015,#17020);
#17015 = PLANE('',#17016);
#17016 = AXIS2_PLACEMENT_3D('',#17017,#17018,#17019);
#17017 = CARTESIAN_POINT('',(-80.,-18.,2.5));
#17018 = DIRECTION('',(0.,0.,1.));
#17019 = DIRECTION('',(1.,0.,0.));
#17020 = DEFINITIONAL_REPRESENTATION('',(#17021),#17025);
#17021 = B_SPLINE_CURVE_WITH_KNOTS('',2,(#17022,#17023,#17024),
  .UNSPECIFIED.,.F.,.F.,(3,3),(0.,1.),.PIECEWISE_BEZIER_KNOTS.);
#17022 = CARTESIAN_POINT('',(111.40454101562,8.102172851562));
#17023 = CARTESIAN_POINT('',(111.40454101562,7.308959960938));
#17024 = CARTESIAN_POINT('',(111.59020996093,7.04638671875));
#17025 = ( GEOMETRIC_REPRESENTATION_CONTEXT(2) 
PARAMETRIC_REPRESENTATION_CONTEXT() REPRESENTATION_CONTEXT('2D SPACE',''
  ) );
#17026 = ADVANCED_FACE('',(#17027),#15014,.T.);
#17027 = FACE_BOUND('',#17028,.T.);
#17028 = EDGE_LOOP('',(#17029,#17030,#17031,#17054));
#17029 = ORIENTED_EDGE('',*,*,#16978,.T.);
#17030 = ORIENTED_EDGE('',*,*,#14998,.T.);
#17031 = ORIENTED_EDGE('',*,*,#17032,.F.);
#17032 = EDGE_CURVE('',#17033,#14999,#17035,.T.);
#17033 = VERTEX_POINT('',#17034);
#17034 = CARTESIAN_POINT('',(32.04833984375,-11.21618652343,2.5));
#17035 = SURFACE_CURVE('',#17036,(#17040,#17047),.PCURVE_S1.);
#17036 = LINE('',#17037,#17038);
#17037 = CARTESIAN_POINT('',(32.04833984375,-11.21618652343,2.5));
#17038 = VECTOR('',#17039,1.);
#17039 = DIRECTION('',(-0.,-0.,-1.));
#17040 = PCURVE('',#15014,#17041);
#17041 = DEFINITIONAL_REPRESENTATION('',(#17042),#17046);
#17042 = LINE('',#17043,#17044);
#17043 = CARTESIAN_POINT('',(1.,0.));
#17044 = VECTOR('',#17045,1.);
#17045 = DIRECTION('',(0.,-1.));
#17046 = ( GEOMETRIC_REPRESENTATION_CONTEXT(2) 
PARAMETRIC_REPRESENTATION_CONTEXT() REPRESENTATION_CONTEXT('2D SPACE',''
  ) );
#17047 = PCURVE('',#15044,#17048);
#17048 = DEFINITIONAL_REPRESENTATION('',(#17049),#17053);
#17049 = LINE('',#17050,#17051);
#17050 = CARTESIAN_POINT('',(0.,0.));
#17051 = VECTOR('',#17052,1.);
#17052 = DIRECTION('',(0.,-1.));
#17053 = ( GEOMETRIC_REPRESENTATION_CONTEXT(2) 
PARAMETRIC_REPRESENTATION_CONTEXT() REPRESENTATION_CONTEXT('2D SPACE',''
  ) );
#17054 = ORIENTED_EDGE('',*,*,#17055,.F.);
#17055 = EDGE_CURVE('',#16979,#17033,#17056,.T.);
#17056 = SURFACE_CURVE('',#17057,(#17061,#17068),.PCURVE_S1.);
#17057 = B_SPLINE_CURVE_WITH_KNOTS('',2,(#17058,#17059,#17060),
  .UNSPECIFIED.,.F.,.F.,(3,3),(0.,1.),.PIECEWISE_BEZIER_KNOTS.);
#17058 = CARTESIAN_POINT('',(31.590209960938,-10.95361328125,2.5));
#17059 = CARTESIAN_POINT('',(31.77587890625,-11.21618652343,2.5));
#17060 = CARTESIAN_POINT('',(32.04833984375,-11.21618652343,2.5));
#17061 = PCURVE('',#15014,#17062);
#17062 = DEFINITIONAL_REPRESENTATION('',(#17063),#17067);
#17063 = LINE('',#17064,#17065);
#17064 = CARTESIAN_POINT('',(0.,0.));
#17065 = VECTOR('',#17066,1.);
#17066 = DIRECTION('',(1.,0.));
#17067 = ( GEOMETRIC_REPRESENTATION_CONTEXT(2) 
PARAMETRIC_REPRESENTATION_CONTEXT() REPRESENTATION_CONTEXT('2D SPACE',''
  ) );
#17068 = PCURVE('',#17015,#17069);
#17069 = DEFINITIONAL_REPRESENTATION('',(#17070),#17074);
#17070 = B_SPLINE_CURVE_WITH_KNOTS('',2,(#17071,#17072,#17073),
  .UNSPECIFIED.,.F.,.F.,(3,3),(0.,1.),.PIECEWISE_BEZIER_KNOTS.);
#17071 = CARTESIAN_POINT('',(111.59020996093,7.04638671875));
#17072 = CARTESIAN_POINT('',(111.77587890625,6.783813476562));
#17073 = CARTESIAN_POINT('',(112.04833984375,6.783813476562));
#17074 = ( GEOMETRIC_REPRESENTATION_CONTEXT(2) 
PARAMETRIC_REPRESENTATION_CONTEXT() REPRESENTATION_CONTEXT('2D SPACE',''
  ) );
#17075 = ADVANCED_FACE('',(#17076),#15044,.T.);
#17076 = FACE_BOUND('',#17077,.T.);
#17077 = EDGE_LOOP('',(#17078,#17079,#17080,#17103));
#17078 = ORIENTED_EDGE('',*,*,#17032,.T.);
#17079 = ORIENTED_EDGE('',*,*,#15028,.T.);
#17080 = ORIENTED_EDGE('',*,*,#17081,.F.);
#17081 = EDGE_CURVE('',#17082,#15029,#17084,.T.);
#17082 = VERTEX_POINT('',#17083);
#17083 = CARTESIAN_POINT('',(32.506469726562,-10.95251464843,2.5));
#17084 = SURFACE_CURVE('',#17085,(#17089,#17096),.PCURVE_S1.);
#17085 = LINE('',#17086,#17087);
#17086 = CARTESIAN_POINT('',(32.506469726562,-10.95251464843,2.5));
#17087 = VECTOR('',#17088,1.);
#17088 = DIRECTION('',(-0.,-0.,-1.));
#17089 = PCURVE('',#15044,#17090);
#17090 = DEFINITIONAL_REPRESENTATION('',(#17091),#17095);
#17091 = LINE('',#17092,#17093);
#17092 = CARTESIAN_POINT('',(1.,0.));
#17093 = VECTOR('',#17094,1.);
#17094 = DIRECTION('',(0.,-1.));
#17095 = ( GEOMETRIC_REPRESENTATION_CONTEXT(2) 
PARAMETRIC_REPRESENTATION_CONTEXT() REPRESENTATION_CONTEXT('2D SPACE',''
  ) );
#17096 = PCURVE('',#15074,#17097);
#17097 = DEFINITIONAL_REPRESENTATION('',(#17098),#17102);
#17098 = LINE('',#17099,#17100);
#17099 = CARTESIAN_POINT('',(0.,0.));
#17100 = VECTOR('',#17101,1.);
#17101 = DIRECTION('',(0.,-1.));
#17102 = ( GEOMETRIC_REPRESENTATION_CONTEXT(2) 
PARAMETRIC_REPRESENTATION_CONTEXT() REPRESENTATION_CONTEXT('2D SPACE',''
  ) );
#17103 = ORIENTED_EDGE('',*,*,#17104,.F.);
#17104 = EDGE_CURVE('',#17033,#17082,#17105,.T.);
#17105 = SURFACE_CURVE('',#17106,(#17110,#17117),.PCURVE_S1.);
#17106 = B_SPLINE_CURVE_WITH_KNOTS('',2,(#17107,#17108,#17109),
  .UNSPECIFIED.,.F.,.F.,(3,3),(0.,1.),.PIECEWISE_BEZIER_KNOTS.);
#17107 = CARTESIAN_POINT('',(32.04833984375,-11.21618652343,2.5));
#17108 = CARTESIAN_POINT('',(32.32080078125,-11.21618652343,2.5));
#17109 = CARTESIAN_POINT('',(32.506469726562,-10.95251464843,2.5));
#17110 = PCURVE('',#15044,#17111);
#17111 = DEFINITIONAL_REPRESENTATION('',(#17112),#17116);
#17112 = LINE('',#17113,#17114);
#17113 = CARTESIAN_POINT('',(0.,0.));
#17114 = VECTOR('',#17115,1.);
#17115 = DIRECTION('',(1.,0.));
#17116 = ( GEOMETRIC_REPRESENTATION_CONTEXT(2) 
PARAMETRIC_REPRESENTATION_CONTEXT() REPRESENTATION_CONTEXT('2D SPACE',''
  ) );
#17117 = PCURVE('',#17015,#17118);
#17118 = DEFINITIONAL_REPRESENTATION('',(#17119),#17123);
#17119 = B_SPLINE_CURVE_WITH_KNOTS('',2,(#17120,#17121,#17122),
  .UNSPECIFIED.,.F.,.F.,(3,3),(0.,1.),.PIECEWISE_BEZIER_KNOTS.);
#17120 = CARTESIAN_POINT('',(112.04833984375,6.783813476562));
#17121 = CARTESIAN_POINT('',(112.32080078125,6.783813476562));
#17122 = CARTESIAN_POINT('',(112.50646972656,7.047485351562));
#17123 = ( GEOMETRIC_REPRESENTATION_CONTEXT(2) 
PARAMETRIC_REPRESENTATION_CONTEXT() REPRESENTATION_CONTEXT('2D SPACE',''
  ) );
#17124 = ADVANCED_FACE('',(#17125),#15074,.T.);
#17125 = FACE_BOUND('',#17126,.T.);
#17126 = EDGE_LOOP('',(#17127,#17128,#17129,#17152));
#17127 = ORIENTED_EDGE('',*,*,#17081,.T.);
#17128 = ORIENTED_EDGE('',*,*,#15058,.T.);
#17129 = ORIENTED_EDGE('',*,*,#17130,.F.);
#17130 = EDGE_CURVE('',#17131,#15059,#17133,.T.);
#17131 = VERTEX_POINT('',#17132);
#17132 = CARTESIAN_POINT('',(32.692138671875,-9.897827148438,2.5));
#17133 = SURFACE_CURVE('',#17134,(#17138,#17145),.PCURVE_S1.);
#17134 = LINE('',#17135,#17136);
#17135 = CARTESIAN_POINT('',(32.692138671875,-9.897827148438,2.5));
#17136 = VECTOR('',#17137,1.);
#17137 = DIRECTION('',(-0.,-0.,-1.));
#17138 = PCURVE('',#15074,#17139);
#17139 = DEFINITIONAL_REPRESENTATION('',(#17140),#17144);
#17140 = LINE('',#17141,#17142);
#17141 = CARTESIAN_POINT('',(1.,0.));
#17142 = VECTOR('',#17143,1.);
#17143 = DIRECTION('',(0.,-1.));
#17144 = ( GEOMETRIC_REPRESENTATION_CONTEXT(2) 
PARAMETRIC_REPRESENTATION_CONTEXT() REPRESENTATION_CONTEXT('2D SPACE',''
  ) );
#17145 = PCURVE('',#15104,#17146);
#17146 = DEFINITIONAL_REPRESENTATION('',(#17147),#17151);
#17147 = LINE('',#17148,#17149);
#17148 = CARTESIAN_POINT('',(0.,0.));
#17149 = VECTOR('',#17150,1.);
#17150 = DIRECTION('',(0.,-1.));
#17151 = ( GEOMETRIC_REPRESENTATION_CONTEXT(2) 
PARAMETRIC_REPRESENTATION_CONTEXT() REPRESENTATION_CONTEXT('2D SPACE',''
  ) );
#17152 = ORIENTED_EDGE('',*,*,#17153,.F.);
#17153 = EDGE_CURVE('',#17082,#17131,#17154,.T.);
#17154 = SURFACE_CURVE('',#17155,(#17159,#17166),.PCURVE_S1.);
#17155 = B_SPLINE_CURVE_WITH_KNOTS('',2,(#17156,#17157,#17158),
  .UNSPECIFIED.,.F.,.F.,(3,3),(0.,1.),.PIECEWISE_BEZIER_KNOTS.);
#17156 = CARTESIAN_POINT('',(32.506469726562,-10.95251464843,2.5));
#17157 = CARTESIAN_POINT('',(32.692138671875,-10.68884277343,2.5));
#17158 = CARTESIAN_POINT('',(32.692138671875,-9.897827148438,2.5));
#17159 = PCURVE('',#15074,#17160);
#17160 = DEFINITIONAL_REPRESENTATION('',(#17161),#17165);
#17161 = LINE('',#17162,#17163);
#17162 = CARTESIAN_POINT('',(0.,0.));
#17163 = VECTOR('',#17164,1.);
#17164 = DIRECTION('',(1.,0.));
#17165 = ( GEOMETRIC_REPRESENTATION_CONTEXT(2) 
PARAMETRIC_REPRESENTATION_CONTEXT() REPRESENTATION_CONTEXT('2D SPACE',''
  ) );
#17166 = PCURVE('',#17015,#17167);
#17167 = DEFINITIONAL_REPRESENTATION('',(#17168),#17172);
#17168 = B_SPLINE_CURVE_WITH_KNOTS('',2,(#17169,#17170,#17171),
  .UNSPECIFIED.,.F.,.F.,(3,3),(0.,1.),.PIECEWISE_BEZIER_KNOTS.);
#17169 = CARTESIAN_POINT('',(112.50646972656,7.047485351562));
#17170 = CARTESIAN_POINT('',(112.69213867187,7.311157226562));
#17171 = CARTESIAN_POINT('',(112.69213867187,8.102172851562));
#17172 = ( GEOMETRIC_REPRESENTATION_CONTEXT(2) 
PARAMETRIC_REPRESENTATION_CONTEXT() REPRESENTATION_CONTEXT('2D SPACE',''
  ) );
#17173 = ADVANCED_FACE('',(#17174),#15104,.T.);
#17174 = FACE_BOUND('',#17175,.T.);
#17175 = EDGE_LOOP('',(#17176,#17177,#17178,#17201));
#17176 = ORIENTED_EDGE('',*,*,#17130,.T.);
#17177 = ORIENTED_EDGE('',*,*,#15088,.T.);
#17178 = ORIENTED_EDGE('',*,*,#17179,.F.);
#17179 = EDGE_CURVE('',#17180,#15089,#17182,.T.);
#17180 = VERTEX_POINT('',#17181);
#17181 = CARTESIAN_POINT('',(32.506469726562,-8.840942382812,2.5));
#17182 = SURFACE_CURVE('',#17183,(#17187,#17194),.PCURVE_S1.);
#17183 = LINE('',#17184,#17185);
#17184 = CARTESIAN_POINT('',(32.506469726562,-8.840942382812,2.5));
#17185 = VECTOR('',#17186,1.);
#17186 = DIRECTION('',(-0.,-0.,-1.));
#17187 = PCURVE('',#15104,#17188);
#17188 = DEFINITIONAL_REPRESENTATION('',(#17189),#17193);
#17189 = LINE('',#17190,#17191);
#17190 = CARTESIAN_POINT('',(1.,0.));
#17191 = VECTOR('',#17192,1.);
#17192 = DIRECTION('',(0.,-1.));
#17193 = ( GEOMETRIC_REPRESENTATION_CONTEXT(2) 
PARAMETRIC_REPRESENTATION_CONTEXT() REPRESENTATION_CONTEXT('2D SPACE',''
  ) );
#17194 = PCURVE('',#15134,#17195);
#17195 = DEFINITIONAL_REPRESENTATION('',(#17196),#17200);
#17196 = LINE('',#17197,#17198);
#17197 = CARTESIAN_POINT('',(0.,0.));
#17198 = VECTOR('',#17199,1.);
#17199 = DIRECTION('',(0.,-1.));
#17200 = ( GEOMETRIC_REPRESENTATION_CONTEXT(2) 
PARAMETRIC_REPRESENTATION_CONTEXT() REPRESENTATION_CONTEXT('2D SPACE',''
  ) );
#17201 = ORIENTED_EDGE('',*,*,#17202,.F.);
#17202 = EDGE_CURVE('',#17131,#17180,#17203,.T.);
#17203 = SURFACE_CURVE('',#17204,(#17208,#17215),.PCURVE_S1.);
#17204 = B_SPLINE_CURVE_WITH_KNOTS('',2,(#17205,#17206,#17207),
  .UNSPECIFIED.,.F.,.F.,(3,3),(0.,1.),.PIECEWISE_BEZIER_KNOTS.);
#17205 = CARTESIAN_POINT('',(32.692138671875,-9.897827148438,2.5));
#17206 = CARTESIAN_POINT('',(32.692138671875,-9.102416992188,2.5));
#17207 = CARTESIAN_POINT('',(32.506469726562,-8.840942382812,2.5));
#17208 = PCURVE('',#15104,#17209);
#17209 = DEFINITIONAL_REPRESENTATION('',(#17210),#17214);
#17210 = LINE('',#17211,#17212);
#17211 = CARTESIAN_POINT('',(0.,0.));
#17212 = VECTOR('',#17213,1.);
#17213 = DIRECTION('',(1.,0.));
#17214 = ( GEOMETRIC_REPRESENTATION_CONTEXT(2) 
PARAMETRIC_REPRESENTATION_CONTEXT() REPRESENTATION_CONTEXT('2D SPACE',''
  ) );
#17215 = PCURVE('',#17015,#17216);
#17216 = DEFINITIONAL_REPRESENTATION('',(#17217),#17221);
#17217 = B_SPLINE_CURVE_WITH_KNOTS('',2,(#17218,#17219,#17220),
  .UNSPECIFIED.,.F.,.F.,(3,3),(0.,1.),.PIECEWISE_BEZIER_KNOTS.);
#17218 = CARTESIAN_POINT('',(112.69213867187,8.102172851562));
#17219 = CARTESIAN_POINT('',(112.69213867187,8.897583007812));
#17220 = CARTESIAN_POINT('',(112.50646972656,9.159057617188));
#17221 = ( GEOMETRIC_REPRESENTATION_CONTEXT(2) 
PARAMETRIC_REPRESENTATION_CONTEXT() REPRESENTATION_CONTEXT('2D SPACE',''
  ) );
#17222 = ADVANCED_FACE('',(#17223),#15134,.T.);
#17223 = FACE_BOUND('',#17224,.T.);
#17224 = EDGE_LOOP('',(#17225,#17226,#17227,#17250));
#17225 = ORIENTED_EDGE('',*,*,#17179,.T.);
#17226 = ORIENTED_EDGE('',*,*,#15118,.T.);
#17227 = ORIENTED_EDGE('',*,*,#17228,.F.);
#17228 = EDGE_CURVE('',#17229,#15119,#17231,.T.);
#17229 = VERTEX_POINT('',#17230);
#17230 = CARTESIAN_POINT('',(32.0439453125,-8.579467773438,2.5));
#17231 = SURFACE_CURVE('',#17232,(#17236,#17243),.PCURVE_S1.);
#17232 = LINE('',#17233,#17234);
#17233 = CARTESIAN_POINT('',(32.0439453125,-8.579467773438,2.5));
#17234 = VECTOR('',#17235,1.);
#17235 = DIRECTION('',(-0.,-0.,-1.));
#17236 = PCURVE('',#15134,#17237);
#17237 = DEFINITIONAL_REPRESENTATION('',(#17238),#17242);
#17238 = LINE('',#17239,#17240);
#17239 = CARTESIAN_POINT('',(1.,0.));
#17240 = VECTOR('',#17241,1.);
#17241 = DIRECTION('',(0.,-1.));
#17242 = ( GEOMETRIC_REPRESENTATION_CONTEXT(2) 
PARAMETRIC_REPRESENTATION_CONTEXT() REPRESENTATION_CONTEXT('2D SPACE',''
  ) );
#17243 = PCURVE('',#15164,#17244);
#17244 = DEFINITIONAL_REPRESENTATION('',(#17245),#17249);
#17245 = LINE('',#17246,#17247);
#17246 = CARTESIAN_POINT('',(0.,0.));
#17247 = VECTOR('',#17248,1.);
#17248 = DIRECTION('',(0.,-1.));
#17249 = ( GEOMETRIC_REPRESENTATION_CONTEXT(2) 
PARAMETRIC_REPRESENTATION_CONTEXT() REPRESENTATION_CONTEXT('2D SPACE',''
  ) );
#17250 = ORIENTED_EDGE('',*,*,#17251,.F.);
#17251 = EDGE_CURVE('',#17180,#17229,#17252,.T.);
#17252 = SURFACE_CURVE('',#17253,(#17257,#17264),.PCURVE_S1.);
#17253 = B_SPLINE_CURVE_WITH_KNOTS('',2,(#17254,#17255,#17256),
  .UNSPECIFIED.,.F.,.F.,(3,3),(0.,1.),.PIECEWISE_BEZIER_KNOTS.);
#17254 = CARTESIAN_POINT('',(32.506469726562,-8.840942382812,2.5));
#17255 = CARTESIAN_POINT('',(32.32080078125,-8.579467773438,2.5));
#17256 = CARTESIAN_POINT('',(32.0439453125,-8.579467773438,2.5));
#17257 = PCURVE('',#15134,#17258);
#17258 = DEFINITIONAL_REPRESENTATION('',(#17259),#17263);
#17259 = LINE('',#17260,#17261);
#17260 = CARTESIAN_POINT('',(0.,0.));
#17261 = VECTOR('',#17262,1.);
#17262 = DIRECTION('',(1.,0.));
#17263 = ( GEOMETRIC_REPRESENTATION_CONTEXT(2) 
PARAMETRIC_REPRESENTATION_CONTEXT() REPRESENTATION_CONTEXT('2D SPACE',''
  ) );
#17264 = PCURVE('',#17015,#17265);
#17265 = DEFINITIONAL_REPRESENTATION('',(#17266),#17270);
#17266 = B_SPLINE_CURVE_WITH_KNOTS('',2,(#17267,#17268,#17269),
  .UNSPECIFIED.,.F.,.F.,(3,3),(0.,1.),.PIECEWISE_BEZIER_KNOTS.);
#17267 = CARTESIAN_POINT('',(112.50646972656,9.159057617188));
#17268 = CARTESIAN_POINT('',(112.32080078125,9.420532226562));
#17269 = CARTESIAN_POINT('',(112.0439453125,9.420532226562));
#17270 = ( GEOMETRIC_REPRESENTATION_CONTEXT(2) 
PARAMETRIC_REPRESENTATION_CONTEXT() REPRESENTATION_CONTEXT('2D SPACE',''
  ) );
#17271 = ADVANCED_FACE('',(#17272),#15164,.T.);
#17272 = FACE_BOUND('',#17273,.T.);
#17273 = EDGE_LOOP('',(#17274,#17275,#17276,#17299));
#17274 = ORIENTED_EDGE('',*,*,#17228,.T.);
#17275 = ORIENTED_EDGE('',*,*,#15148,.T.);
#17276 = ORIENTED_EDGE('',*,*,#17277,.F.);
#17277 = EDGE_CURVE('',#17278,#15149,#17280,.T.);
#17278 = VERTEX_POINT('',#17279);
#17279 = CARTESIAN_POINT('',(31.60888671875,-8.810180664062,2.5));
#17280 = SURFACE_CURVE('',#17281,(#17285,#17292),.PCURVE_S1.);
#17281 = LINE('',#17282,#17283);
#17282 = CARTESIAN_POINT('',(31.60888671875,-8.810180664062,2.5));
#17283 = VECTOR('',#17284,1.);
#17284 = DIRECTION('',(-0.,-0.,-1.));
#17285 = PCURVE('',#15164,#17286);
#17286 = DEFINITIONAL_REPRESENTATION('',(#17287),#17291);
#17287 = LINE('',#17288,#17289);
#17288 = CARTESIAN_POINT('',(1.,0.));
#17289 = VECTOR('',#17290,1.);
#17290 = DIRECTION('',(0.,-1.));
#17291 = ( GEOMETRIC_REPRESENTATION_CONTEXT(2) 
PARAMETRIC_REPRESENTATION_CONTEXT() REPRESENTATION_CONTEXT('2D SPACE',''
  ) );
#17292 = PCURVE('',#15192,#17293);
#17293 = DEFINITIONAL_REPRESENTATION('',(#17294),#17298);
#17294 = LINE('',#17295,#17296);
#17295 = CARTESIAN_POINT('',(0.,0.));
#17296 = VECTOR('',#17297,1.);
#17297 = DIRECTION('',(0.,-1.));
#17298 = ( GEOMETRIC_REPRESENTATION_CONTEXT(2) 
PARAMETRIC_REPRESENTATION_CONTEXT() REPRESENTATION_CONTEXT('2D SPACE',''
  ) );
#17299 = ORIENTED_EDGE('',*,*,#17300,.F.);
#17300 = EDGE_CURVE('',#17229,#17278,#17301,.T.);
#17301 = SURFACE_CURVE('',#17302,(#17306,#17313),.PCURVE_S1.);
#17302 = B_SPLINE_CURVE_WITH_KNOTS('',2,(#17303,#17304,#17305),
  .UNSPECIFIED.,.F.,.F.,(3,3),(0.,1.),.PIECEWISE_BEZIER_KNOTS.);
#17303 = CARTESIAN_POINT('',(32.0439453125,-8.579467773438,2.5));
#17304 = CARTESIAN_POINT('',(31.771484375,-8.579467773438,2.5));
#17305 = CARTESIAN_POINT('',(31.60888671875,-8.810180664062,2.5));
#17306 = PCURVE('',#15164,#17307);
#17307 = DEFINITIONAL_REPRESENTATION('',(#17308),#17312);
#17308 = LINE('',#17309,#17310);
#17309 = CARTESIAN_POINT('',(0.,0.));
#17310 = VECTOR('',#17311,1.);
#17311 = DIRECTION('',(1.,0.));
#17312 = ( GEOMETRIC_REPRESENTATION_CONTEXT(2) 
PARAMETRIC_REPRESENTATION_CONTEXT() REPRESENTATION_CONTEXT('2D SPACE',''
  ) );
#17313 = PCURVE('',#17015,#17314);
#17314 = DEFINITIONAL_REPRESENTATION('',(#17315),#17319);
#17315 = B_SPLINE_CURVE_WITH_KNOTS('',2,(#17316,#17317,#17318),
  .UNSPECIFIED.,.F.,.F.,(3,3),(0.,1.),.PIECEWISE_BEZIER_KNOTS.);
#17316 = CARTESIAN_POINT('',(112.0439453125,9.420532226562));
#17317 = CARTESIAN_POINT('',(111.771484375,9.420532226562));
#17318 = CARTESIAN_POINT('',(111.60888671875,9.189819335938));
#17319 = ( GEOMETRIC_REPRESENTATION_CONTEXT(2) 
PARAMETRIC_REPRESENTATION_CONTEXT() REPRESENTATION_CONTEXT('2D SPACE',''
  ) );
#17320 = ADVANCED_FACE('',(#17321),#15192,.T.);
#17321 = FACE_BOUND('',#17322,.T.);
#17322 = EDGE_LOOP('',(#17323,#17324,#17325,#17326));
#17323 = ORIENTED_EDGE('',*,*,#17277,.T.);
#17324 = ORIENTED_EDGE('',*,*,#15178,.T.);
#17325 = ORIENTED_EDGE('',*,*,#16954,.F.);
#17326 = ORIENTED_EDGE('',*,*,#17327,.F.);
#17327 = EDGE_CURVE('',#17278,#16955,#17328,.T.);
#17328 = SURFACE_CURVE('',#17329,(#17333,#17340),.PCURVE_S1.);
#17329 = B_SPLINE_CURVE_WITH_KNOTS('',2,(#17330,#17331,#17332),
  .UNSPECIFIED.,.F.,.F.,(3,3),(0.,1.),.PIECEWISE_BEZIER_KNOTS.);
#17330 = CARTESIAN_POINT('',(31.60888671875,-8.810180664062,2.5));
#17331 = CARTESIAN_POINT('',(31.404541015625,-9.104614257812,2.5));
#17332 = CARTESIAN_POINT('',(31.404541015625,-9.897827148438,2.5));
#17333 = PCURVE('',#15192,#17334);
#17334 = DEFINITIONAL_REPRESENTATION('',(#17335),#17339);
#17335 = LINE('',#17336,#17337);
#17336 = CARTESIAN_POINT('',(0.,0.));
#17337 = VECTOR('',#17338,1.);
#17338 = DIRECTION('',(1.,0.));
#17339 = ( GEOMETRIC_REPRESENTATION_CONTEXT(2) 
PARAMETRIC_REPRESENTATION_CONTEXT() REPRESENTATION_CONTEXT('2D SPACE',''
  ) );
#17340 = PCURVE('',#17015,#17341);
#17341 = DEFINITIONAL_REPRESENTATION('',(#17342),#17346);
#17342 = B_SPLINE_CURVE_WITH_KNOTS('',2,(#17343,#17344,#17345),
  .UNSPECIFIED.,.F.,.F.,(3,3),(0.,1.),.PIECEWISE_BEZIER_KNOTS.);
#17343 = CARTESIAN_POINT('',(111.60888671875,9.189819335938));
#17344 = CARTESIAN_POINT('',(111.40454101562,8.895385742188));
#17345 = CARTESIAN_POINT('',(111.40454101562,8.102172851562));
#17346 = ( GEOMETRIC_REPRESENTATION_CONTEXT(2) 
PARAMETRIC_REPRESENTATION_CONTEXT() REPRESENTATION_CONTEXT('2D SPACE',''
  ) );
#17347 = ADVANCED_FACE('',(#17348),#15253,.T.);
#17348 = FACE_BOUND('',#17349,.T.);
#17349 = EDGE_LOOP('',(#17350,#17373,#17374,#17397));
#17350 = ORIENTED_EDGE('',*,*,#17351,.T.);
#17351 = EDGE_CURVE('',#17352,#15236,#17354,.T.);
#17352 = VERTEX_POINT('',#17353);
#17353 = CARTESIAN_POINT('',(65.9072265625,-9.897827148438,2.5));
#17354 = SURFACE_CURVE('',#17355,(#17359,#17366),.PCURVE_S1.);
#17355 = LINE('',#17356,#17357);
#17356 = CARTESIAN_POINT('',(65.9072265625,-9.897827148438,2.5));
#17357 = VECTOR('',#17358,1.);
#17358 = DIRECTION('',(-0.,-0.,-1.));
#17359 = PCURVE('',#15253,#17360);
#17360 = DEFINITIONAL_REPRESENTATION('',(#17361),#17365);
#17361 = LINE('',#17362,#17363);
#17362 = CARTESIAN_POINT('',(0.,0.));
#17363 = VECTOR('',#17364,1.);
#17364 = DIRECTION('',(0.,-1.));
#17365 = ( GEOMETRIC_REPRESENTATION_CONTEXT(2) 
PARAMETRIC_REPRESENTATION_CONTEXT() REPRESENTATION_CONTEXT('2D SPACE',''
  ) );
#17366 = PCURVE('',#15461,#17367);
#17367 = DEFINITIONAL_REPRESENTATION('',(#17368),#17372);
#17368 = LINE('',#17369,#17370);
#17369 = CARTESIAN_POINT('',(1.,0.));
#17370 = VECTOR('',#17371,1.);
#17371 = DIRECTION('',(0.,-1.));
#17372 = ( GEOMETRIC_REPRESENTATION_CONTEXT(2) 
PARAMETRIC_REPRESENTATION_CONTEXT() REPRESENTATION_CONTEXT('2D SPACE',''
  ) );
#17373 = ORIENTED_EDGE('',*,*,#15235,.T.);
#17374 = ORIENTED_EDGE('',*,*,#17375,.F.);
#17375 = EDGE_CURVE('',#17376,#15238,#17378,.T.);
#17376 = VERTEX_POINT('',#17377);
#17377 = CARTESIAN_POINT('',(66.092895507812,-10.95361328125,2.5));
#17378 = SURFACE_CURVE('',#17379,(#17383,#17390),.PCURVE_S1.);
#17379 = LINE('',#17380,#17381);
#17380 = CARTESIAN_POINT('',(66.092895507812,-10.95361328125,2.5));
#17381 = VECTOR('',#17382,1.);
#17382 = DIRECTION('',(-0.,-0.,-1.));
#17383 = PCURVE('',#15253,#17384);
#17384 = DEFINITIONAL_REPRESENTATION('',(#17385),#17389);
#17385 = LINE('',#17386,#17387);
#17386 = CARTESIAN_POINT('',(1.,0.));
#17387 = VECTOR('',#17388,1.);
#17388 = DIRECTION('',(0.,-1.));
#17389 = ( GEOMETRIC_REPRESENTATION_CONTEXT(2) 
PARAMETRIC_REPRESENTATION_CONTEXT() REPRESENTATION_CONTEXT('2D SPACE',''
  ) );
#17390 = PCURVE('',#15283,#17391);
#17391 = DEFINITIONAL_REPRESENTATION('',(#17392),#17396);
#17392 = LINE('',#17393,#17394);
#17393 = CARTESIAN_POINT('',(0.,0.));
#17394 = VECTOR('',#17395,1.);
#17395 = DIRECTION('',(0.,-1.));
#17396 = ( GEOMETRIC_REPRESENTATION_CONTEXT(2) 
PARAMETRIC_REPRESENTATION_CONTEXT() REPRESENTATION_CONTEXT('2D SPACE',''
  ) );
#17397 = ORIENTED_EDGE('',*,*,#17398,.F.);
#17398 = EDGE_CURVE('',#17352,#17376,#17399,.T.);
#17399 = SURFACE_CURVE('',#17400,(#17404,#17411),.PCURVE_S1.);
#17400 = B_SPLINE_CURVE_WITH_KNOTS('',2,(#17401,#17402,#17403),
  .UNSPECIFIED.,.F.,.F.,(3,3),(0.,1.),.PIECEWISE_BEZIER_KNOTS.);
#17401 = CARTESIAN_POINT('',(65.9072265625,-9.897827148438,2.5));
#17402 = CARTESIAN_POINT('',(65.9072265625,-10.69104003906,2.5));
#17403 = CARTESIAN_POINT('',(66.092895507812,-10.95361328125,2.5));
#17404 = PCURVE('',#15253,#17405);
#17405 = DEFINITIONAL_REPRESENTATION('',(#17406),#17410);
#17406 = LINE('',#17407,#17408);
#17407 = CARTESIAN_POINT('',(0.,0.));
#17408 = VECTOR('',#17409,1.);
#17409 = DIRECTION('',(1.,0.));
#17410 = ( GEOMETRIC_REPRESENTATION_CONTEXT(2) 
PARAMETRIC_REPRESENTATION_CONTEXT() REPRESENTATION_CONTEXT('2D SPACE',''
  ) );
#17411 = PCURVE('',#17412,#17417);
#17412 = PLANE('',#17413);
#17413 = AXIS2_PLACEMENT_3D('',#17414,#17415,#17416);
#17414 = CARTESIAN_POINT('',(-80.,-18.,2.5));
#17415 = DIRECTION('',(0.,0.,1.));
#17416 = DIRECTION('',(1.,0.,0.));
#17417 = DEFINITIONAL_REPRESENTATION('',(#17418),#17422);
#17418 = B_SPLINE_CURVE_WITH_KNOTS('',2,(#17419,#17420,#17421),
  .UNSPECIFIED.,.F.,.F.,(3,3),(0.,1.),.PIECEWISE_BEZIER_KNOTS.);
#17419 = CARTESIAN_POINT('',(145.9072265625,8.102172851562));
#17420 = CARTESIAN_POINT('',(145.9072265625,7.308959960938));
#17421 = CARTESIAN_POINT('',(146.09289550781,7.04638671875));
#17422 = ( GEOMETRIC_REPRESENTATION_CONTEXT(2) 
PARAMETRIC_REPRESENTATION_CONTEXT() REPRESENTATION_CONTEXT('2D SPACE',''
  ) );
#17423 = ADVANCED_FACE('',(#17424),#15283,.T.);
#17424 = FACE_BOUND('',#17425,.T.);
#17425 = EDGE_LOOP('',(#17426,#17427,#17428,#17451));
#17426 = ORIENTED_EDGE('',*,*,#17375,.T.);
#17427 = ORIENTED_EDGE('',*,*,#15267,.T.);
#17428 = ORIENTED_EDGE('',*,*,#17429,.F.);
#17429 = EDGE_CURVE('',#17430,#15268,#17432,.T.);
#17430 = VERTEX_POINT('',#17431);
#17431 = CARTESIAN_POINT('',(66.551025390625,-11.21618652343,2.5));
#17432 = SURFACE_CURVE('',#17433,(#17437,#17444),.PCURVE_S1.);
#17433 = LINE('',#17434,#17435);
#17434 = CARTESIAN_POINT('',(66.551025390625,-11.21618652343,2.5));
#17435 = VECTOR('',#17436,1.);
#17436 = DIRECTION('',(-0.,-0.,-1.));
#17437 = PCURVE('',#15283,#17438);
#17438 = DEFINITIONAL_REPRESENTATION('',(#17439),#17443);
#17439 = LINE('',#17440,#17441);
#17440 = CARTESIAN_POINT('',(1.,0.));
#17441 = VECTOR('',#17442,1.);
#17442 = DIRECTION('',(0.,-1.));
#17443 = ( GEOMETRIC_REPRESENTATION_CONTEXT(2) 
PARAMETRIC_REPRESENTATION_CONTEXT() REPRESENTATION_CONTEXT('2D SPACE',''
  ) );
#17444 = PCURVE('',#15313,#17445);
#17445 = DEFINITIONAL_REPRESENTATION('',(#17446),#17450);
#17446 = LINE('',#17447,#17448);
#17447 = CARTESIAN_POINT('',(0.,0.));
#17448 = VECTOR('',#17449,1.);
#17449 = DIRECTION('',(0.,-1.));
#17450 = ( GEOMETRIC_REPRESENTATION_CONTEXT(2) 
PARAMETRIC_REPRESENTATION_CONTEXT() REPRESENTATION_CONTEXT('2D SPACE',''
  ) );
#17451 = ORIENTED_EDGE('',*,*,#17452,.F.);
#17452 = EDGE_CURVE('',#17376,#17430,#17453,.T.);
#17453 = SURFACE_CURVE('',#17454,(#17458,#17465),.PCURVE_S1.);
#17454 = B_SPLINE_CURVE_WITH_KNOTS('',2,(#17455,#17456,#17457),
  .UNSPECIFIED.,.F.,.F.,(3,3),(0.,1.),.PIECEWISE_BEZIER_KNOTS.);
#17455 = CARTESIAN_POINT('',(66.092895507812,-10.95361328125,2.5));
#17456 = CARTESIAN_POINT('',(66.278564453125,-11.21618652343,2.5));
#17457 = CARTESIAN_POINT('',(66.551025390625,-11.21618652343,2.5));
#17458 = PCURVE('',#15283,#17459);
#17459 = DEFINITIONAL_REPRESENTATION('',(#17460),#17464);
#17460 = LINE('',#17461,#17462);
#17461 = CARTESIAN_POINT('',(0.,0.));
#17462 = VECTOR('',#17463,1.);
#17463 = DIRECTION('',(1.,0.));
#17464 = ( GEOMETRIC_REPRESENTATION_CONTEXT(2) 
PARAMETRIC_REPRESENTATION_CONTEXT() REPRESENTATION_CONTEXT('2D SPACE',''
  ) );
#17465 = PCURVE('',#17412,#17466);
#17466 = DEFINITIONAL_REPRESENTATION('',(#17467),#17471);
#17467 = B_SPLINE_CURVE_WITH_KNOTS('',2,(#17468,#17469,#17470),
  .UNSPECIFIED.,.F.,.F.,(3,3),(0.,1.),.PIECEWISE_BEZIER_KNOTS.);
#17468 = CARTESIAN_POINT('',(146.09289550781,7.04638671875));
#17469 = CARTESIAN_POINT('',(146.27856445312,6.783813476562));
#17470 = CARTESIAN_POINT('',(146.55102539062,6.783813476562));
#17471 = ( GEOMETRIC_REPRESENTATION_CONTEXT(2) 
PARAMETRIC_REPRESENTATION_CONTEXT() REPRESENTATION_CONTEXT('2D SPACE',''
  ) );
#17472 = ADVANCED_FACE('',(#17473),#15313,.T.);
#17473 = FACE_BOUND('',#17474,.T.);
#17474 = EDGE_LOOP('',(#17475,#17476,#17477,#17500));
#17475 = ORIENTED_EDGE('',*,*,#17429,.T.);
#17476 = ORIENTED_EDGE('',*,*,#15297,.T.);
#17477 = ORIENTED_EDGE('',*,*,#17478,.F.);
#17478 = EDGE_CURVE('',#17479,#15298,#17481,.T.);
#17479 = VERTEX_POINT('',#17480);
#17480 = CARTESIAN_POINT('',(67.009155273438,-10.95251464843,2.5));
#17481 = SURFACE_CURVE('',#17482,(#17486,#17493),.PCURVE_S1.);
#17482 = LINE('',#17483,#17484);
#17483 = CARTESIAN_POINT('',(67.009155273438,-10.95251464843,2.5));
#17484 = VECTOR('',#17485,1.);
#17485 = DIRECTION('',(-0.,-0.,-1.));
#17486 = PCURVE('',#15313,#17487);
#17487 = DEFINITIONAL_REPRESENTATION('',(#17488),#17492);
#17488 = LINE('',#17489,#17490);
#17489 = CARTESIAN_POINT('',(1.,0.));
#17490 = VECTOR('',#17491,1.);
#17491 = DIRECTION('',(0.,-1.));
#17492 = ( GEOMETRIC_REPRESENTATION_CONTEXT(2) 
PARAMETRIC_REPRESENTATION_CONTEXT() REPRESENTATION_CONTEXT('2D SPACE',''
  ) );
#17493 = PCURVE('',#15343,#17494);
#17494 = DEFINITIONAL_REPRESENTATION('',(#17495),#17499);
#17495 = LINE('',#17496,#17497);
#17496 = CARTESIAN_POINT('',(0.,0.));
#17497 = VECTOR('',#17498,1.);
#17498 = DIRECTION('',(0.,-1.));
#17499 = ( GEOMETRIC_REPRESENTATION_CONTEXT(2) 
PARAMETRIC_REPRESENTATION_CONTEXT() REPRESENTATION_CONTEXT('2D SPACE',''
  ) );
#17500 = ORIENTED_EDGE('',*,*,#17501,.F.);
#17501 = EDGE_CURVE('',#17430,#17479,#17502,.T.);
#17502 = SURFACE_CURVE('',#17503,(#17507,#17514),.PCURVE_S1.);
#17503 = B_SPLINE_CURVE_WITH_KNOTS('',2,(#17504,#17505,#17506),
  .UNSPECIFIED.,.F.,.F.,(3,3),(0.,1.),.PIECEWISE_BEZIER_KNOTS.);
#17504 = CARTESIAN_POINT('',(66.551025390625,-11.21618652343,2.5));
#17505 = CARTESIAN_POINT('',(66.823486328125,-11.21618652343,2.5));
#17506 = CARTESIAN_POINT('',(67.009155273438,-10.95251464843,2.5));
#17507 = PCURVE('',#15313,#17508);
#17508 = DEFINITIONAL_REPRESENTATION('',(#17509),#17513);
#17509 = LINE('',#17510,#17511);
#17510 = CARTESIAN_POINT('',(0.,0.));
#17511 = VECTOR('',#17512,1.);
#17512 = DIRECTION('',(1.,0.));
#17513 = ( GEOMETRIC_REPRESENTATION_CONTEXT(2) 
PARAMETRIC_REPRESENTATION_CONTEXT() REPRESENTATION_CONTEXT('2D SPACE',''
  ) );
#17514 = PCURVE('',#17412,#17515);
#17515 = DEFINITIONAL_REPRESENTATION('',(#17516),#17520);
#17516 = B_SPLINE_CURVE_WITH_KNOTS('',2,(#17517,#17518,#17519),
  .UNSPECIFIED.,.F.,.F.,(3,3),(0.,1.),.PIECEWISE_BEZIER_KNOTS.);
#17517 = CARTESIAN_POINT('',(146.55102539062,6.783813476562));
#17518 = CARTESIAN_POINT('',(146.82348632812,6.783813476562));
#17519 = CARTESIAN_POINT('',(147.00915527343,7.047485351562));
#17520 = ( GEOMETRIC_REPRESENTATION_CONTEXT(2) 
PARAMETRIC_REPRESENTATION_CONTEXT() REPRESENTATION_CONTEXT('2D SPACE',''
  ) );
#17521 = ADVANCED_FACE('',(#17522),#15343,.T.);
#17522 = FACE_BOUND('',#17523,.T.);
#17523 = EDGE_LOOP('',(#17524,#17525,#17526,#17549));
#17524 = ORIENTED_EDGE('',*,*,#17478,.T.);
#17525 = ORIENTED_EDGE('',*,*,#15327,.T.);
#17526 = ORIENTED_EDGE('',*,*,#17527,.F.);
#17527 = EDGE_CURVE('',#17528,#15328,#17530,.T.);
#17528 = VERTEX_POINT('',#17529);
#17529 = CARTESIAN_POINT('',(67.19482421875,-9.897827148438,2.5));
#17530 = SURFACE_CURVE('',#17531,(#17535,#17542),.PCURVE_S1.);
#17531 = LINE('',#17532,#17533);
#17532 = CARTESIAN_POINT('',(67.19482421875,-9.897827148438,2.5));
#17533 = VECTOR('',#17534,1.);
#17534 = DIRECTION('',(-0.,-0.,-1.));
#17535 = PCURVE('',#15343,#17536);
#17536 = DEFINITIONAL_REPRESENTATION('',(#17537),#17541);
#17537 = LINE('',#17538,#17539);
#17538 = CARTESIAN_POINT('',(1.,0.));
#17539 = VECTOR('',#17540,1.);
#17540 = DIRECTION('',(0.,-1.));
#17541 = ( GEOMETRIC_REPRESENTATION_CONTEXT(2) 
PARAMETRIC_REPRESENTATION_CONTEXT() REPRESENTATION_CONTEXT('2D SPACE',''
  ) );
#17542 = PCURVE('',#15373,#17543);
#17543 = DEFINITIONAL_REPRESENTATION('',(#17544),#17548);
#17544 = LINE('',#17545,#17546);
#17545 = CARTESIAN_POINT('',(0.,0.));
#17546 = VECTOR('',#17547,1.);
#17547 = DIRECTION('',(0.,-1.));
#17548 = ( GEOMETRIC_REPRESENTATION_CONTEXT(2) 
PARAMETRIC_REPRESENTATION_CONTEXT() REPRESENTATION_CONTEXT('2D SPACE',''
  ) );
#17549 = ORIENTED_EDGE('',*,*,#17550,.F.);
#17550 = EDGE_CURVE('',#17479,#17528,#17551,.T.);
#17551 = SURFACE_CURVE('',#17552,(#17556,#17563),.PCURVE_S1.);
#17552 = B_SPLINE_CURVE_WITH_KNOTS('',2,(#17553,#17554,#17555),
  .UNSPECIFIED.,.F.,.F.,(3,3),(0.,1.),.PIECEWISE_BEZIER_KNOTS.);
#17553 = CARTESIAN_POINT('',(67.009155273438,-10.95251464843,2.5));
#17554 = CARTESIAN_POINT('',(67.19482421875,-10.68884277343,2.5));
#17555 = CARTESIAN_POINT('',(67.19482421875,-9.897827148438,2.5));
#17556 = PCURVE('',#15343,#17557);
#17557 = DEFINITIONAL_REPRESENTATION('',(#17558),#17562);
#17558 = LINE('',#17559,#17560);
#17559 = CARTESIAN_POINT('',(0.,0.));
#17560 = VECTOR('',#17561,1.);
#17561 = DIRECTION('',(1.,0.));
#17562 = ( GEOMETRIC_REPRESENTATION_CONTEXT(2) 
PARAMETRIC_REPRESENTATION_CONTEXT() REPRESENTATION_CONTEXT('2D SPACE',''
  ) );
#17563 = PCURVE('',#17412,#17564);
#17564 = DEFINITIONAL_REPRESENTATION('',(#17565),#17569);
#17565 = B_SPLINE_CURVE_WITH_KNOTS('',2,(#17566,#17567,#17568),
  .UNSPECIFIED.,.F.,.F.,(3,3),(0.,1.),.PIECEWISE_BEZIER_KNOTS.);
#17566 = CARTESIAN_POINT('',(147.00915527343,7.047485351562));
#17567 = CARTESIAN_POINT('',(147.19482421875,7.311157226562));
#17568 = CARTESIAN_POINT('',(147.19482421875,8.102172851562));
#17569 = ( GEOMETRIC_REPRESENTATION_CONTEXT(2) 
PARAMETRIC_REPRESENTATION_CONTEXT() REPRESENTATION_CONTEXT('2D SPACE',''
  ) );
#17570 = ADVANCED_FACE('',(#17571),#15373,.T.);
#17571 = FACE_BOUND('',#17572,.T.);
#17572 = EDGE_LOOP('',(#17573,#17574,#17575,#17598));
#17573 = ORIENTED_EDGE('',*,*,#17527,.T.);
#17574 = ORIENTED_EDGE('',*,*,#15357,.T.);
#17575 = ORIENTED_EDGE('',*,*,#17576,.F.);
#17576 = EDGE_CURVE('',#17577,#15358,#17579,.T.);
#17577 = VERTEX_POINT('',#17578);
#17578 = CARTESIAN_POINT('',(67.009155273438,-8.840942382812,2.5));
#17579 = SURFACE_CURVE('',#17580,(#17584,#17591),.PCURVE_S1.);
#17580 = LINE('',#17581,#17582);
#17581 = CARTESIAN_POINT('',(67.009155273438,-8.840942382812,2.5));
#17582 = VECTOR('',#17583,1.);
#17583 = DIRECTION('',(-0.,-0.,-1.));
#17584 = PCURVE('',#15373,#17585);
#17585 = DEFINITIONAL_REPRESENTATION('',(#17586),#17590);
#17586 = LINE('',#17587,#17588);
#17587 = CARTESIAN_POINT('',(1.,0.));
#17588 = VECTOR('',#17589,1.);
#17589 = DIRECTION('',(0.,-1.));
#17590 = ( GEOMETRIC_REPRESENTATION_CONTEXT(2) 
PARAMETRIC_REPRESENTATION_CONTEXT() REPRESENTATION_CONTEXT('2D SPACE',''
  ) );
#17591 = PCURVE('',#15403,#17592);
#17592 = DEFINITIONAL_REPRESENTATION('',(#17593),#17597);
#17593 = LINE('',#17594,#17595);
#17594 = CARTESIAN_POINT('',(0.,0.));
#17595 = VECTOR('',#17596,1.);
#17596 = DIRECTION('',(0.,-1.));
#17597 = ( GEOMETRIC_REPRESENTATION_CONTEXT(2) 
PARAMETRIC_REPRESENTATION_CONTEXT() REPRESENTATION_CONTEXT('2D SPACE',''
  ) );
#17598 = ORIENTED_EDGE('',*,*,#17599,.F.);
#17599 = EDGE_CURVE('',#17528,#17577,#17600,.T.);
#17600 = SURFACE_CURVE('',#17601,(#17605,#17612),.PCURVE_S1.);
#17601 = B_SPLINE_CURVE_WITH_KNOTS('',2,(#17602,#17603,#17604),
  .UNSPECIFIED.,.F.,.F.,(3,3),(0.,1.),.PIECEWISE_BEZIER_KNOTS.);
#17602 = CARTESIAN_POINT('',(67.19482421875,-9.897827148438,2.5));
#17603 = CARTESIAN_POINT('',(67.19482421875,-9.102416992188,2.5));
#17604 = CARTESIAN_POINT('',(67.009155273438,-8.840942382812,2.5));
#17605 = PCURVE('',#15373,#17606);
#17606 = DEFINITIONAL_REPRESENTATION('',(#17607),#17611);
#17607 = LINE('',#17608,#17609);
#17608 = CARTESIAN_POINT('',(0.,0.));
#17609 = VECTOR('',#17610,1.);
#17610 = DIRECTION('',(1.,0.));
#17611 = ( GEOMETRIC_REPRESENTATION_CONTEXT(2) 
PARAMETRIC_REPRESENTATION_CONTEXT() REPRESENTATION_CONTEXT('2D SPACE',''
  ) );
#17612 = PCURVE('',#17412,#17613);
#17613 = DEFINITIONAL_REPRESENTATION('',(#17614),#17618);
#17614 = B_SPLINE_CURVE_WITH_KNOTS('',2,(#17615,#17616,#17617),
  .UNSPECIFIED.,.F.,.F.,(3,3),(0.,1.),.PIECEWISE_BEZIER_KNOTS.);
#17615 = CARTESIAN_POINT('',(147.19482421875,8.102172851562));
#17616 = CARTESIAN_POINT('',(147.19482421875,8.897583007812));
#17617 = CARTESIAN_POINT('',(147.00915527343,9.159057617188));
#17618 = ( GEOMETRIC_REPRESENTATION_CONTEXT(2) 
PARAMETRIC_REPRESENTATION_CONTEXT() REPRESENTATION_CONTEXT('2D SPACE',''
  ) );
#17619 = ADVANCED_FACE('',(#17620),#15403,.T.);
#17620 = FACE_BOUND('',#17621,.T.);
#17621 = EDGE_LOOP('',(#17622,#17623,#17624,#17647));
#17622 = ORIENTED_EDGE('',*,*,#17576,.T.);
#17623 = ORIENTED_EDGE('',*,*,#15387,.T.);
#17624 = ORIENTED_EDGE('',*,*,#17625,.F.);
#17625 = EDGE_CURVE('',#17626,#15388,#17628,.T.);
#17626 = VERTEX_POINT('',#17627);
#17627 = CARTESIAN_POINT('',(66.546630859375,-8.579467773438,2.5));
#17628 = SURFACE_CURVE('',#17629,(#17633,#17640),.PCURVE_S1.);
#17629 = LINE('',#17630,#17631);
#17630 = CARTESIAN_POINT('',(66.546630859375,-8.579467773438,2.5));
#17631 = VECTOR('',#17632,1.);
#17632 = DIRECTION('',(-0.,-0.,-1.));
#17633 = PCURVE('',#15403,#17634);
#17634 = DEFINITIONAL_REPRESENTATION('',(#17635),#17639);
#17635 = LINE('',#17636,#17637);
#17636 = CARTESIAN_POINT('',(1.,0.));
#17637 = VECTOR('',#17638,1.);
#17638 = DIRECTION('',(0.,-1.));
#17639 = ( GEOMETRIC_REPRESENTATION_CONTEXT(2) 
PARAMETRIC_REPRESENTATION_CONTEXT() REPRESENTATION_CONTEXT('2D SPACE',''
  ) );
#17640 = PCURVE('',#15433,#17641);
#17641 = DEFINITIONAL_REPRESENTATION('',(#17642),#17646);
#17642 = LINE('',#17643,#17644);
#17643 = CARTESIAN_POINT('',(0.,0.));
#17644 = VECTOR('',#17645,1.);
#17645 = DIRECTION('',(0.,-1.));
#17646 = ( GEOMETRIC_REPRESENTATION_CONTEXT(2) 
PARAMETRIC_REPRESENTATION_CONTEXT() REPRESENTATION_CONTEXT('2D SPACE',''
  ) );
#17647 = ORIENTED_EDGE('',*,*,#17648,.F.);
#17648 = EDGE_CURVE('',#17577,#17626,#17649,.T.);
#17649 = SURFACE_CURVE('',#17650,(#17654,#17661),.PCURVE_S1.);
#17650 = B_SPLINE_CURVE_WITH_KNOTS('',2,(#17651,#17652,#17653),
  .UNSPECIFIED.,.F.,.F.,(3,3),(0.,1.),.PIECEWISE_BEZIER_KNOTS.);
#17651 = CARTESIAN_POINT('',(67.009155273438,-8.840942382812,2.5));
#17652 = CARTESIAN_POINT('',(66.823486328125,-8.579467773438,2.5));
#17653 = CARTESIAN_POINT('',(66.546630859375,-8.579467773438,2.5));
#17654 = PCURVE('',#15403,#17655);
#17655 = DEFINITIONAL_REPRESENTATION('',(#17656),#17660);
#17656 = LINE('',#17657,#17658);
#17657 = CARTESIAN_POINT('',(0.,0.));
#17658 = VECTOR('',#17659,1.);
#17659 = DIRECTION('',(1.,0.));
#17660 = ( GEOMETRIC_REPRESENTATION_CONTEXT(2) 
PARAMETRIC_REPRESENTATION_CONTEXT() REPRESENTATION_CONTEXT('2D SPACE',''
  ) );
#17661 = PCURVE('',#17412,#17662);
#17662 = DEFINITIONAL_REPRESENTATION('',(#17663),#17667);
#17663 = B_SPLINE_CURVE_WITH_KNOTS('',2,(#17664,#17665,#17666),
  .UNSPECIFIED.,.F.,.F.,(3,3),(0.,1.),.PIECEWISE_BEZIER_KNOTS.);
#17664 = CARTESIAN_POINT('',(147.00915527343,9.159057617188));
#17665 = CARTESIAN_POINT('',(146.82348632812,9.420532226562));
#17666 = CARTESIAN_POINT('',(146.54663085937,9.420532226562));
#17667 = ( GEOMETRIC_REPRESENTATION_CONTEXT(2) 
PARAMETRIC_REPRESENTATION_CONTEXT() REPRESENTATION_CONTEXT('2D SPACE',''
  ) );
#17668 = ADVANCED_FACE('',(#17669),#15433,.T.);
#17669 = FACE_BOUND('',#17670,.T.);
#17670 = EDGE_LOOP('',(#17671,#17672,#17673,#17696));
#17671 = ORIENTED_EDGE('',*,*,#17625,.T.);
#17672 = ORIENTED_EDGE('',*,*,#15417,.T.);
#17673 = ORIENTED_EDGE('',*,*,#17674,.F.);
#17674 = EDGE_CURVE('',#17675,#15418,#17677,.T.);
#17675 = VERTEX_POINT('',#17676);
#17676 = CARTESIAN_POINT('',(66.111572265625,-8.810180664062,2.5));
#17677 = SURFACE_CURVE('',#17678,(#17682,#17689),.PCURVE_S1.);
#17678 = LINE('',#17679,#17680);
#17679 = CARTESIAN_POINT('',(66.111572265625,-8.810180664062,2.5));
#17680 = VECTOR('',#17681,1.);
#17681 = DIRECTION('',(-0.,-0.,-1.));
#17682 = PCURVE('',#15433,#17683);
#17683 = DEFINITIONAL_REPRESENTATION('',(#17684),#17688);
#17684 = LINE('',#17685,#17686);
#17685 = CARTESIAN_POINT('',(1.,0.));
#17686 = VECTOR('',#17687,1.);
#17687 = DIRECTION('',(0.,-1.));
#17688 = ( GEOMETRIC_REPRESENTATION_CONTEXT(2) 
PARAMETRIC_REPRESENTATION_CONTEXT() REPRESENTATION_CONTEXT('2D SPACE',''
  ) );
#17689 = PCURVE('',#15461,#17690);
#17690 = DEFINITIONAL_REPRESENTATION('',(#17691),#17695);
#17691 = LINE('',#17692,#17693);
#17692 = CARTESIAN_POINT('',(0.,0.));
#17693 = VECTOR('',#17694,1.);
#17694 = DIRECTION('',(0.,-1.));
#17695 = ( GEOMETRIC_REPRESENTATION_CONTEXT(2) 
PARAMETRIC_REPRESENTATION_CONTEXT() REPRESENTATION_CONTEXT('2D SPACE',''
  ) );
#17696 = ORIENTED_EDGE('',*,*,#17697,.F.);
#17697 = EDGE_CURVE('',#17626,#17675,#17698,.T.);
#17698 = SURFACE_CURVE('',#17699,(#17703,#17710),.PCURVE_S1.);
#17699 = B_SPLINE_CURVE_WITH_KNOTS('',2,(#17700,#17701,#17702),
  .UNSPECIFIED.,.F.,.F.,(3,3),(0.,1.),.PIECEWISE_BEZIER_KNOTS.);
#17700 = CARTESIAN_POINT('',(66.546630859375,-8.579467773438,2.5));
#17701 = CARTESIAN_POINT('',(66.274169921875,-8.579467773438,2.5));
#17702 = CARTESIAN_POINT('',(66.111572265625,-8.810180664062,2.5));
#17703 = PCURVE('',#15433,#17704);
#17704 = DEFINITIONAL_REPRESENTATION('',(#17705),#17709);
#17705 = LINE('',#17706,#17707);
#17706 = CARTESIAN_POINT('',(0.,0.));
#17707 = VECTOR('',#17708,1.);
#17708 = DIRECTION('',(1.,0.));
#17709 = ( GEOMETRIC_REPRESENTATION_CONTEXT(2) 
PARAMETRIC_REPRESENTATION_CONTEXT() REPRESENTATION_CONTEXT('2D SPACE',''
  ) );
#17710 = PCURVE('',#17412,#17711);
#17711 = DEFINITIONAL_REPRESENTATION('',(#17712),#17716);
#17712 = B_SPLINE_CURVE_WITH_KNOTS('',2,(#17713,#17714,#17715),
  .UNSPECIFIED.,.F.,.F.,(3,3),(0.,1.),.PIECEWISE_BEZIER_KNOTS.);
#17713 = CARTESIAN_POINT('',(146.54663085937,9.420532226562));
#17714 = CARTESIAN_POINT('',(146.27416992187,9.420532226562));
#17715 = CARTESIAN_POINT('',(146.11157226562,9.189819335938));
#17716 = ( GEOMETRIC_REPRESENTATION_CONTEXT(2) 
PARAMETRIC_REPRESENTATION_CONTEXT() REPRESENTATION_CONTEXT('2D SPACE',''
  ) );
#17717 = ADVANCED_FACE('',(#17718),#15461,.T.);
#17718 = FACE_BOUND('',#17719,.T.);
#17719 = EDGE_LOOP('',(#17720,#17721,#17722,#17723));
#17720 = ORIENTED_EDGE('',*,*,#17674,.T.);
#17721 = ORIENTED_EDGE('',*,*,#15447,.T.);
#17722 = ORIENTED_EDGE('',*,*,#17351,.F.);
#17723 = ORIENTED_EDGE('',*,*,#17724,.F.);
#17724 = EDGE_CURVE('',#17675,#17352,#17725,.T.);
#17725 = SURFACE_CURVE('',#17726,(#17730,#17737),.PCURVE_S1.);
#17726 = B_SPLINE_CURVE_WITH_KNOTS('',2,(#17727,#17728,#17729),
  .UNSPECIFIED.,.F.,.F.,(3,3),(0.,1.),.PIECEWISE_BEZIER_KNOTS.);
#17727 = CARTESIAN_POINT('',(66.111572265625,-8.810180664062,2.5));
#17728 = CARTESIAN_POINT('',(65.9072265625,-9.104614257812,2.5));
#17729 = CARTESIAN_POINT('',(65.9072265625,-9.897827148438,2.5));
#17730 = PCURVE('',#15461,#17731);
#17731 = DEFINITIONAL_REPRESENTATION('',(#17732),#17736);
#17732 = LINE('',#17733,#17734);
#17733 = CARTESIAN_POINT('',(0.,0.));
#17734 = VECTOR('',#17735,1.);
#17735 = DIRECTION('',(1.,0.));
#17736 = ( GEOMETRIC_REPRESENTATION_CONTEXT(2) 
PARAMETRIC_REPRESENTATION_CONTEXT() REPRESENTATION_CONTEXT('2D SPACE',''
  ) );
#17737 = PCURVE('',#17412,#17738);
#17738 = DEFINITIONAL_REPRESENTATION('',(#17739),#17743);
#17739 = B_SPLINE_CURVE_WITH_KNOTS('',2,(#17740,#17741,#17742),
  .UNSPECIFIED.,.F.,.F.,(3,3),(0.,1.),.PIECEWISE_BEZIER_KNOTS.);
#17740 = CARTESIAN_POINT('',(146.11157226562,9.189819335938));
#17741 = CARTESIAN_POINT('',(145.9072265625,8.895385742188));
#17742 = CARTESIAN_POINT('',(145.9072265625,8.102172851562));
#17743 = ( GEOMETRIC_REPRESENTATION_CONTEXT(2) 
PARAMETRIC_REPRESENTATION_CONTEXT() REPRESENTATION_CONTEXT('2D SPACE',''
  ) );
#17744 = ADVANCED_FACE('',(#17745),#15824,.T.);
#17745 = FACE_BOUND('',#17746,.T.);
#17746 = EDGE_LOOP('',(#17747,#17748,#17749,#17750,#17751,#17752,#17753,
    #17754));
#17747 = ORIENTED_EDGE('',*,*,#16136,.T.);
#17748 = ORIENTED_EDGE('',*,*,#15810,.T.);
#17749 = ORIENTED_EDGE('',*,*,#15864,.T.);
#17750 = ORIENTED_EDGE('',*,*,#15913,.T.);
#17751 = ORIENTED_EDGE('',*,*,#15962,.T.);
#17752 = ORIENTED_EDGE('',*,*,#16011,.T.);
#17753 = ORIENTED_EDGE('',*,*,#16060,.T.);
#17754 = ORIENTED_EDGE('',*,*,#16109,.T.);
#17755 = ADVANCED_FACE('',(#17756),#16221,.T.);
#17756 = FACE_BOUND('',#17757,.T.);
#17757 = EDGE_LOOP('',(#17758,#17759,#17760,#17761,#17762,#17763,#17764,
    #17765));
#17758 = ORIENTED_EDGE('',*,*,#16533,.T.);
#17759 = ORIENTED_EDGE('',*,*,#16207,.T.);
#17760 = ORIENTED_EDGE('',*,*,#16261,.T.);
#17761 = ORIENTED_EDGE('',*,*,#16310,.T.);
#17762 = ORIENTED_EDGE('',*,*,#16359,.T.);
#17763 = ORIENTED_EDGE('',*,*,#16408,.T.);
#17764 = ORIENTED_EDGE('',*,*,#16457,.T.);
#17765 = ORIENTED_EDGE('',*,*,#16506,.T.);
#17766 = ADVANCED_FACE('',(#17767),#16618,.T.);
#17767 = FACE_BOUND('',#17768,.T.);
#17768 = EDGE_LOOP('',(#17769,#17770,#17771,#17772,#17773,#17774,#17775,
    #17776));
#17769 = ORIENTED_EDGE('',*,*,#16930,.T.);
#17770 = ORIENTED_EDGE('',*,*,#16604,.T.);
#17771 = ORIENTED_EDGE('',*,*,#16658,.T.);
#17772 = ORIENTED_EDGE('',*,*,#16707,.T.);
#17773 = ORIENTED_EDGE('',*,*,#16756,.T.);
#17774 = ORIENTED_EDGE('',*,*,#16805,.T.);
#17775 = ORIENTED_EDGE('',*,*,#16854,.T.);
#17776 = ORIENTED_EDGE('',*,*,#16903,.T.);
#17777 = ADVANCED_FACE('',(#17778),#17015,.T.);
#17778 = FACE_BOUND('',#17779,.T.);
#17779 = EDGE_LOOP('',(#17780,#17781,#17782,#17783,#17784,#17785,#17786,
    #17787));
#17780 = ORIENTED_EDGE('',*,*,#17327,.T.);
#17781 = ORIENTED_EDGE('',*,*,#17001,.T.);
#17782 = ORIENTED_EDGE('',*,*,#17055,.T.);
#17783 = ORIENTED_EDGE('',*,*,#17104,.T.);
#17784 = ORIENTED_EDGE('',*,*,#17153,.T.);
#17785 = ORIENTED_EDGE('',*,*,#17202,.T.);
#17786 = ORIENTED_EDGE('',*,*,#17251,.T.);
#17787 = ORIENTED_EDGE('',*,*,#17300,.T.);
#17788 = ADVANCED_FACE('',(#17789),#17412,.T.);
#17789 = FACE_BOUND('',#17790,.T.);
#17790 = EDGE_LOOP('',(#17791,#17792,#17793,#17794,#17795,#17796,#17797,
    #17798));
#17791 = ORIENTED_EDGE('',*,*,#17724,.T.);
#17792 = ORIENTED_EDGE('',*,*,#17398,.T.);
#17793 = ORIENTED_EDGE('',*,*,#17452,.T.);
#17794 = ORIENTED_EDGE('',*,*,#17501,.T.);
#17795 = ORIENTED_EDGE('',*,*,#17550,.T.);
#17796 = ORIENTED_EDGE('',*,*,#17599,.T.);
#17797 = ORIENTED_EDGE('',*,*,#17648,.T.);
#17798 = ORIENTED_EDGE('',*,*,#17697,.T.);
#17799 = ( GEOMETRIC_REPRESENTATION_CONTEXT(3) 
GLOBAL_UNCERTAINTY_ASSIGNED_CONTEXT((#17803)) 
GLOBAL_UNIT_ASSIGNED_CONTEXT((#17800,#17801,#17802)) 
REPRESENTATION_CONTEXT('Context #1',
  '3D Context with UNIT and UNCERTAINTY') );
#17800 = ( LENGTH_UNIT() NAMED_UNIT(*) SI_UNIT(.MILLI.,.METRE.) );
#17801 = ( NAMED_UNIT(*) PLANE_ANGLE_UNIT() SI_UNIT($,.RADIAN.) );
#17802 = ( NAMED_UNIT(*) SI_UNIT($,.STERADIAN.) SOLID_ANGLE_UNIT() );
#17803 = UNCERTAINTY_MEASURE_WITH_UNIT(LENGTH_MEASURE(1.E-07),#17800,
  'distance_accuracy_value','confusion accuracy');
#17804 = PRODUCT_RELATED_PRODUCT_CATEGORY('part',$,(#7));
ENDSEC;
END-ISO-10303-21;
